baseline,seed,seat_type,opp_seat_type,score,rounds,score_per_round,coop
TitForTat,1,SEAT,SEAT,8070,2690,3.0,1.0
TitForTat,1,SEAT,TitForTat,2706,902,3.0,1.0
TitForTat,1,TitForTat,SEAT,2706,902,3.0,1.0
TitForTat,1,SEAT,Grudger,1458,486,3.0,1.0
TitForTat,1,Grudger,SEAT,1458,486,3.0,1.0
TitForTat,1,SEAT,AlwaysDefect,433,457,0.9474835886214442,0.0525164113785558
TitForTat,1,AlwaysDefect,SEAT,553,457,1.2100656455142231,0.0
TitForTat,1,SEAT,Random,955,441,2.165532879818594,0.5056689342403629
TitForTat,1,Random,SEAT,1005,441,2.2789115646258504,0.48299319727891155
TitForTat,1,SEAT,Pavlov,1230,410,3.0,1.0
TitForTat,1,Pavlov,SEAT,1230,410,3.0,1.0
TitForTat,1,TitForTat,TitForTat,864,288,3.0,1.0
TitForTat,1,TitForTat,Grudger,609,203,3.0,1.0
TitForTat,1,Grudger,TitForTat,609,203,3.0,1.0
TitForTat,1,TitForTat,AlwaysDefect,193,201,0.9601990049751243,0.03980099502487562
TitForTat,1,AlwaysDefect,TitForTat,233,201,1.1592039800995024,0.0
TitForTat,1,TitForTat,Random,429,195,2.2,0.5128205128205128
TitForTat,1,Random,TitForTat,449,195,2.3025641025641024,0.49230769230769234
TitForTat,1,TitForTat,Pavlov,426,142,3.0,1.0
TitForTat,1,Pavlov,TitForTat,426,142,3.0,1.0
TitForTat,1,Grudger,Grudger,6,2,3.0,1.0
TitForTat,1,Grudger,AlwaysDefect,69,73,0.9452054794520548,0.0547945205479452
TitForTat,1,AlwaysDefect,Grudger,89,73,1.2191780821917808,0.0
TitForTat,1,Grudger,Random,300,100,3.0,0.08
TitForTat,1,Random,Grudger,75,100,0.75,0.53
TitForTat,1,Grudger,Pavlov,171,57,3.0,1.0
TitForTat,1,Pavlov,Grudger,171,57,3.0,1.0
TitForTat,1,AlwaysDefect,AlwaysDefect,4,4,1.0,0.0
TitForTat,1,AlwaysDefect,Random,242,82,2.951219512195122,0.0
TitForTat,1,Random,AlwaysDefect,42,82,0.5121951219512195,0.4878048780487805
TitForTat,1,AlwaysDefect,Pavlov,221,73,3.0273972602739727,0.0
TitForTat,1,Pavlov,AlwaysDefect,36,73,0.4931506849315068,0.5068493150684932
TitForTat,1,Random,Random,130,60,2.1666666666666665,0.43333333333333335
TitForTat,1,Random,Pavlov,137,58,2.3620689655172415,0.5517241379310345
TitForTat,1,Pavlov,Random,137,58,2.3620689655172415,0.5517241379310345
TitForTat,1,Pavlov,Pavlov,180,60,3.0,1.0
TitForTat,2,SEAT,SEAT,6828,2276,3.0,1.0
TitForTat,2,SEAT,TitForTat,2586,862,3.0,1.0
TitForTat,2,TitForTat,SEAT,2586,862,3.0,1.0
TitForTat,2,SEAT,Grudger,1485,495,3.0,1.0
TitForTat,2,Grudger,SEAT,1485,495,3.0,1.0
TitForTat,2,SEAT,AlwaysDefect,462,486,0.9506172839506173,0.04938271604938271
TitForTat,2,AlwaysDefect,SEAT,582,486,1.1975308641975309,0.0
TitForTat,2,SEAT,Random,1306,607,2.1515650741350907,0.47775947281713343
TitForTat,2,Random,SEAT,1351,607,2.2257001647446457,0.46293245469522243
TitForTat,2,SEAT,Pavlov,1473,491,3.0,1.0
TitForTat,2,Pavlov,SEAT,1473,491,3.0,1.0
TitForTat,2,TitForTat,TitForTat,630,210,3.0,1.0
TitForTat,2,TitForTat,Grudger,540,180,3.0,1.0
TitForTat,2,Grudger,TitForTat,540,180,3.0,1.0
TitForTat,2,TitForTat,AlwaysDefect,187,195,0.958974358974359,0.041025641025641026
TitForTat,2,AlwaysDefect,TitForTat,227,195,1.1641025641025642,0.0
TitForTat,2,TitForTat,Random,342,154,2.220779220779221,0.564935064935065
TitForTat,2,Random,TitForTat,367,154,2.383116883116883,0.5324675324675324
TitForTat,2,TitForTat,Pavlov,489,163,3.0,1.0
TitForTat,2,Pavlov,TitForTat,489,163,3.0,1.0
TitForTat,2,Grudger,Grudger,162,54,3.0,1.0
TitForTat,2,Grudger,AlwaysDefect,61,65,0.9384615384615385,0.06153846153846154
TitForTat,2,AlwaysDefect,Grudger,81,65,1.2461538461538462,0.0
TitForTat,2,Grudger,Random,307,103,2.9805825242718447,0.07766990291262135
TitForTat,2,Random,Grudger,77,103,0.7475728155339806,0.5242718446601942
TitForTat,2,Grudger,Pavlov,237,79,3.0,1.0
TitForTat,2,Pavlov,Grudger,237,79,3.0,1.0
TitForTat,2,AlwaysDefect,AlwaysDefect,24,24,1.0,0.0
TitForTat,2,AlwaysDefect,Random,132,40,3.3,0.0
TitForTat,2,Random,AlwaysDefect,17,40,0.425,0.575
TitForTat,2,AlwaysDefect,Pavlov,161,53,3.0377358490566038,0.0
TitForTat,2,Pavlov,AlwaysDefect,26,53,0.49056603773584906,0.5094339622641509
TitForTat,2,Random,Random,132,60,2.2,0.4666666666666667
TitForTat,2,Random,Pavlov,182,83,2.1927710843373496,0.43373493975903615
TitForTat,2,Pavlov,Random,177,83,2.1325301204819276,0.4457831325301205
TitForTat,2,Pavlov,Pavlov,180,60,3.0,1.0
TitForTat,3,SEAT,SEAT,7884,2628,3.0,1.0
TitForTat,3,SEAT,TitForTat,2889,963,3.0,1.0
TitForTat,3,TitForTat,SEAT,2889,963,3.0,1.0
TitForTat,3,SEAT,Grudger,1311,437,3.0,1.0
TitForTat,3,Grudger,SEAT,1311,437,3.0,1.0
TitForTat,3,SEAT,AlwaysDefect,421,445,0.946067415730337,0.05393258426966292
TitForTat,3,AlwaysDefect,SEAT,541,445,1.2157303370786516,0.0
TitForTat,3,SEAT,Random,1252,558,2.2437275985663083,0.5394265232974911
TitForTat,3,Random,SEAT,1322,558,2.369175627240143,0.514336917562724
TitForTat,3,SEAT,Pavlov,1398,466,3.0,1.0
TitForTat,3,Pavlov,SEAT,1398,466,3.0,1.0
TitForTat,3,TitForTat,TitForTat,378,126,3.0,1.0
TitForTat,3,TitForTat,Grudger,396,132,3.0,1.0
TitForTat,3,Grudger,TitForTat,396,132,3.0,1.0
TitForTat,3,TitForTat,AlwaysDefect,156,164,0.9512195121951219,0.04878048780487805
TitForTat,3,AlwaysDefect,TitForTat,196,164,1.1951219512195121,0.0
TitForTat,3,TitForTat,Random,468,202,2.3168316831683167,0.5594059405940595
TitForTat,3,Random,TitForTat,483,202,2.391089108910891,0.5445544554455446
TitForTat,3,TitForTat,Pavlov,588,196,3.0,1.0
TitForTat,3,Pavlov,TitForTat,588,196,3.0,1.0
TitForTat,3,Grudger,Grudger,180,60,3.0,1.0
TitForTat,3,Grudger,AlwaysDefect,53,57,0.9298245614035088,0.07017543859649122
TitForTat,3,AlwaysDefect,Grudger,73,57,1.280701754385965,0.0
TitForTat,3,Grudger,Random,40,17,2.3529411764705883,0.35294117647058826
TitForTat,3,Random,Grudger,30,17,1.7647058823529411,0.47058823529411764
TitForTat,3,Grudger,Pavlov,315,105,3.0,1.0
TitForTat,3,Pavlov,Grudger,315,105,3.0,1.0
TitForTat,3,AlwaysDefect,AlwaysDefect,60,60,1.0,0.0
TitForTat,3,AlwaysDefect,Random,287,99,2.898989898989899,0.0
TitForTat,3,Random,AlwaysDefect,52,99,0.5252525252525253,0.47474747474747475
TitForTat,3,AlwaysDefect,Pavlov,360,120,3.0,0.0
TitForTat,3,Pavlov,AlwaysDefect,60,120,0.5,0.5
TitForTat,3,Random,Random,109,48,2.2708333333333335,0.5208333333333334
TitForTat,3,Random,Pavlov,174,70,2.4857142857142858,0.5
TitForTat,3,Pavlov,Random,149,70,2.1285714285714286,0.5714285714285714
TitForTat,3,Pavlov,Pavlov,180,60,3.0,1.0
TitForTat,4,SEAT,SEAT,6546,2182,3.0,1.0
TitForTat,4,SEAT,TitForTat,2673,891,3.0,1.0
TitForTat,4,TitForTat,SEAT,2673,891,3.0,1.0
TitForTat,4,SEAT,Grudger,1422,474,3.0,1.0
TitForTat,4,Grudger,SEAT,1422,474,3.0,1.0
TitForTat,4,SEAT,AlwaysDefect,526,550,0.9563636363636364,0.04363636363636364
TitForTat,4,AlwaysDefect,SEAT,646,550,1.1745454545454546,0.0
TitForTat,4,SEAT,Random,1135,501,2.2654690618762476,0.5528942115768463
TitForTat,4,Random,SEAT,1190,501,2.375249500998004,0.530938123752495
TitForTat,4,SEAT,Pavlov,1215,405,3.0,1.0
TitForTat,4,Pavlov,SEAT,1215,405,3.0,1.0
TitForTat,4,TitForTat,TitForTat,822,274,3.0,1.0
TitForTat,4,TitForTat,Grudger,531,177,3.0,1.0
TitForTat,4,Grudger,TitForTat,531,177,3.0,1.0
TitForTat,4,TitForTat,AlwaysDefect,220,228,0.9649122807017544,0.03508771929824561
TitForTat,4,AlwaysDefect,TitForTat,260,228,1.1403508771929824,0.0
TitForTat,4,TitForTat,Random,334,151,2.2119205298013247,0.5231788079470199
TitForTat,4,Random,TitForTat,359,151,2.377483443708609,0.4900662251655629
TitForTat,4,TitForTat,Pavlov,699,233,3.0,1.0
TitForTat,4,Pavlov,TitForTat,699,233,3.0,1.0
TitForTat,4,Grudger,Grudger,180,60,3.0,1.0
TitForTat,4,Grudger,AlwaysDefect,77,81,0.9506172839506173,0.04938271604938271
TitForTat,4,AlwaysDefect,Grudger,97,81,1.1975308641975309,0.0
TitForTat,4,Grudger,Random,207,71,2.915492957746479,0.14084507042253522
TitForTat,4,Random,Grudger,67,71,0.9436619718309859,0.5352112676056338
TitForTat,4,Grudger,Pavlov,123,41,3.0,1.0
TitForTat,4,Pavlov,Grudger,123,41,3.0,1.0
TitForTat,4,AlwaysDefect,AlwaysDefect,30,30,1.0,0.0
TitForTat,4,AlwaysDefect,Random,210,70,3.0,0.0
TitForTat,4,Random,AlwaysDefect,35,70,0.5,0.5
TitForTat,4,AlwaysDefect,Pavlov,258,86,3.0,0.0
TitForTat,4,Pavlov,AlwaysDefect,43,86,0.5,0.5
TitForTat,4,Random,Random,129,60,2.15,0.45
TitForTat,4,Random,Pavlov,59,24,2.4583333333333335,0.375
TitForTat,4,Pavlov,Random,44,24,1.8333333333333333,0.5
TitForTat,4,Pavlov,Pavlov,180,60,3.0,1.0
TitForTat,5,SEAT,SEAT,8154,2718,3.0,1.0
TitForTat,5,SEAT,TitForTat,3045,1015,3.0,1.0
TitForTat,5,TitForTat,SEAT,3045,1015,3.0,1.0
TitForTat,5,SEAT,Grudger,1461,487,3.0,1.0
TitForTat,5,Grudger,SEAT,1461,487,3.0,1.0
TitForTat,5,SEAT,AlwaysDefect,436,460,0.9478260869565217,0.05217391304347826
TitForTat,5,AlwaysDefect,SEAT,556,460,1.208695652173913,0.0
TitForTat,5,SEAT,Random,1137,529,2.149338374291115,0.4763705103969754
TitForTat,5,Random,SEAT,1182,529,2.234404536862004,0.45935727788279773
TitForTat,5,SEAT,Pavlov,1299,433,3.0,1.0
TitForTat,5,Pavlov,SEAT,1299,433,3.0,1.0
TitForTat,5,TitForTat,TitForTat,816,272,3.0,1.0
TitForTat,5,TitForTat,Grudger,600,200,3.0,1.0
TitForTat,5,Grudger,TitForTat,600,200,3.0,1.0
TitForTat,5,TitForTat,AlwaysDefect,173,181,0.9558011049723757,0.04419889502762431
TitForTat,5,AlwaysDefect,TitForTat,213,181,1.1767955801104972,0.0
TitForTat,5,TitForTat,Random,368,178,2.067415730337079,0.4550561797752809
TitForTat,5,Random,TitForTat,388,178,2.1797752808988764,0.43258426966292135
TitForTat,5,TitForTat,Pavlov,450,150,3.0,1.0
TitForTat,5,Pavlov,TitForTat,450,150,3.0,1.0
TitForTat,5,Grudger,Grudger,162,54,3.0,1.0
TitForTat,5,Grudger,AlwaysDefect,52,56,0.9285714285714286,0.07142857142857142
TitForTat,5,AlwaysDefect,Grudger,72,56,1.2857142857142858,0.0
TitForTat,5,Grudger,Random,192,66,2.909090909090909,0.10606060606060606
TitForTat,5,Random,Grudger,57,66,0.8636363636363636,0.5151515151515151
TitForTat,5,Grudger,Pavlov,195,65,3.0,1.0
TitForTat,5,Pavlov,Grudger,195,65,3.0,1.0
TitForTat,5,AlwaysDefect,AlwaysDefect,60,60,1.0,0.0
TitForTat,5,AlwaysDefect,Random,309,97,3.185567010309278,0.0
TitForTat,5,Random,AlwaysDefect,44,97,0.4536082474226804,0.5463917525773195
TitForTat,5,AlwaysDefect,Pavlov,251,83,3.0240963855421685,0.0
TitForTat,5,Pavlov,AlwaysDefect,41,83,0.4939759036144578,0.5060240963855421
TitForTat,5,Random,Random,48,20,2.4,0.6
TitForTat,5,Random,Pavlov,176,72,2.4444444444444446,0.4583333333333333
TitForTat,5,Pavlov,Random,146,72,2.0277777777777777,0.5416666666666666
TitForTat,5,Pavlov,Pavlov,12,4,3.0,1.0
TitForTat,6,SEAT,SEAT,8766,2922,3.0,1.0
TitForTat,6,SEAT,TitForTat,2781,927,3.0,1.0
TitForTat,6,TitForTat,SEAT,2781,927,3.0,1.0
TitForTat,6,SEAT,Grudger,1209,403,3.0,1.0
TitForTat,6,Grudger,SEAT,1209,403,3.0,1.0
TitForTat,6,SEAT,AlwaysDefect,532,556,0.9568345323741008,0.04316546762589928
TitForTat,6,AlwaysDefect,SEAT,652,556,1.1726618705035972,0.0
TitForTat,6,SEAT,Random,1189,548,2.1697080291970803,0.49452554744525545
TitForTat,6,Random,SEAT,1244,548,2.27007299270073,0.4744525547445255
TitForTat,6,SEAT,Pavlov,897,299,3.0,1.0
TitForTat,6,Pavlov,SEAT,897,299,3.0,1.0
TitForTat,6,TitForTat,TitForTat,1056,352,3.0,1.0
TitForTat,6,TitForTat,Grudger,459,153,3.0,1.0
TitForTat,6,Grudger,TitForTat,459,153,3.0,1.0
TitForTat,6,TitForTat,AlwaysDefect,144,152,0.9473684210526315,0.05263157894736842
TitForTat,6,AlwaysDefect,TitForTat,184,152,1.2105263157894737,0.0
TitForTat,6,TitForTat,Random,387,173,2.2369942196531793,0.5433526011560693
TitForTat,6,Random,TitForTat,407,173,2.352601156069364,0.5202312138728323
TitForTat,6,TitForTat,Pavlov,594,198,3.0,1.0
TitForTat,6,Pavlov,TitForTat,594,198,3.0,1.0
TitForTat,6,Grudger,Grudger,102,34,3.0,1.0
TitForTat,6,Grudger,AlwaysDefect,33,37,0.8918918918918919,0.10810810810810811
TitForTat,6,AlwaysDefect,Grudger,53,37,1.4324324324324325,0.0
TitForTat,6,Grudger,Random,276,98,2.816326530612245,0.11224489795918367
TitForTat,6,Random,Grudger,86,98,0.8775510204081632,0.5
TitForTat,6,Grudger,Pavlov,102,34,3.0,1.0
TitForTat,6,Pavlov,Grudger,102,34,3.0,1.0
TitForTat,6,AlwaysDefect,AlwaysDefect,46,46,1.0,0.0
TitForTat,6,AlwaysDefect,Random,280,88,3.1818181818181817,0.0
TitForTat,6,Random,AlwaysDefect,40,88,0.45454545454545453,0.5454545454545454
TitForTat,6,AlwaysDefect,Pavlov,300,100,3.0,0.0
TitForTat,6,Pavlov,AlwaysDefect,50,100,0.5,0.5
TitForTat,6,Random,Random,132,60,2.2,0.4666666666666667
TitForTat,6,Random,Pavlov,213,91,2.340659340659341,0.5494505494505495
TitForTat,6,Pavlov,Random,213,91,2.340659340659341,0.5494505494505495
TitForTat,6,Pavlov,Pavlov,66,22,3.0,1.0
TitForTat,7,SEAT,SEAT,8478,2826,3.0,1.0
TitForTat,7,SEAT,TitForTat,2985,995,3.0,1.0
TitForTat,7,TitForTat,SEAT,2985,995,3.0,1.0
TitForTat,7,SEAT,Grudger,1605,535,3.0,1.0
TitForTat,7,Grudger,SEAT,1605,535,3.0,1.0
TitForTat,7,SEAT,AlwaysDefect,395,419,0.9427207637231504,0.057279236276849645
TitForTat,7,AlwaysDefect,SEAT,515,419,1.2291169451073987,0.0
TitForTat,7,SEAT,Random,1111,494,2.248987854251012,0.5425101214574899
TitForTat,7,Random,SEAT,1171,494,2.3704453441295548,0.5182186234817814
TitForTat,7,SEAT,Pavlov,1038,346,3.0,1.0
TitForTat,7,Pavlov,SEAT,1038,346,3.0,1.0
TitForTat,7,TitForTat,TitForTat,762,254,3.0,1.0
TitForTat,7,TitForTat,Grudger,462,154,3.0,1.0
TitForTat,7,Grudger,TitForTat,462,154,3.0,1.0
TitForTat,7,TitForTat,AlwaysDefect,131,139,0.9424460431654677,0.05755395683453238
TitForTat,7,AlwaysDefect,TitForTat,171,139,1.2302158273381294,0.0
TitForTat,7,TitForTat,Random,462,190,2.431578947368421,0.6157894736842106
TitForTat,7,Random,TitForTat,472,190,2.4842105263157896,0.6052631578947368
TitForTat,7,TitForTat,Pavlov,582,194,3.0,1.0
TitForTat,7,Pavlov,TitForTat,582,194,3.0,1.0
TitForTat,7,Grudger,Grudger,60,20,3.0,1.0
TitForTat,7,Grudger,AlwaysDefect,92,96,0.9583333333333334,0.041666666666666664
TitForTat,7,AlwaysDefect,Grudger,112,96,1.1666666666666667,0.0
TitForTat,7,Grudger,Random,284,88,3.227272727272727,0.09090909090909091
TitForTat,7,Random,Grudger,64,88,0.7272727272727273,0.5909090909090909
TitForTat,7,Grudger,Pavlov,264,88,3.0,1.0
TitForTat,7,Pavlov,Grudger,264,88,3.0,1.0
TitForTat,7,AlwaysDefect,AlwaysDefect,8,8,1.0,0.0
TitForTat,7,AlwaysDefect,Random,155,55,2.8181818181818183,0.0
TitForTat,7,Random,AlwaysDefect,30,55,0.5454545454545454,0.45454545454545453
TitForTat,7,AlwaysDefect,Pavlov,245,81,3.0246913580246915,0.0
TitForTat,7,Pavlov,AlwaysDefect,40,81,0.49382716049382713,0.5061728395061729
TitForTat,7,Random,Random,102,46,2.217391304347826,0.4782608695652174
TitForTat,7,Random,Pavlov,203,96,2.1145833333333335,0.5104166666666666
TitForTat,7,Pavlov,Random,228,96,2.375,0.4583333333333333
TitForTat,7,Pavlov,Pavlov,36,12,3.0,1.0
TitForTat,8,SEAT,SEAT,8028,2676,3.0,1.0
TitForTat,8,SEAT,TitForTat,2946,982,3.0,1.0
TitForTat,8,TitForTat,SEAT,2946,982,3.0,1.0
TitForTat,8,SEAT,Grudger,1302,434,3.0,1.0
TitForTat,8,Grudger,SEAT,1302,434,3.0,1.0
TitForTat,8,SEAT,AlwaysDefect,395,419,0.9427207637231504,0.057279236276849645
TitForTat,8,AlwaysDefect,SEAT,515,419,1.2291169451073987,0.0
TitForTat,8,SEAT,Random,1233,547,2.2541133455210236,0.5447897623400365
TitForTat,8,Random,SEAT,1293,547,2.363802559414991,0.5228519195612431
TitForTat,8,SEAT,Pavlov,1359,453,3.0,1.0
TitForTat,8,Pavlov,SEAT,1359,453,3.0,1.0
TitForTat,8,TitForTat,TitForTat,852,284,3.0,1.0
TitForTat,8,TitForTat,Grudger,513,171,3.0,1.0
TitForTat,8,Grudger,TitForTat,513,171,3.0,1.0
TitForTat,8,TitForTat,AlwaysDefect,158,166,0.9518072289156626,0.04819277108433735
TitForTat,8,AlwaysDefect,TitForTat,198,166,1.1927710843373494,0.0
TitForTat,8,TitForTat,Random,286,125,2.288,0.544
TitForTat,8,Random,TitForTat,301,125,2.408,0.52
TitForTat,8,TitForTat,Pavlov,570,190,3.0,1.0
TitForTat,8,Pavlov,TitForTat,570,190,3.0,1.0
TitForTat,8,Grudger,Grudger,72,24,3.0,1.0
TitForTat,8,Grudger,AlwaysDefect,96,100,0.96,0.04
TitForTat,8,AlwaysDefect,Grudger,116,100,1.16,0.0
TitForTat,8,Grudger,Random,311,105,2.961904761904762,0.08571428571428572
TitForTat,8,Random,Grudger,81,105,0.7714285714285715,0.5238095238095238
TitForTat,8,Grudger,Pavlov,261,87,3.0,1.0
TitForTat,8,Pavlov,Grudger,261,87,3.0,1.0
TitForTat,8,AlwaysDefect,AlwaysDefect,14,14,1.0,0.0
TitForTat,8,AlwaysDefect,Random,145,57,2.543859649122807,0.0
TitForTat,8,Random,AlwaysDefect,35,57,0.6140350877192983,0.38596491228070173
TitForTat,8,AlwaysDefect,Pavlov,288,96,3.0,0.0
TitForTat,8,Pavlov,AlwaysDefect,48,96,0.5,0.5
TitForTat,8,Random,Random,138,60,2.3,0.5333333333333333
TitForTat,8,Random,Pavlov,214,100,2.14,0.48
TitForTat,8,Pavlov,Random,229,100,2.29,0.45
TitForTat,8,Pavlov,Pavlov,150,50,3.0,1.0
TitForTat,9,SEAT,SEAT,7362,2454,3.0,1.0
TitForTat,9,SEAT,TitForTat,3273,1091,3.0,1.0
TitForTat,9,TitForTat,SEAT,3273,1091,3.0,1.0
TitForTat,9,SEAT,Grudger,1521,507,3.0,1.0
TitForTat,9,Grudger,SEAT,1521,507,3.0,1.0
TitForTat,9,SEAT,AlwaysDefect,510,534,0.9550561797752809,0.0449438202247191
TitForTat,9,AlwaysDefect,SEAT,630,534,1.1797752808988764,0.0
TitForTat,9,SEAT,Random,1087,479,2.269311064718163,0.5532359081419624
TitForTat,9,Random,SEAT,1137,479,2.373695198329854,0.5323590814196242
TitForTat,9,SEAT,Pavlov,1305,435,3.0,1.0
TitForTat,9,Pavlov,SEAT,1305,435,3.0,1.0
TitForTat,9,TitForTat,TitForTat,798,266,3.0,1.0
TitForTat,9,TitForTat,Grudger,495,165,3.0,1.0
TitForTat,9,Grudger,TitForTat,495,165,3.0,1.0
TitForTat,9,TitForTat,AlwaysDefect,147,155,0.9483870967741935,0.05161290322580645
TitForTat,9,AlwaysDefect,TitForTat,187,155,1.206451612903226,0.0
TitForTat,9,TitForTat,Random,332,147,2.258503401360544,0.564625850340136
TitForTat,9,Random,TitForTat,352,147,2.3945578231292517,0.5374149659863946
TitForTat,9,TitForTat,Pavlov,486,162,3.0,1.0
TitForTat,9,Pavlov,TitForTat,486,162,3.0,1.0
TitForTat,9,Grudger,Grudger,180,60,3.0,1.0
TitForTat,9,Grudger,AlwaysDefect,92,96,0.9583333333333334,0.041666666666666664
TitForTat,9,AlwaysDefect,Grudger,112,96,1.1666666666666667,0.0
TitForTat,9,Grudger,Random,253,82,3.0853658536585367,0.07317073170731707
TitForTat,9,Random,Grudger,58,82,0.7073170731707317,0.5487804878048781
TitForTat,9,Grudger,Pavlov,171,57,3.0,1.0
TitForTat,9,Pavlov,Grudger,171,57,3.0,1.0
TitForTat,9,AlwaysDefect,AlwaysDefect,60,60,1.0,0.0
TitForTat,9,AlwaysDefect,Random,214,74,2.891891891891892,0.0
TitForTat,9,Random,AlwaysDefect,39,74,0.527027027027027,0.47297297297297297
TitForTat,9,AlwaysDefect,Pavlov,257,85,3.023529411764706,0.0
TitForTat,9,Pavlov,AlwaysDefect,42,85,0.49411764705882355,0.5058823529411764
TitForTat,9,Random,Random,153,60,2.55,0.6833333333333333
TitForTat,9,Random,Pavlov,183,83,2.2048192771084336,0.5542168674698795
TitForTat,9,Pavlov,Random,203,83,2.4457831325301207,0.5060240963855421
TitForTat,9,Pavlov,Pavlov,180,60,3.0,1.0
TitForTat,10,SEAT,SEAT,7686,2562,3.0,1.0
TitForTat,10,SEAT,TitForTat,2889,963,3.0,1.0
TitForTat,10,TitForTat,SEAT,2889,963,3.0,1.0
TitForTat,10,SEAT,Grudger,1440,480,3.0,1.0
TitForTat,10,Grudger,SEAT,1440,480,3.0,1.0
TitForTat,10,SEAT,AlwaysDefect,464,488,0.9508196721311475,0.04918032786885246
TitForTat,10,AlwaysDefect,SEAT,584,488,1.1967213114754098,0.0
TitForTat,10,SEAT,Random,923,419,2.2028639618138426,0.5346062052505967
TitForTat,10,Random,SEAT,1003,419,2.3937947494033414,0.4964200477326969
TitForTat,10,SEAT,Pavlov,1272,424,3.0,1.0
TitForTat,10,Pavlov,SEAT,1272,424,3.0,1.0
TitForTat,10,TitForTat,TitForTat,420,140,3.0,1.0
TitForTat,10,TitForTat,Grudger,579,193,3.0,1.0
TitForTat,10,Grudger,TitForTat,579,193,3.0,1.0
TitForTat,10,TitForTat,AlwaysDefect,122,130,0.9384615384615385,0.06153846153846154
TitForTat,10,AlwaysDefect,TitForTat,162,130,1.2461538461538462,0.0
TitForTat,10,TitForTat,Random,411,183,2.2459016393442623,0.5409836065573771
TitForTat,10,Random,TitForTat,431,183,2.3551912568306013,0.5191256830601093
TitForTat,10,TitForTat,Pavlov,489,163,3.0,1.0
TitForTat,10,Pavlov,TitForTat,489,163,3.0,1.0
TitForTat,10,Grudger,Grudger,54,18,3.0,1.0
TitForTat,10,Grudger,AlwaysDefect,80,84,0.9523809523809523,0.047619047619047616
TitForTat,10,AlwaysDefect,Grudger,100,84,1.1904761904761905,0.0
TitForTat,10,Grudger,Random,314,108,2.9074074074074074,0.08333333333333333
TitForTat,10,Random,Grudger,84,108,0.7777777777777778,0.5092592592592593
TitForTat,10,Grudger,Pavlov,228,76,3.0,1.0
TitForTat,10,Pavlov,Grudger,228,76,3.0,1.0
TitForTat,10,AlwaysDefect,AlwaysDefect,58,58,1.0,0.0
TitForTat,10,AlwaysDefect,Random,226,70,3.2285714285714286,0.0
TitForTat,10,Random,AlwaysDefect,31,70,0.44285714285714284,0.5571428571428572
TitForTat,10,AlwaysDefect,Pavlov,197,65,3.0307692307692307,0.0
TitForTat,10,Pavlov,AlwaysDefect,32,65,0.49230769230769234,0.5076923076923077
TitForTat,10,Random,Random,138,60,2.3,0.5
TitForTat,10,Random,Pavlov,176,74,2.3783783783783785,0.4864864864864865
TitForTat,10,Pavlov,Random,161,74,2.175675675675676,0.527027027027027
TitForTat,10,Pavlov,Pavlov,36,12,3.0,1.0
TitForTat,11,SEAT,SEAT,8364,2788,3.0,1.0
TitForTat,11,SEAT,TitForTat,3141,1047,3.0,1.0
TitForTat,11,TitForTat,SEAT,3141,1047,3.0,1.0
TitForTat,11,SEAT,Grudger,1305,435,3.0,1.0
TitForTat,11,Grudger,SEAT,1305,435,3.0,1.0
TitForTat,11,SEAT,AlwaysDefect,402,426,0.9436619718309859,0.056338028169014086
TitForTat,11,AlwaysDefect,SEAT,522,426,1.2253521126760563,0.0
TitForTat,11,SEAT,Random,1074,488,2.2008196721311477,0.5266393442622951
TitForTat,11,Random,SEAT,1134,488,2.3237704918032787,0.5020491803278688
TitForTat,11,SEAT,Pavlov,1350,450,3.0,1.0
TitForTat,11,Pavlov,SEAT,1350,450,3.0,1.0
TitForTat,11,TitForTat,TitForTat,420,140,3.0,1.0
TitForTat,11,TitForTat,Grudger,552,184,3.0,1.0
TitForTat,11,Grudger,TitForTat,552,184,3.0,1.0
TitForTat,11,TitForTat,AlwaysDefect,135,143,0.9440559440559441,0.055944055944055944
TitForTat,11,AlwaysDefect,TitForTat,175,143,1.2237762237762237,0.0
TitForTat,11,TitForTat,Random,418,174,2.4022988505747125,0.6091954022988506
TitForTat,11,Random,TitForTat,433,174,2.4885057471264367,0.5919540229885057
TitForTat,11,TitForTat,Pavlov,540,180,3.0,1.0
TitForTat,11,Pavlov,TitForTat,540,180,3.0,1.0
TitForTat,11,Grudger,Grudger,108,36,3.0,1.0
TitForTat,11,Grudger,AlwaysDefect,84,88,0.9545454545454546,0.045454545454545456
TitForTat,11,AlwaysDefect,Grudger,104,88,1.1818181818181819,0.0
TitForTat,11,Grudger,Random,266,96,2.7708333333333335,0.09375
TitForTat,11,Random,Grudger,81,96,0.84375,0.4791666666666667
TitForTat,11,Grudger,Pavlov,297,99,3.0,1.0
TitForTat,11,Pavlov,Grudger,297,99,3.0,1.0
TitForTat,11,AlwaysDefect,AlwaysDefect,60,60,1.0,0.0
TitForTat,11,AlwaysDefect,Random,233,81,2.876543209876543,0.0
TitForTat,11,Random,AlwaysDefect,43,81,0.5308641975308642,0.4691358024691358
TitForTat,11,AlwaysDefect,Pavlov,239,79,3.0253164556962027,0.0
TitForTat,11,Pavlov,AlwaysDefect,39,79,0.4936708860759494,0.5063291139240507
TitForTat,11,Random,Random,135,60,2.25,0.5166666666666667
TitForTat,11,Random,Pavlov,263,110,2.390909090909091,0.5363636363636364
TitForTat,11,Pavlov,Random,248,110,2.2545454545454544,0.5636363636363636
TitForTat,11,Pavlov,Pavlov,168,56,3.0,1.0
TitForTat,12,SEAT,SEAT,7866,2622,3.0,1.0
TitForTat,12,SEAT,TitForTat,2994,998,3.0,1.0
TitForTat,12,TitForTat,SEAT,2994,998,3.0,1.0
TitForTat,12,SEAT,Grudger,1488,496,3.0,1.0
TitForTat,12,Grudger,SEAT,1488,496,3.0,1.0
TitForTat,12,SEAT,AlwaysDefect,410,434,0.9447004608294931,0.055299539170506916
TitForTat,12,AlwaysDefect,SEAT,530,434,1.2211981566820276,0.0
TitForTat,12,SEAT,Random,1187,552,2.1503623188405796,0.4927536231884058
TitForTat,12,Random,SEAT,1252,552,2.2681159420289854,0.4692028985507246
TitForTat,12,SEAT,Pavlov,1404,468,3.0,1.0
TitForTat,12,Pavlov,SEAT,1404,468,3.0,1.0
TitForTat,12,TitForTat,TitForTat,588,196,3.0,1.0
TitForTat,12,TitForTat,Grudger,435,145,3.0,1.0
TitForTat,12,Grudger,TitForTat,435,145,3.0,1.0
TitForTat,12,TitForTat,AlwaysDefect,132,140,0.9428571428571428,0.05714285714285714
TitForTat,12,AlwaysDefect,TitForTat,172,140,1.2285714285714286,0.0
TitForTat,12,TitForTat,Random,340,156,2.1794871794871793,0.5128205128205128
TitForTat,12,Random,TitForTat,360,156,2.3076923076923075,0.48717948717948717
TitForTat,12,TitForTat,Pavlov,609,203,3.0,1.0
TitForTat,12,Pavlov,TitForTat,609,203,3.0,1.0
TitForTat,12,Grudger,Grudger,180,60,3.0,1.0
TitForTat,12,Grudger,AlwaysDefect,59,63,0.9365079365079365,0.06349206349206349
TitForTat,12,AlwaysDefect,Grudger,79,63,1.253968253968254,0.0
TitForTat,12,Grudger,Random,337,111,3.036036036036036,0.06306306306306306
TitForTat,12,Random,Grudger,77,111,0.6936936936936937,0.5315315315315315
TitForTat,12,Grudger,Pavlov,306,102,3.0,1.0
TitForTat,12,Pavlov,Grudger,306,102,3.0,1.0
TitForTat,12,AlwaysDefect,AlwaysDefect,22,22,1.0,0.0
TitForTat,12,AlwaysDefect,Random,312,108,2.888888888888889,0.0
TitForTat,12,Random,AlwaysDefect,57,108,0.5277777777777778,0.4722222222222222
TitForTat,12,AlwaysDefect,Pavlov,198,66,3.0,0.0
TitForTat,12,Pavlov,AlwaysDefect,33,66,0.5,0.5
TitForTat,12,Random,Random,88,40,2.2,0.5
TitForTat,12,Random,Pavlov,69,24,2.875,0.2916666666666667
TitForTat,12,Pavlov,Random,34,24,1.4166666666666667,0.5833333333333334
TitForTat,12,Pavlov,Pavlov,180,60,3.0,1.0
TitForTat,13,SEAT,SEAT,7716,2572,3.0,1.0
TitForTat,13,SEAT,TitForTat,2691,897,3.0,1.0
TitForTat,13,TitForTat,SEAT,2691,897,3.0,1.0
TitForTat,13,SEAT,Grudger,1584,528,3.0,1.0
TitForTat,13,Grudger,SEAT,1584,528,3.0,1.0
TitForTat,13,SEAT,AlwaysDefect,412,436,0.944954128440367,0.05504587155963303
TitForTat,13,AlwaysDefect,SEAT,532,436,1.2201834862385321,0.0
TitForTat,13,SEAT,Random,1237,556,2.2248201438848922,0.5269784172661871
TitForTat,13,Random,SEAT,1282,556,2.305755395683453,0.5107913669064749
TitForTat,13,SEAT,Pavlov,1488,496,3.0,1.0
TitForTat,13,Pavlov,SEAT,1488,496,3.0,1.0
TitForTat,13,TitForTat,TitForTat,684,228,3.0,1.0
TitForTat,13,TitForTat,Grudger,432,144,3.0,1.0
TitForTat,13,Grudger,TitForTat,432,144,3.0,1.0
TitForTat,13,TitForTat,AlwaysDefect,154,162,0.9506172839506173,0.04938271604938271
TitForTat,13,AlwaysDefect,TitForTat,194,162,1.1975308641975309,0.0
TitForTat,13,TitForTat,Random,384,180,2.1333333333333333,0.5055555555555555
TitForTat,13,Random,TitForTat,409,180,2.272222222222222,0.4777777777777778
TitForTat,13,TitForTat,Pavlov,420,140,3.0,1.0
TitForTat,13,Pavlov,TitForTat,420,140,3.0,1.0
TitForTat,13,Grudger,Grudger,42,14,3.0,1.0
TitForTat,13,Grudger,AlwaysDefect,85,89,0.9550561797752809,0.0449438202247191
TitForTat,13,AlwaysDefect,Grudger,105,89,1.1797752808988764,0.0
TitForTat,13,Grudger,Random,348,118,2.9491525423728815,0.09322033898305085
TitForTat,13,Random,Grudger,93,118,0.788135593220339,0.5254237288135594
TitForTat,13,Grudger,Pavlov,225,75,3.0,1.0
TitForTat,13,Pavlov,Grudger,225,75,3.0,1.0
TitForTat,13,AlwaysDefect,AlwaysDefect,24,24,1.0,0.0
TitForTat,13,AlwaysDefect,Random,225,77,2.9220779220779223,0.0
TitForTat,13,Random,AlwaysDefect,40,77,0.5194805194805194,0.4805194805194805
TitForTat,13,AlwaysDefect,Pavlov,306,102,3.0,0.0
TitForTat,13,Pavlov,AlwaysDefect,51,102,0.5,0.5
TitForTat,13,Random,Random,67,34,1.9705882352941178,0.38235294117647056
TitForTat,13,Random,Pavlov,153,65,2.353846153846154,0.5230769230769231
TitForTat,13,Pavlov,Random,148,65,2.276923076923077,0.5384615384615384
TitForTat,13,Pavlov,Pavlov,90,30,3.0,1.0
TitForTat,14,SEAT,SEAT,8022,2674,3.0,1.0
TitForTat,14,SEAT,TitForTat,2676,892,3.0,1.0
TitForTat,14,TitForTat,SEAT,2676,892,3.0,1.0
TitForTat,14,SEAT,Grudger,1620,540,3.0,1.0
TitForTat,14,Grudger,SEAT,1620,540,3.0,1.0
TitForTat,14,SEAT,AlwaysDefect,380,404,0.9405940594059405,0.0594059405940594
TitForTat,14,AlwaysDefect,SEAT,500,404,1.2376237623762376,0.0
TitForTat,14,SEAT,Random,1104,494,2.2348178137651824,0.5445344129554656
TitForTat,14,Random,SEAT,1174,494,2.376518218623482,0.5161943319838057
TitForTat,14,SEAT,Pavlov,1323,441,3.0,1.0
TitForTat,14,Pavlov,SEAT,1323,441,3.0,1.0
TitForTat,14,TitForTat,TitForTat,690,230,3.0,1.0
TitForTat,14,TitForTat,Grudger,435,145,3.0,1.0
TitForTat,14,Grudger,TitForTat,435,145,3.0,1.0
TitForTat,14,TitForTat,AlwaysDefect,124,132,0.9393939393939394,0.06060606060606061
TitForTat,14,AlwaysDefect,TitForTat,164,132,1.2424242424242424,0.0
TitForTat,14,TitForTat,Random,408,187,2.1818181818181817,0.5294117647058824
TitForTat,14,Random,TitForTat,438,187,2.342245989304813,0.49732620320855614
TitForTat,14,TitForTat,Pavlov,579,193,3.0,1.0
TitForTat,14,Pavlov,TitForTat,579,193,3.0,1.0
TitForTat,14,Grudger,Grudger,24,8,3.0,1.0
TitForTat,14,Grudger,AlwaysDefect,115,119,0.9663865546218487,0.03361344537815126
TitForTat,14,AlwaysDefect,Grudger,135,119,1.134453781512605,0.0
TitForTat,14,Grudger,Random,228,76,3.0,0.07894736842105263
TitForTat,14,Random,Grudger,58,76,0.7631578947368421,0.5263157894736842
TitForTat,14,Grudger,Pavlov,90,30,3.0,1.0
TitForTat,14,Pavlov,Grudger,90,30,3.0,1.0
TitForTat,14,AlwaysDefect,AlwaysDefect,60,60,1.0,0.0
TitForTat,14,AlwaysDefect,Random,225,81,2.7777777777777777,0.0
TitForTat,14,Random,AlwaysDefect,45,81,0.5555555555555556,0.4444444444444444
TitForTat,14,AlwaysDefect,Pavlov,298,98,3.0408163265306123,0.0
TitForTat,14,Pavlov,AlwaysDefect,48,98,0.4897959183673469,0.5102040816326531
TitForTat,14,Random,Random,5,2,2.5,0.5
TitForTat,14,Random,Pavlov,149,65,2.292307692307692,0.47692307692307695
TitForTat,14,Pavlov,Random,144,65,2.2153846153846155,0.49230769230769234
TitForTat,14,Pavlov,Pavlov,60,20,3.0,1.0
TitForTat,15,SEAT,SEAT,8484,2828,3.0,1.0
TitForTat,15,SEAT,TitForTat,2688,896,3.0,1.0
TitForTat,15,TitForTat,SEAT,2688,896,3.0,1.0
TitForTat,15,SEAT,Grudger,1410,470,3.0,1.0
TitForTat,15,Grudger,SEAT,1410,470,3.0,1.0
TitForTat,15,SEAT,AlwaysDefect,549,573,0.9581151832460733,0.041884816753926704
TitForTat,15,AlwaysDefect,SEAT,669,573,1.1675392670157068,0.0
TitForTat,15,SEAT,Random,1081,482,2.2427385892116183,0.553941908713693
TitForTat,15,Random,SEAT,1161,482,2.408713692946058,0.520746887966805
TitForTat,15,SEAT,Pavlov,1515,505,3.0,1.0
TitForTat,15,Pavlov,SEAT,1515,505,3.0,1.0
TitForTat,15,TitForTat,TitForTat,978,326,3.0,1.0
TitForTat,15,TitForTat,Grudger,408,136,3.0,1.0
TitForTat,15,Grudger,TitForTat,408,136,3.0,1.0
TitForTat,15,TitForTat,AlwaysDefect,151,159,0.949685534591195,0.050314465408805034
TitForTat,15,AlwaysDefect,TitForTat,191,159,1.20125786163522,0.0
TitForTat,15,TitForTat,Random,444,198,2.242424242424242,0.5202020202020202
TitForTat,15,Random,TitForTat,464,198,2.3434343434343434,0.5
TitForTat,15,TitForTat,Pavlov,579,193,3.0,1.0
TitForTat,15,Pavlov,TitForTat,579,193,3.0,1.0
TitForTat,15,Grudger,Grudger,72,24,3.0,1.0
TitForTat,15,Grudger,AlwaysDefect,94,98,0.9591836734693877,0.04081632653061224
TitForTat,15,AlwaysDefect,Grudger,114,98,1.163265306122449,0.0
TitForTat,15,Grudger,Random,194,78,2.4871794871794872,0.10256410256410256
TitForTat,15,Random,Grudger,74,78,0.9487179487179487,0.41025641025641024
TitForTat,15,Grudger,Pavlov,300,100,3.0,1.0
TitForTat,15,Pavlov,Grudger,300,100,3.0,1.0
TitForTat,15,AlwaysDefect,AlwaysDefect,60,60,1.0,0.0
TitForTat,15,AlwaysDefect,Random,318,106,3.0,0.0
TitForTat,15,Random,AlwaysDefect,53,106,0.5,0.5
TitForTat,15,AlwaysDefect,Pavlov,246,82,3.0,0.0
TitForTat,15,Pavlov,AlwaysDefect,41,82,0.5,0.5
TitForTat,15,Random,Random,143,60,2.3833333333333333,0.5833333333333334
TitForTat,15,Random,Pavlov,240,101,2.376237623762376,0.5148514851485149
TitForTat,15,Pavlov,Random,225,101,2.227722772277228,0.5445544554455446
TitForTat,15,Pavlov,Pavlov,30,10,3.0,1.0
TitForTat,16,SEAT,SEAT,7230,2410,3.0,1.0
TitForTat,16,SEAT,TitForTat,3024,1008,3.0,1.0
TitForTat,16,TitForTat,SEAT,3024,1008,3.0,1.0
TitForTat,16,SEAT,Grudger,1554,518,3.0,1.0
TitForTat,16,Grudger,SEAT,1554,518,3.0,1.0
TitForTat,16,SEAT,AlwaysDefect,426,450,0.9466666666666667,0.05333333333333334
TitForTat,16,AlwaysDefect,SEAT,546,450,1.2133333333333334,0.0
TitForTat,16,SEAT,Random,948,440,2.1545454545454548,0.5136363636363637
TitForTat,16,Random,SEAT,1018,440,2.3136363636363635,0.4818181818181818
TitForTat,16,SEAT,Pavlov,1461,487,3.0,1.0
TitForTat,16,Pavlov,SEAT,1461,487,3.0,1.0
TitForTat,16,TitForTat,TitForTat,918,306,3.0,1.0
TitForTat,16,TitForTat,Grudger,567,189,3.0,1.0
TitForTat,16,Grudger,TitForTat,567,189,3.0,1.0
TitForTat,16,TitForTat,AlwaysDefect,106,114,0.9298245614035088,0.07017543859649122
TitForTat,16,AlwaysDefect,TitForTat,146,114,1.280701754385965,0.0
TitForTat,16,TitForTat,Random,433,187,2.3155080213903743,0.5668449197860963
TitForTat,16,Random,TitForTat,453,187,2.4224598930481283,0.5454545454545454
TitForTat,16,TitForTat,Pavlov,606,202,3.0,1.0
TitForTat,16,Pavlov,TitForTat,606,202,3.0,1.0
TitForTat,16,Grudger,Grudger,6,2,3.0,1.0
TitForTat,16,Grudger,AlwaysDefect,92,96,0.9583333333333334,0.041666666666666664
TitForTat,16,AlwaysDefect,Grudger,112,96,1.1666666666666667,0.0
TitForTat,16,Grudger,Random,231,80,2.8875,0.075
TitForTat,16,Random,Grudger,61,80,0.7625,0.5
TitForTat,16,Grudger,Pavlov,192,64,3.0,1.0
TitForTat,16,Pavlov,Grudger,192,64,3.0,1.0
TitForTat,16,AlwaysDefect,AlwaysDefect,16,16,1.0,0.0
TitForTat,16,AlwaysDefect,Random,176,64,2.75,0.0
TitForTat,16,Random,AlwaysDefect,36,64,0.5625,0.4375
TitForTat,16,AlwaysDefect,Pavlov,250,82,3.048780487804878,0.0
TitForTat,16,Pavlov,AlwaysDefect,40,82,0.4878048780487805,0.5121951219512195
TitForTat,16,Random,Random,144,60,2.4,0.5666666666666667
TitForTat,16,Random,Pavlov,178,70,2.5428571428571427,0.5142857142857142
TitForTat,16,Pavlov,Random,148,70,2.1142857142857143,0.6
TitForTat,16,Pavlov,Pavlov,54,18,3.0,1.0
TitForTat,17,SEAT,SEAT,7356,2452,3.0,1.0
TitForTat,17,SEAT,TitForTat,3279,1093,3.0,1.0
TitForTat,17,TitForTat,SEAT,3279,1093,3.0,1.0
TitForTat,17,SEAT,Grudger,1479,493,3.0,1.0
TitForTat,17,Grudger,SEAT,1479,493,3.0,1.0
TitForTat,17,SEAT,AlwaysDefect,392,416,0.9423076923076923,0.057692307692307696
TitForTat,17,AlwaysDefect,SEAT,512,416,1.2307692307692308,0.0
TitForTat,17,SEAT,Random,1335,604,2.2102649006622515,0.5248344370860927
TitForTat,17,Random,SEAT,1400,604,2.3178807947019866,0.5033112582781457
TitForTat,17,SEAT,Pavlov,1242,414,3.0,1.0
TitForTat,17,Pavlov,SEAT,1242,414,3.0,1.0
TitForTat,17,TitForTat,TitForTat,894,298,3.0,1.0
TitForTat,17,TitForTat,Grudger,423,141,3.0,1.0
TitForTat,17,Grudger,TitForTat,423,141,3.0,1.0
TitForTat,17,TitForTat,AlwaysDefect,184,192,0.9583333333333334,0.041666666666666664
TitForTat,17,AlwaysDefect,TitForTat,224,192,1.1666666666666667,0.0
TitForTat,17,TitForTat,Random,433,194,2.231958762886598,0.5360824742268041
TitForTat,17,Random,TitForTat,458,194,2.3608247422680413,0.5103092783505154
TitForTat,17,TitForTat,Pavlov,609,203,3.0,1.0
TitForTat,17,Pavlov,TitForTat,609,203,3.0,1.0
TitForTat,17,Grudger,Grudger,30,10,3.0,1.0
TitForTat,17,Grudger,AlwaysDefect,62,66,0.9393939393939394,0.06060606060606061
TitForTat,17,AlwaysDefect,Grudger,82,66,1.2424242424242424,0.0
TitForTat,17,Grudger,Random,298,96,3.1041666666666665,0.052083333333333336
TitForTat,17,Random,Grudger,63,96,0.65625,0.5416666666666666
TitForTat,17,Grudger,Pavlov,156,52,3.0,1.0
TitForTat,17,Pavlov,Grudger,156,52,3.0,1.0
TitForTat,17,AlwaysDefect,AlwaysDefect,60,60,1.0,0.0
TitForTat,17,AlwaysDefect,Random,323,119,2.7142857142857144,0.0
TitForTat,17,Random,AlwaysDefect,68,119,0.5714285714285714,0.42857142857142855
TitForTat,17,AlwaysDefect,Pavlov,226,74,3.054054054054054,0.0
TitForTat,17,Pavlov,AlwaysDefect,36,74,0.4864864864864865,0.5135135135135135
TitForTat,17,Random,Random,136,60,2.2666666666666666,0.5333333333333333
TitForTat,17,Random,Pavlov,230,92,2.5,0.358695652173913
TitForTat,17,Pavlov,Random,160,92,1.7391304347826086,0.5108695652173914
TitForTat,17,Pavlov,Pavlov,180,60,3.0,1.0
TitForTat,18,SEAT,SEAT,7290,2430,3.0,1.0
TitForTat,18,SEAT,TitForTat,3342,1114,3.0,1.0
TitForTat,18,TitForTat,SEAT,3342,1114,3.0,1.0
TitForTat,18,SEAT,Grudger,1245,415,3.0,1.0
TitForTat,18,Grudger,SEAT,1245,415,3.0,1.0
TitForTat,18,SEAT,AlwaysDefect,522,546,0.9560439560439561,0.04395604395604396
TitForTat,18,AlwaysDefect,SEAT,642,546,1.1758241758241759,0.0
TitForTat,18,SEAT,Random,966,436,2.2155963302752295,0.5665137614678899
TitForTat,18,Random,SEAT,1051,436,2.4105504587155964,0.5275229357798165
TitForTat,18,SEAT,Pavlov,1404,468,3.0,1.0
TitForTat,18,Pavlov,SEAT,1404,468,3.0,1.0
TitForTat,18,TitForTat,TitForTat,330,110,3.0,1.0
TitForTat,18,TitForTat,Grudger,618,206,3.0,1.0
TitForTat,18,Grudger,TitForTat,618,206,3.0,1.0
TitForTat,18,TitForTat,AlwaysDefect,184,192,0.9583333333333334,0.041666666666666664
TitForTat,18,AlwaysDefect,TitForTat,224,192,1.1666666666666667,0.0
TitForTat,18,TitForTat,Random,329,145,2.268965517241379,0.5517241379310345
TitForTat,18,Random,TitForTat,349,145,2.406896551724138,0.5241379310344828
TitForTat,18,TitForTat,Pavlov,396,132,3.0,1.0
TitForTat,18,Pavlov,TitForTat,396,132,3.0,1.0
TitForTat,18,Grudger,Grudger,126,42,3.0,1.0
TitForTat,18,Grudger,AlwaysDefect,58,62,0.9354838709677419,0.06451612903225806
TitForTat,18,AlwaysDefect,Grudger,78,62,1.2580645161290323,0.0
TitForTat,18,Grudger,Random,306,108,2.8333333333333335,0.1388888888888889
TitForTat,18,Random,Grudger,101,108,0.9351851851851852,0.5185185185185185
TitForTat,18,Grudger,Pavlov,261,87,3.0,1.0
TitForTat,18,Pavlov,Grudger,261,87,3.0,1.0
TitForTat,18,AlwaysDefect,AlwaysDefect,56,56,1.0,0.0
TitForTat,18,AlwaysDefect,Random,364,120,3.033333333333333,0.0
TitForTat,18,Random,AlwaysDefect,59,120,0.49166666666666664,0.5083333333333333
TitForTat,18,AlwaysDefect,Pavlov,222,74,3.0,0.0
TitForTat,18,Pavlov,AlwaysDefect,37,74,0.5,0.5
TitForTat,18,Random,Random,144,60,2.4,0.6
TitForTat,18,Random,Pavlov,152,58,2.6206896551724137,0.46551724137931033
TitForTat,18,Pavlov,Random,112,58,1.9310344827586208,0.603448275862069
TitForTat,18,Pavlov,Pavlov,96,32,3.0,1.0
TitForTat,19,SEAT,SEAT,7686,2562,3.0,1.0
TitForTat,19,SEAT,TitForTat,3105,1035,3.0,1.0
TitForTat,19,TitForTat,SEAT,3105,1035,3.0,1.0
TitForTat,19,SEAT,Grudger,1698,566,3.0,1.0
TitForTat,19,Grudger,SEAT,1698,566,3.0,1.0
TitForTat,19,SEAT,AlwaysDefect,512,536,0.9552238805970149,0.04477611940298507
TitForTat,19,AlwaysDefect,SEAT,632,536,1.1791044776119404,0.0
TitForTat,19,SEAT,Random,1083,475,2.28,0.5642105263157895
TitForTat,19,Random,SEAT,1153,475,2.4273684210526314,0.5347368421052632
TitForTat,19,SEAT,Pavlov,1248,416,3.0,1.0
TitForTat,19,Pavlov,SEAT,1248,416,3.0,1.0
TitForTat,19,TitForTat,TitForTat,792,264,3.0,1.0
TitForTat,19,TitForTat,Grudger,543,181,3.0,1.0
TitForTat,19,Grudger,TitForTat,543,181,3.0,1.0
TitForTat,19,TitForTat,AlwaysDefect,169,177,0.9548022598870056,0.04519774011299435
TitForTat,19,AlwaysDefect,TitForTat,209,177,1.1807909604519775,0.0
TitForTat,19,TitForTat,Random,345,157,2.1974522292993632,0.5159235668789809
TitForTat,19,Random,TitForTat,370,157,2.356687898089172,0.4840764331210191
TitForTat,19,TitForTat,Pavlov,369,123,3.0,1.0
TitForTat,19,Pavlov,TitForTat,369,123,3.0,1.0
TitForTat,19,Grudger,Grudger,78,26,3.0,1.0
TitForTat,19,Grudger,AlwaysDefect,47,51,0.9215686274509803,0.0784313725490196
TitForTat,19,AlwaysDefect,Grudger,67,51,1.3137254901960784,0.0
TitForTat,19,Grudger,Random,175,73,2.3972602739726026,0.1232876712328767
TitForTat,19,Random,Grudger,75,73,1.0273972602739727,0.3972602739726027
TitForTat,19,Grudger,Pavlov,282,94,3.0,1.0
TitForTat,19,Pavlov,Grudger,282,94,3.0,1.0
TitForTat,19,AlwaysDefect,AlwaysDefect,60,60,1.0,0.0
TitForTat,19,AlwaysDefect,Random,143,47,3.0425531914893615,0.0
TitForTat,19,Random,AlwaysDefect,23,47,0.48936170212765956,0.5106382978723404
TitForTat,19,AlwaysDefect,Pavlov,213,69,3.0869565217391304,0.0
TitForTat,19,Pavlov,AlwaysDefect,33,69,0.4782608695652174,0.5217391304347826
TitForTat,19,Random,Random,15,6,2.5,0.5
TitForTat,19,Random,Pavlov,201,93,2.161290322580645,0.5053763440860215
TitForTat,19,Pavlov,Random,216,93,2.3225806451612905,0.4731182795698925
TitForTat,19,Pavlov,Pavlov,180,60,3.0,1.0
TitForTat,20,SEAT,SEAT,7884,2628,3.0,1.0
TitForTat,20,SEAT,TitForTat,2730,910,3.0,1.0
TitForTat,20,TitForTat,SEAT,2730,910,3.0,1.0
TitForTat,20,SEAT,Grudger,1359,453,3.0,1.0
TitForTat,20,Grudger,SEAT,1359,453,3.0,1.0
TitForTat,20,SEAT,AlwaysDefect,414,438,0.9452054794520548,0.0547945205479452
TitForTat,20,AlwaysDefect,SEAT,534,438,1.2191780821917808,0.0
TitForTat,20,SEAT,Random,1074,492,2.182926829268293,0.5121951219512195
TitForTat,20,Random,SEAT,1144,492,2.3252032520325203,0.483739837398374
TitForTat,20,SEAT,Pavlov,1473,491,3.0,1.0
TitForTat,20,Pavlov,SEAT,1473,491,3.0,1.0
TitForTat,20,TitForTat,TitForTat,660,220,3.0,1.0
TitForTat,20,TitForTat,Grudger,549,183,3.0,1.0
TitForTat,20,Grudger,TitForTat,549,183,3.0,1.0
TitForTat,20,TitForTat,AlwaysDefect,161,169,0.9526627218934911,0.047337278106508875
TitForTat,20,AlwaysDefect,TitForTat,201,169,1.1893491124260356,0.0
TitForTat,20,TitForTat,Random,398,168,2.369047619047619,0.5833333333333334
TitForTat,20,Random,TitForTat,413,168,2.4583333333333335,0.5654761904761905
TitForTat,20,TitForTat,Pavlov,582,194,3.0,1.0
TitForTat,20,Pavlov,TitForTat,582,194,3.0,1.0
TitForTat,20,Grudger,Grudger,102,34,3.0,1.0
TitForTat,20,Grudger,AlwaysDefect,100,104,0.9615384615384616,0.038461538461538464
TitForTat,20,AlwaysDefect,Grudger,120,104,1.1538461538461537,0.0
TitForTat,20,Grudger,Random,159,57,2.789473684210526,0.15789473684210525
TitForTat,20,Random,Grudger,59,57,1.0350877192982457,0.5087719298245614
TitForTat,20,Grudger,Pavlov,228,76,3.0,1.0
TitForTat,20,Pavlov,Grudger,228,76,3.0,1.0
TitForTat,20,AlwaysDefect,AlwaysDefect,60,60,1.0,0.0
TitForTat,20,AlwaysDefect,Random,257,85,3.023529411764706,0.0
TitForTat,20,Random,AlwaysDefect,42,85,0.49411764705882355,0.5058823529411764
TitForTat,20,AlwaysDefect,Pavlov,141,45,3.1333333333333333,0.0
TitForTat,20,Pavlov,AlwaysDefect,21,45,0.4666666666666667,0.5333333333333333
TitForTat,20,Random,Random,56,26,2.1538461538461537,0.46153846153846156
TitForTat,20,Random,Pavlov,167,64,2.609375,0.46875
TitForTat,20,Pavlov,Random,127,64,1.984375,0.59375
TitForTat,20,Pavlov,Pavlov,180,60,3.0,1.0
Random,1,SEAT,SEAT,6010,2668,2.252623688155922,0.5022488755622189
Random,1,SEAT,TitForTat,2402,1016,2.3641732283464565,0.5206692913385826
Random,1,TitForTat,SEAT,2277,1016,2.2411417322834644,0.5452755905511811
Random,1,SEAT,Grudger,434,591,0.7343485617597293,0.5296108291032149
Random,1,Grudger,SEAT,1779,591,3.010152284263959,0.07445008460236886
Random,1,SEAT,AlwaysDefect,246,513,0.47953216374269003,0.52046783625731
Random,1,AlwaysDefect,SEAT,1581,513,3.08187134502924,0.0
Random,1,SEAT,Random,1170,532,2.199248120300752,0.4943609022556391
Random,1,Random,SEAT,1200,532,2.255639097744361,0.4830827067669173
Random,1,SEAT,Pavlov,825,353,2.3371104815864023,0.5552407932011332
Random,1,Pavlov,SEAT,830,353,2.3512747875354107,0.5524079320113314
Random,1,TitForTat,TitForTat,720,240,3.0,1.0
Random,1,TitForTat,Grudger,441,147,3.0,1.0
Random,1,Grudger,TitForTat,441,147,3.0,1.0
Random,1,TitForTat,AlwaysDefect,128,136,0.9411764705882353,0.058823529411764705
Random,1,AlwaysDefect,TitForTat,168,136,1.2352941176470589,0.0
Random,1,TitForTat,Random,453,212,2.1367924528301887,0.46226415094339623
Random,1,Random,TitForTat,458,212,2.160377358490566,0.45754716981132076
Random,1,TitForTat,Pavlov,387,129,3.0,1.0
Random,1,Pavlov,TitForTat,387,129,3.0,1.0
Random,1,Grudger,Grudger,114,38,3.0,1.0
Random,1,Grudger,AlwaysDefect,81,85,0.9529411764705882,0.047058823529411764
Random,1,AlwaysDefect,Grudger,101,85,1.188235294117647,0.0
Random,1,Grudger,Random,235,81,2.9012345679012346,0.16049382716049382
Random,1,Random,Grudger,80,81,0.9876543209876543,0.5432098765432098
Random,1,Grudger,Pavlov,153,51,3.0,1.0
Random,1,Pavlov,Grudger,153,51,3.0,1.0
Random,1,AlwaysDefect,AlwaysDefect,42,42,1.0,0.0
Random,1,AlwaysDefect,Random,116,40,2.9,0.0
Random,1,Random,AlwaysDefect,21,40,0.525,0.475
Random,1,AlwaysDefect,Pavlov,227,75,3.026666666666667,0.0
Random,1,Pavlov,AlwaysDefect,37,75,0.49333333333333335,0.5066666666666667
Random,1,Random,Random,133,60,2.216666666666667,0.48333333333333334
Random,1,Random,Pavlov,215,93,2.3118279569892475,0.4946236559139785
Random,1,Pavlov,Random,205,93,2.204301075268817,0.5161290322580645
Random,1,Pavlov,Pavlov,12,4,3.0,1.0
Random,2,SEAT,SEAT,5937,2628,2.259132420091324,0.504185692541857
Random,2,SEAT,TitForTat,1952,824,2.3689320388349513,0.49271844660194175
Random,2,TitForTat,SEAT,1807,824,2.1929611650485437,0.5279126213592233
Random,2,SEAT,Grudger,377,428,0.8808411214953271,0.4766355140186916
Random,2,Grudger,SEAT,1182,428,2.7616822429906542,0.10046728971962617
Random,2,SEAT,AlwaysDefect,239,477,0.5010482180293501,0.4989517819706499
Random,2,AlwaysDefect,SEAT,1429,477,2.9958071278825997,0.0
Random,2,SEAT,Random,1073,473,2.2684989429175477,0.5031712473572939
Random,2,Random,SEAT,1068,473,2.2579281183932345,0.5052854122621564
Random,2,SEAT,Pavlov,1204,502,2.398406374501992,0.5139442231075697
Random,2,Pavlov,SEAT,1104,502,2.199203187250996,0.5537848605577689
Random,2,TitForTat,TitForTat,834,278,3.0,1.0
Random,2,TitForTat,Grudger,489,163,3.0,1.0
Random,2,Grudger,TitForTat,489,163,3.0,1.0
Random,2,TitForTat,AlwaysDefect,196,204,0.9607843137254902,0.0392156862745098
Random,2,AlwaysDefect,TitForTat,236,204,1.1568627450980393,0.0
Random,2,TitForTat,Random,233,112,2.080357142857143,0.4732142857142857
Random,2,Random,TitForTat,248,112,2.2142857142857144,0.44642857142857145
Random,2,TitForTat,Pavlov,291,97,3.0,1.0
Random,2,Pavlov,TitForTat,291,97,3.0,1.0
Random,2,Grudger,Grudger,114,38,3.0,1.0
Random,2,Grudger,AlwaysDefect,47,51,0.9215686274509803,0.0784313725490196
Random,2,AlwaysDefect,Grudger,67,51,1.3137254901960784,0.0
Random,2,Grudger,Random,253,83,3.0481927710843375,0.060240963855421686
Random,2,Random,Grudger,58,83,0.6987951807228916,0.5301204819277109
Random,2,Grudger,Pavlov,258,86,3.0,1.0
Random,2,Pavlov,Grudger,258,86,3.0,1.0
Random,2,AlwaysDefect,AlwaysDefect,60,60,1.0,0.0
Random,2,AlwaysDefect,Random,207,67,3.08955223880597,0.0
Random,2,Random,AlwaysDefect,32,67,0.47761194029850745,0.5223880597014925
Random,2,AlwaysDefect,Pavlov,276,92,3.0,0.0
Random,2,Pavlov,AlwaysDefect,46,92,0.5,0.5
Random,2,Random,Random,141,60,2.35,0.55
Random,2,Random,Pavlov,196,84,2.3333333333333335,0.5
Random,2,Pavlov,Random,186,84,2.2142857142857144,0.5238095238095238
Random,2,Pavlov,Pavlov,180,60,3.0,1.0
Random,3,SEAT,SEAT,5461,2434,2.243631881676253,0.5073952341824157
Random,3,SEAT,TitForTat,1836,799,2.297872340425532,0.46307884856070086
Random,3,TitForTat,SEAT,1701,799,2.1289111389236544,0.49687108886107634
Random,3,SEAT,Grudger,450,536,0.8395522388059702,0.5167910447761194
Random,3,Grudger,SEAT,1555,536,2.9011194029850746,0.1044776119402985
Random,3,SEAT,AlwaysDefect,239,522,0.4578544061302682,0.5421455938697318
Random,3,AlwaysDefect,SEAT,1654,522,3.1685823754789273,0.0
Random,3,SEAT,Random,963,450,2.14,0.52
Random,3,Random,SEAT,1058,450,2.351111111111111,0.4777777777777778
Random,3,SEAT,Pavlov,1215,481,2.525987525987526,0.4760914760914761
Random,3,Pavlov,SEAT,980,481,2.0374220374220373,0.5738045738045738
Random,3,TitForTat,TitForTat,828,276,3.0,1.0
Random,3,TitForTat,Grudger,393,131,3.0,1.0
Random,3,Grudger,TitForTat,393,131,3.0,1.0
Random,3,TitForTat,AlwaysDefect,184,192,0.9583333333333334,0.041666666666666664
Random,3,AlwaysDefect,TitForTat,224,192,1.1666666666666667,0.0
Random,3,TitForTat,Random,326,145,2.2482758620689656,0.5448275862068965
Random,3,Random,TitForTat,351,145,2.420689655172414,0.5103448275862069
Random,3,TitForTat,Pavlov,375,125,3.0,1.0
Random,3,Pavlov,TitForTat,375,125,3.0,1.0
Random,3,Grudger,Grudger,150,50,3.0,1.0
Random,3,Grudger,AlwaysDefect,78,82,0.9512195121951219,0.04878048780487805
Random,3,AlwaysDefect,Grudger,98,82,1.1951219512195121,0.0
Random,3,Grudger,Random,156,58,2.689655172413793,0.1206896551724138
Random,3,Random,Grudger,56,58,0.9655172413793104,0.46551724137931033
Random,3,Grudger,Pavlov,246,82,3.0,1.0
Random,3,Pavlov,Grudger,246,82,3.0,1.0
Random,3,AlwaysDefect,AlwaysDefect,30,30,1.0,0.0
Random,3,AlwaysDefect,Random,322,98,3.2857142857142856,0.0
Random,3,Random,AlwaysDefect,42,98,0.42857142857142855,0.5714285714285714
Random,3,AlwaysDefect,Pavlov,287,95,3.0210526315789474,0.0
Random,3,Pavlov,AlwaysDefect,47,95,0.49473684210526314,0.5052631578947369
Random,3,Random,Random,133,60,2.216666666666667,0.45
Random,3,Random,Pavlov,151,75,2.013333333333333,0.4666666666666667
Random,3,Pavlov,Random,176,75,2.3466666666666667,0.4
Random,3,Pavlov,Pavlov,12,4,3.0,1.0
Random,4,SEAT,SEAT,5614,2468,2.2747163695299837,0.5129659643435981
Random,4,SEAT,TitForTat,1934,817,2.3671970624235006,0.5042839657282742
Random,4,TitForTat,SEAT,1814,817,2.2203182374541,0.5336597307221542
Random,4,SEAT,Grudger,425,478,0.8891213389121339,0.5209205020920502
Random,4,Grudger,SEAT,1380,478,2.8870292887029287,0.12133891213389121
Random,4,SEAT,AlwaysDefect,243,487,0.4989733059548255,0.5010266940451745
Random,4,AlwaysDefect,SEAT,1463,487,3.004106776180698,0.0
Random,4,SEAT,Random,1068,471,2.267515923566879,0.4861995753715499
Random,4,Random,SEAT,1043,471,2.2144373673036095,0.4968152866242038
Random,4,SEAT,Pavlov,1261,562,2.2437722419928825,0.5124555160142349
Random,4,Pavlov,SEAT,1291,562,2.297153024911032,0.501779359430605
Random,4,TitForTat,TitForTat,714,238,3.0,1.0
Random,4,TitForTat,Grudger,498,166,3.0,1.0
Random,4,Grudger,TitForTat,498,166,3.0,1.0
Random,4,TitForTat,AlwaysDefect,129,137,0.9416058394160584,0.058394160583941604
Random,4,AlwaysDefect,TitForTat,169,137,1.2335766423357664,0.0
Random,4,TitForTat,Random,317,144,2.201388888888889,0.4930555555555556
Random,4,Random,TitForTat,327,144,2.2708333333333335,0.4791666666666667
Random,4,TitForTat,Pavlov,510,170,3.0,1.0
Random,4,Pavlov,TitForTat,510,170,3.0,1.0
Random,4,Grudger,Grudger,114,38,3.0,1.0
Random,4,Grudger,AlwaysDefect,89,93,0.956989247311828,0.043010752688172046
Random,4,AlwaysDefect,Grudger,109,93,1.1720430107526882,0.0
Random,4,Grudger,Random,330,108,3.0555555555555554,0.08333333333333333
Random,4,Random,Grudger,80,108,0.7407407407407407,0.5462962962962963
Random,4,Grudger,Pavlov,306,102,3.0,1.0
Random,4,Pavlov,Grudger,306,102,3.0,1.0
Random,4,AlwaysDefect,AlwaysDefect,60,60,1.0,0.0
Random,4,AlwaysDefect,Random,217,85,2.552941176470588,0.0
Random,4,Random,AlwaysDefect,52,85,0.611764705882353,0.38823529411764707
Random,4,AlwaysDefect,Pavlov,317,105,3.019047619047619,0.0
Random,4,Pavlov,AlwaysDefect,52,105,0.49523809523809526,0.5047619047619047
Random,4,Random,Random,59,26,2.269230769230769,0.5
Random,4,Random,Pavlov,210,111,1.8918918918918919,0.5045045045045045
Random,4,Pavlov,Random,280,111,2.5225225225225225,0.3783783783783784
Random,4,Pavlov,Pavlov,54,18,3.0,1.0
Random,5,SEAT,SEAT,5789,2576,2.2472826086956523,0.5019409937888198
Random,5,SEAT,TitForTat,2310,990,2.3333333333333335,0.49292929292929294
Random,5,TitForTat,SEAT,2165,990,2.186868686868687,0.5222222222222223
Random,5,SEAT,Grudger,401,522,0.7681992337164751,0.5172413793103449
Random,5,Grudger,SEAT,1541,522,2.9521072796934864,0.08045977011494253
Random,5,SEAT,AlwaysDefect,232,504,0.4603174603174603,0.5396825396825397
Random,5,AlwaysDefect,SEAT,1592,504,3.1587301587301586,0.0
Random,5,SEAT,Random,1165,527,2.210626185958254,0.47248576850094876
Random,5,Random,SEAT,1150,527,2.1821631878557874,0.4781783681214421
Random,5,SEAT,Pavlov,1122,449,2.4988864142538976,0.4766146993318486
Random,5,Pavlov,SEAT,922,449,2.0534521158129175,0.5657015590200446
Random,5,TitForTat,TitForTat,750,250,3.0,1.0
Random,5,TitForTat,Grudger,402,134,3.0,1.0
Random,5,Grudger,TitForTat,402,134,3.0,1.0
Random,5,TitForTat,AlwaysDefect,186,194,0.9587628865979382,0.041237113402061855
Random,5,AlwaysDefect,TitForTat,226,194,1.1649484536082475,0.0
Random,5,TitForTat,Random,323,148,2.1824324324324325,0.49324324324324326
Random,5,Random,TitForTat,333,148,2.25,0.4797297297297297
Random,5,TitForTat,Pavlov,459,153,3.0,1.0
Random,5,Pavlov,TitForTat,459,153,3.0,1.0
Random,5,Grudger,Grudger,180,60,3.0,1.0
Random,5,Grudger,AlwaysDefect,91,95,0.9578947368421052,0.042105263157894736
Random,5,AlwaysDefect,Grudger,111,95,1.168421052631579,0.0
Random,5,Grudger,Random,356,108,3.2962962962962963,0.07407407407407407
Random,5,Random,Grudger,71,108,0.6574074074074074,0.6018518518518519
Random,5,Grudger,Pavlov,255,85,3.0,1.0
Random,5,Pavlov,Grudger,255,85,3.0,1.0
Random,5,AlwaysDefect,AlwaysDefect,60,60,1.0,0.0
Random,5,AlwaysDefect,Random,307,99,3.101010101010101,0.0
Random,5,Random,AlwaysDefect,47,99,0.47474747474747475,0.5252525252525253
Random,5,AlwaysDefect,Pavlov,286,94,3.0425531914893615,0.0
Random,5,Pavlov,AlwaysDefect,46,94,0.48936170212765956,0.5106382978723404
Random,5,Random,Random,77,34,2.264705882352941,0.5
Random,5,Random,Pavlov,176,72,2.4444444444444446,0.5972222222222222
Random,5,Pavlov,Random,171,72,2.375,0.6111111111111112
Random,5,Pavlov,Pavlov,6,2,3.0,1.0
Random,6,SEAT,SEAT,5769,2610,2.2103448275862068,0.48314176245210727
Random,6,SEAT,TitForTat,2321,986,2.3539553752535496,0.5020283975659229
Random,6,TitForTat,SEAT,2176,986,2.206896551724138,0.5314401622718052
Random,6,SEAT,Grudger,394,449,0.8775055679287305,0.5367483296213809
Random,6,Grudger,SEAT,1329,449,2.9599109131403116,0.12026726057906459
Random,6,SEAT,AlwaysDefect,235,480,0.4895833333333333,0.5104166666666666
Random,6,AlwaysDefect,SEAT,1460,480,3.0416666666666665,0.0
Random,6,SEAT,Random,1022,473,2.160676532769556,0.4714587737843552
Random,6,Random,SEAT,1037,473,2.192389006342495,0.46511627906976744
Random,6,SEAT,Pavlov,1344,558,2.4086021505376345,0.492831541218638
Random,6,Pavlov,SEAT,1194,558,2.139784946236559,0.546594982078853
Random,6,TitForTat,TitForTat,702,234,3.0,1.0
Random,6,TitForTat,Grudger,576,192,3.0,1.0
Random,6,Grudger,TitForTat,576,192,3.0,1.0
Random,6,TitForTat,AlwaysDefect,185,193,0.9585492227979274,0.04145077720207254
Random,6,AlwaysDefect,TitForTat,225,193,1.16580310880829,0.0
Random,6,TitForTat,Random,423,195,2.169230769230769,0.5076923076923077
Random,6,Random,TitForTat,453,195,2.3230769230769233,0.47692307692307695
Random,6,TitForTat,Pavlov,393,131,3.0,1.0
Random,6,Pavlov,TitForTat,393,131,3.0,1.0
Random,6,Grudger,Grudger,180,60,3.0,1.0
Random,6,Grudger,AlwaysDefect,83,87,0.9540229885057471,0.04597701149425287
Random,6,AlwaysDefect,Grudger,103,87,1.1839080459770115,0.0
Random,6,Grudger,Random,249,87,2.8620689655172415,0.05747126436781609
Random,6,Random,Grudger,64,87,0.735632183908046,0.4827586206896552
Random,6,Grudger,Pavlov,153,51,3.0,1.0
Random,6,Pavlov,Grudger,153,51,3.0,1.0
Random,6,AlwaysDefect,AlwaysDefect,60,60,1.0,0.0
Random,6,AlwaysDefect,Random,288,92,3.130434782608696,0.0
Random,6,Random,AlwaysDefect,43,92,0.4673913043478261,0.532608695652174
Random,6,AlwaysDefect,Pavlov,118,38,3.1052631578947367,0.0
Random,6,Pavlov,AlwaysDefect,18,38,0.47368421052631576,0.5263157894736842
Random,6,Random,Random,136,60,2.2666666666666666,0.5
Random,6,Random,Pavlov,270,111,2.4324324324324325,0.45045045045045046
Random,6,Pavlov,Random,225,111,2.027027027027027,0.5315315315315315
Random,6,Pavlov,Pavlov,108,36,3.0,1.0
Random,7,SEAT,SEAT,5434,2424,2.2417491749174916,0.4892739273927393
Random,7,SEAT,TitForTat,2446,1045,2.3406698564593302,0.4995215311004785
Random,7,TitForTat,SEAT,2311,1045,2.2114832535885167,0.5253588516746411
Random,7,SEAT,Grudger,412,496,0.8306451612903226,0.4959677419354839
Random,7,Grudger,SEAT,1412,496,2.846774193548387,0.09274193548387097
Random,7,SEAT,AlwaysDefect,289,572,0.5052447552447552,0.49475524475524474
Random,7,AlwaysDefect,SEAT,1704,572,2.979020979020979,0.0
Random,7,SEAT,Random,1153,506,2.2786561264822134,0.4782608695652174
Random,7,Random,SEAT,1098,506,2.1699604743083003,0.5
Random,7,SEAT,Pavlov,1065,467,2.28051391862955,0.5032119914346895
Random,7,Pavlov,SEAT,1055,467,2.259100642398287,0.5074946466809421
Random,7,TitForTat,TitForTat,912,304,3.0,1.0
Random,7,TitForTat,Grudger,294,98,3.0,1.0
Random,7,Grudger,TitForTat,294,98,3.0,1.0
Random,7,TitForTat,AlwaysDefect,121,129,0.937984496124031,0.06201550387596899
Random,7,AlwaysDefect,TitForTat,161,129,1.248062015503876,0.0
Random,7,TitForTat,Random,338,148,2.2837837837837838,0.5608108108108109
Random,7,Random,TitForTat,353,148,2.385135135135135,0.5405405405405406
Random,7,TitForTat,Pavlov,510,170,3.0,1.0
Random,7,Pavlov,TitForTat,510,170,3.0,1.0
Random,7,Grudger,Grudger,48,16,3.0,1.0
Random,7,Grudger,AlwaysDefect,63,67,0.9402985074626866,0.05970149253731343
Random,7,AlwaysDefect,Grudger,83,67,1.2388059701492538,0.0
Random,7,Grudger,Random,190,68,2.7941176470588234,0.10294117647058823
Random,7,Random,Grudger,60,68,0.8823529411764706,0.4852941176470588
Random,7,Grudger,Pavlov,186,62,3.0,1.0
Random,7,Pavlov,Grudger,186,62,3.0,1.0
Random,7,AlwaysDefect,AlwaysDefect,2,2,1.0,0.0
Random,7,AlwaysDefect,Random,355,119,2.9831932773109244,0.0
Random,7,Random,AlwaysDefect,60,119,0.5042016806722689,0.4957983193277311
Random,7,AlwaysDefect,Pavlov,268,88,3.0454545454545454,0.0
Random,7,Pavlov,AlwaysDefect,43,88,0.48863636363636365,0.5113636363636364
Random,7,Random,Random,10,4,2.5,0.5
Random,7,Random,Pavlov,227,106,2.141509433962264,0.5377358490566038
Random,7,Pavlov,Random,257,106,2.4245283018867925,0.4811320754716981
Random,7,Pavlov,Pavlov,180,60,3.0,1.0
Random,8,SEAT,SEAT,5691,2472,2.3021844660194173,0.5238673139158576
Random,8,SEAT,TitForTat,2489,1075,2.3153488372093025,0.49023255813953487
Random,8,TitForTat,SEAT,2379,1075,2.2130232558139533,0.5106976744186047
Random,8,SEAT,Grudger,444,537,0.8268156424581006,0.5027932960893855
Random,8,Grudger,SEAT,1539,537,2.8659217877094973,0.09497206703910614
Random,8,SEAT,AlwaysDefect,281,560,0.5017857142857143,0.4982142857142857
Random,8,AlwaysDefect,SEAT,1676,560,2.992857142857143,0.0
Random,8,SEAT,Random,1011,487,2.075975359342916,0.5400410677618069
Random,8,Random,SEAT,1186,487,2.435318275154004,0.4681724845995893
Random,8,SEAT,Pavlov,1072,507,2.11439842209073,0.5404339250493096
Random,8,Pavlov,SEAT,1247,507,2.4595660749506902,0.4714003944773176
Random,8,TitForTat,TitForTat,678,226,3.0,1.0
Random,8,TitForTat,Grudger,513,171,3.0,1.0
Random,8,Grudger,TitForTat,513,171,3.0,1.0
Random,8,TitForTat,AlwaysDefect,151,159,0.949685534591195,0.050314465408805034
Random,8,AlwaysDefect,TitForTat,191,159,1.20125786163522,0.0
Random,8,TitForTat,Random,318,137,2.321167883211679,0.5474452554744526
Random,8,Random,TitForTat,323,137,2.3576642335766422,0.5401459854014599
Random,8,TitForTat,Pavlov,561,187,3.0,1.0
Random,8,Pavlov,TitForTat,561,187,3.0,1.0
Random,8,Grudger,Grudger,180,60,3.0,1.0
Random,8,Grudger,AlwaysDefect,62,66,0.9393939393939394,0.06060606060606061
Random,8,AlwaysDefect,Grudger,82,66,1.2424242424242424,0.0
Random,8,Grudger,Random,203,66,3.0757575757575757,0.10606060606060606
Random,8,Random,Grudger,53,66,0.803030303030303,0.5606060606060606
Random,8,Grudger,Pavlov,198,66,3.0,1.0
Random,8,Pavlov,Grudger,198,66,3.0,1.0
Random,8,AlwaysDefect,AlwaysDefect,60,60,1.0,0.0
Random,8,AlwaysDefect,Random,162,54,3.0,0.0
Random,8,Random,AlwaysDefect,27,54,0.5,0.5
Random,8,AlwaysDefect,Pavlov,292,96,3.0416666666666665,0.0
Random,8,Pavlov,AlwaysDefect,47,96,0.4895833333333333,0.5104166666666666
Random,8,Random,Random,6,2,3.0,1.0
Random,8,Random,Pavlov,290,119,2.436974789915966,0.48739495798319327
Random,8,Pavlov,Random,250,119,2.100840336134454,0.5546218487394958
Random,8,Pavlov,Pavlov,12,4,3.0,1.0
Random,9,SEAT,SEAT,6188,2806,2.2052744119743406,0.4768353528153956
Random,9,SEAT,TitForTat,2528,1080,2.3407407407407406,0.5101851851851852
Random,9,TitForTat,SEAT,2403,1080,2.225,0.5333333333333333
Random,9,SEAT,Grudger,408,461,0.8850325379609545,0.4793926247288503
Random,9,Grudger,SEAT,1273,461,2.761388286334056,0.10412147505422993
Random,9,SEAT,AlwaysDefect,261,544,0.4797794117647059,0.5202205882352942
Random,9,AlwaysDefect,SEAT,1676,544,3.0808823529411766,0.0
Random,9,SEAT,Random,1007,446,2.257847533632287,0.4641255605381166
Random,9,Random,SEAT,942,446,2.1121076233183858,0.49327354260089684
Random,9,SEAT,Pavlov,1045,442,2.3642533936651584,0.5452488687782805
Random,9,Pavlov,SEAT,1020,442,2.3076923076923075,0.5565610859728507
Random,9,TitForTat,TitForTat,840,280,3.0,1.0
Random,9,TitForTat,Grudger,432,144,3.0,1.0
Random,9,Grudger,TitForTat,432,144,3.0,1.0
Random,9,TitForTat,AlwaysDefect,165,173,0.953757225433526,0.046242774566473986
Random,9,AlwaysDefect,TitForTat,205,173,1.1849710982658959,0.0
Random,9,TitForTat,Random,299,135,2.214814814814815,0.5333333333333333
Random,9,Random,TitForTat,319,135,2.362962962962963,0.5037037037037037
Random,9,TitForTat,Pavlov,486,162,3.0,1.0
Random,9,Pavlov,TitForTat,486,162,3.0,1.0
Random,9,Grudger,Grudger,180,60,3.0,1.0
Random,9,Grudger,AlwaysDefect,67,71,0.9436619718309859,0.056338028169014086
Random,9,AlwaysDefect,Grudger,87,71,1.2253521126760563,0.0
Random,9,Grudger,Random,338,110,3.0727272727272728,0.07272727272727272
Random,9,Random,Grudger,78,110,0.7090909090909091,0.5454545454545454
Random,9,Grudger,Pavlov,213,71,3.0,1.0
Random,9,Pavlov,Grudger,213,71,3.0,1.0
Random,9,AlwaysDefect,AlwaysDefect,60,60,1.0,0.0
Random,9,AlwaysDefect,Random,106,34,3.1176470588235294,0.0
Random,9,Random,AlwaysDefect,16,34,0.47058823529411764,0.5294117647058824
Random,9,AlwaysDefect,Pavlov,172,56,3.0714285714285716,0.0
Random,9,Pavlov,AlwaysDefect,27,56,0.48214285714285715,0.5178571428571429
Random,9,Random,Random,28,12,2.3333333333333335,0.5
Random,9,Random,Pavlov,228,96,2.375,0.4895833333333333
Random,9,Pavlov,Random,208,96,2.1666666666666665,0.53125
Random,9,Pavlov,Pavlov,102,34,3.0,1.0
Random,10,SEAT,SEAT,6331,2800,2.2610714285714284,0.5075
Random,10,SEAT,TitForTat,2311,998,2.31563126252505,0.48897795591182364
Random,10,TitForTat,SEAT,2181,998,2.185370741482966,0.5150300601202404
Random,10,SEAT,Grudger,368,426,0.863849765258216,0.5187793427230047
Random,10,Grudger,SEAT,1238,426,2.9061032863849765,0.11032863849765258
Random,10,SEAT,AlwaysDefect,242,497,0.4869215291750503,0.5130784708249497
Random,10,AlwaysDefect,SEAT,1517,497,3.052313883299799,0.0
Random,10,SEAT,Random,1023,452,2.2632743362831858,0.4756637168141593
Random,10,Random,SEAT,983,452,2.174778761061947,0.49336283185840707
Random,10,SEAT,Pavlov,1296,543,2.386740331491713,0.47697974217311234
Random,10,Pavlov,SEAT,1151,543,2.1197053406998156,0.5303867403314917
Random,10,TitForTat,TitForTat,570,190,3.0,1.0
Random,10,TitForTat,Grudger,579,193,3.0,1.0
Random,10,Grudger,TitForTat,579,193,3.0,1.0
Random,10,TitForTat,AlwaysDefect,159,167,0.9520958083832335,0.04790419161676647
Random,10,AlwaysDefect,TitForTat,199,167,1.1916167664670658,0.0
Random,10,TitForTat,Random,357,167,2.1377245508982035,0.47904191616766467
Random,10,Random,TitForTat,372,167,2.2275449101796405,0.46107784431137727
Random,10,TitForTat,Pavlov,333,111,3.0,1.0
Random,10,Pavlov,TitForTat,333,111,3.0,1.0
Random,10,Grudger,Grudger,54,18,3.0,1.0
Random,10,Grudger,AlwaysDefect,112,116,0.9655172413793104,0.034482758620689655
Random,10,AlwaysDefect,Grudger,132,116,1.1379310344827587,0.0
Random,10,Grudger,Random,123,43,2.86046511627907,0.13953488372093023
Random,10,Random,Grudger,43,43,1.0,0.5116279069767442
Random,10,Grudger,Pavlov,201,67,3.0,1.0
Random,10,Pavlov,Grudger,201,67,3.0,1.0
Random,10,AlwaysDefect,AlwaysDefect,16,16,1.0,0.0
Random,10,AlwaysDefect,Random,299,95,3.1473684210526316,0.0
Random,10,Random,AlwaysDefect,44,95,0.4631578947368421,0.5368421052631579
Random,10,AlwaysDefect,Pavlov,281,93,3.021505376344086,0.0
Random,10,Pavlov,AlwaysDefect,46,93,0.4946236559139785,0.5053763440860215
Random,10,Random,Random,128,60,2.1333333333333333,0.43333333333333335
Random,10,Random,Pavlov,69,26,2.6538461538461537,0.4230769230769231
Random,10,Pavlov,Random,49,26,1.8846153846153846,0.5769230769230769
Random,10,Pavlov,Pavlov,18,6,3.0,1.0
Random,11,SEAT,SEAT,6054,2686,2.2539091586001487,0.5063291139240507
Random,11,SEAT,TitForTat,2310,991,2.330978809283552,0.49848637739656915
Random,11,TitForTat,SEAT,2200,991,2.2199798183652875,0.520686175580222
Random,11,SEAT,Grudger,428,520,0.823076923076923,0.5115384615384615
Random,11,Grudger,SEAT,1508,520,2.9,0.09615384615384616
Random,11,SEAT,AlwaysDefect,263,506,0.5197628458498024,0.48023715415019763
Random,11,AlwaysDefect,SEAT,1478,506,2.9209486166007905,0.0
Random,11,SEAT,Random,1208,525,2.300952380952381,0.4876190476190476
Random,11,Random,SEAT,1168,525,2.224761904761905,0.5028571428571429
Random,11,SEAT,Pavlov,1256,512,2.453125,0.49609375
Random,11,Pavlov,SEAT,1091,512,2.130859375,0.560546875
Random,11,TitForTat,TitForTat,642,214,3.0,1.0
Random,11,TitForTat,Grudger,426,142,3.0,1.0
Random,11,Grudger,TitForTat,426,142,3.0,1.0
Random,11,TitForTat,AlwaysDefect,159,167,0.9520958083832335,0.04790419161676647
Random,11,AlwaysDefect,TitForTat,199,167,1.1916167664670658,0.0
Random,11,TitForTat,Random,257,126,2.0396825396825395,0.46825396825396826
Random,11,Random,TitForTat,282,126,2.238095238095238,0.42857142857142855
Random,11,TitForTat,Pavlov,252,84,3.0,1.0
Random,11,Pavlov,TitForTat,252,84,3.0,1.0
Random,11,Grudger,Grudger,72,24,3.0,1.0
Random,11,Grudger,AlwaysDefect,102,106,0.9622641509433962,0.03773584905660377
Random,11,AlwaysDefect,Grudger,122,106,1.150943396226415,0.0
Random,11,Grudger,Random,184,62,2.967741935483871,0.14516129032258066
Random,11,Random,Grudger,59,62,0.9516129032258065,0.5483870967741935
Random,11,Grudger,Pavlov,306,102,3.0,1.0
Random,11,Pavlov,Grudger,306,102,3.0,1.0
Random,11,AlwaysDefect,AlwaysDefect,16,16,1.0,0.0
Random,11,AlwaysDefect,Random,217,77,2.8181818181818183,0.0
Random,11,Random,AlwaysDefect,42,77,0.5454545454545454,0.45454545454545453
Random,11,AlwaysDefect,Pavlov,143,47,3.0425531914893615,0.0
Random,11,Pavlov,AlwaysDefect,23,47,0.48936170212765956,0.5106382978723404
Random,11,Random,Random,120,60,2.0,0.36666666666666664
Random,11,Random,Pavlov,171,76,2.25,0.5526315789473685
Random,11,Pavlov,Random,181,76,2.3815789473684212,0.5263157894736842
Random,11,Pavlov,Pavlov,180,60,3.0,1.0
Random,12,SEAT,SEAT,6179,2760,2.238768115942029,0.4923913043478261
Random,12,SEAT,TitForTat,1986,846,2.347517730496454,0.5047281323877069
Random,12,TitForTat,SEAT,1876,846,2.2174940898345152,0.5307328605200946
Random,12,SEAT,Grudger,403,463,0.8704103671706264,0.49892008639308855
Random,12,Grudger,SEAT,1313,463,2.83585313174946,0.10583153347732181
Random,12,SEAT,AlwaysDefect,278,515,0.5398058252427185,0.4601941747572815
Random,12,AlwaysDefect,SEAT,1463,515,2.840776699029126,0.0
Random,12,SEAT,Random,1093,506,2.1600790513833994,0.5079051383399209
Random,12,Random,SEAT,1178,506,2.3280632411067192,0.4743083003952569
Random,12,SEAT,Pavlov,1027,416,2.46875,0.4879807692307692
Random,12,Pavlov,SEAT,877,416,2.108173076923077,0.5600961538461539
Random,12,TitForTat,TitForTat,942,314,3.0,1.0
Random,12,TitForTat,Grudger,465,155,3.0,1.0
Random,12,Grudger,TitForTat,465,155,3.0,1.0
Random,12,TitForTat,AlwaysDefect,195,203,0.9605911330049262,0.03940886699507389
Random,12,AlwaysDefect,TitForTat,235,203,1.1576354679802956,0.0
Random,12,TitForTat,Random,240,116,2.0689655172413794,0.46551724137931033
Random,12,Random,TitForTat,260,116,2.2413793103448274,0.43103448275862066
Random,12,TitForTat,Pavlov,594,198,3.0,1.0
Random,12,Pavlov,TitForTat,594,198,3.0,1.0
Random,12,Grudger,Grudger,36,12,3.0,1.0
Random,12,Grudger,AlwaysDefect,83,87,0.9540229885057471,0.04597701149425287
Random,12,AlwaysDefect,Grudger,103,87,1.1839080459770115,0.0
Random,12,Grudger,Random,255,92,2.7717391304347827,0.08695652173913043
Random,12,Random,Grudger,75,92,0.8152173913043478,0.4782608695652174
Random,12,Grudger,Pavlov,318,106,3.0,1.0
Random,12,Pavlov,Grudger,318,106,3.0,1.0
Random,12,AlwaysDefect,AlwaysDefect,50,50,1.0,0.0
Random,12,AlwaysDefect,Random,220,76,2.8947368421052633,0.0
Random,12,Random,AlwaysDefect,40,76,0.5263157894736842,0.47368421052631576
Random,12,AlwaysDefect,Pavlov,179,59,3.0338983050847457,0.0
Random,12,Pavlov,AlwaysDefect,29,59,0.4915254237288136,0.5084745762711864
Random,12,Random,Random,7,4,1.75,0.25
Random,12,Random,Pavlov,233,105,2.219047619047619,0.49523809523809526
Random,12,Pavlov,Random,238,105,2.2666666666666666,0.4857142857142857
Random,12,Pavlov,Pavlov,180,60,3.0,1.0
Random,13,SEAT,SEAT,5249,2324,2.258605851979346,0.5038726333907056
Random,13,SEAT,TitForTat,2486,1074,2.3147113594040967,0.4925512104283054
Random,13,TitForTat,SEAT,2371,1074,2.207635009310987,0.5139664804469274
Random,13,SEAT,Grudger,496,603,0.8225538971807629,0.5207296849087893
Random,13,Grudger,SEAT,1761,603,2.9203980099502487,0.1011608623548922
Random,13,SEAT,AlwaysDefect,221,459,0.48148148148148145,0.5185185185185185
Random,13,AlwaysDefect,SEAT,1411,459,3.074074074074074,0.0
Random,13,SEAT,Random,1245,540,2.3055555555555554,0.49074074074074076
Random,13,Random,SEAT,1190,540,2.2037037037037037,0.5111111111111111
Random,13,SEAT,Pavlov,928,384,2.4166666666666665,0.5052083333333334
Random,13,Pavlov,SEAT,838,384,2.1822916666666665,0.5520833333333334
Random,13,TitForTat,TitForTat,720,240,3.0,1.0
Random,13,TitForTat,Grudger,411,137,3.0,1.0
Random,13,Grudger,TitForTat,411,137,3.0,1.0
Random,13,TitForTat,AlwaysDefect,182,190,0.9578947368421052,0.042105263157894736
Random,13,AlwaysDefect,TitForTat,222,190,1.168421052631579,0.0
Random,13,TitForTat,Random,304,145,2.0965517241379312,0.4827586206896552
Random,13,Random,TitForTat,324,145,2.2344827586206897,0.45517241379310347
Random,13,TitForTat,Pavlov,483,161,3.0,1.0
Random,13,Pavlov,TitForTat,483,161,3.0,1.0
Random,13,Grudger,Grudger,60,20,3.0,1.0
Random,13,Grudger,AlwaysDefect,100,104,0.9615384615384616,0.038461538461538464
Random,13,AlwaysDefect,Grudger,120,104,1.1538461538461537,0.0
Random,13,Grudger,Random,220,94,2.3404255319148937,0.09574468085106383
Random,13,Random,Grudger,90,94,0.9574468085106383,0.3723404255319149
Random,13,Grudger,Pavlov,246,82,3.0,1.0
Random,13,Pavlov,Grudger,246,82,3.0,1.0
Random,13,AlwaysDefect,AlwaysDefect,60,60,1.0,0.0
Random,13,AlwaysDefect,Random,384,120,3.2,0.0
Random,13,Random,AlwaysDefect,54,120,0.45,0.55
Random,13,AlwaysDefect,Pavlov,280,92,3.0434782608695654,0.0
Random,13,Pavlov,AlwaysDefect,45,92,0.4891304347826087,0.5108695652173914
Random,13,Random,Random,135,60,2.25,0.48333333333333334
Random,13,Random,Pavlov,198,69,2.869565217391304,0.5797101449275363
Random,13,Pavlov,Random,143,69,2.072463768115942,0.7391304347826086
Random,13,Pavlov,Pavlov,180,60,3.0,1.0
Random,14,SEAT,SEAT,6084,2676,2.273542600896861,0.5097159940209267
Random,14,SEAT,TitForTat,2178,944,2.3072033898305087,0.4819915254237288
Random,14,TitForTat,SEAT,2053,944,2.17478813559322,0.5084745762711864
Random,14,SEAT,Grudger,333,408,0.8161764705882353,0.49019607843137253
Random,14,Grudger,SEAT,1163,408,2.8504901960784315,0.08333333333333333
Random,14,SEAT,AlwaysDefect,222,443,0.5011286681715575,0.49887133182844245
Random,14,AlwaysDefect,SEAT,1327,443,2.99548532731377,0.0
Random,14,SEAT,Random,955,414,2.3067632850241546,0.5096618357487923
Random,14,Random,SEAT,930,414,2.246376811594203,0.5217391304347826
Random,14,SEAT,Pavlov,1379,582,2.3694158075601375,0.48281786941580757
Random,14,Pavlov,SEAT,1249,582,2.1460481099656357,0.5274914089347079
Random,14,TitForTat,TitForTat,600,200,3.0,1.0
Random,14,TitForTat,Grudger,561,187,3.0,1.0
Random,14,Grudger,TitForTat,561,187,3.0,1.0
Random,14,TitForTat,AlwaysDefect,176,184,0.9565217391304348,0.043478260869565216
Random,14,AlwaysDefect,TitForTat,216,184,1.173913043478261,0.0
Random,14,TitForTat,Random,437,201,2.174129353233831,0.5024875621890548
Random,14,Random,TitForTat,457,201,2.27363184079602,0.48258706467661694
Random,14,TitForTat,Pavlov,612,204,3.0,1.0
Random,14,Pavlov,TitForTat,612,204,3.0,1.0
Random,14,Grudger,Grudger,180,60,3.0,1.0
Random,14,Grudger,AlwaysDefect,77,81,0.9506172839506173,0.04938271604938271
Random,14,AlwaysDefect,Grudger,97,81,1.1975308641975309,0.0
Random,14,Grudger,Random,370,120,3.0833333333333335,0.125
Random,14,Random,Grudger,100,120,0.8333333333333334,0.575
Random,14,Grudger,Pavlov,204,68,3.0,1.0
Random,14,Pavlov,Grudger,204,68,3.0,1.0
Random,14,AlwaysDefect,AlwaysDefect,20,20,1.0,0.0
Random,14,AlwaysDefect,Random,218,74,2.945945945945946,0.0
Random,14,Random,AlwaysDefect,38,74,0.5135135135135135,0.4864864864864865
Random,14,AlwaysDefect,Pavlov,177,57,3.1052631578947367,0.0
Random,14,Pavlov,AlwaysDefect,27,57,0.47368421052631576,0.5263157894736842
Random,14,Random,Random,5,2,2.5,0.5
Random,14,Random,Pavlov,244,114,2.1403508771929824,0.47368421052631576
Random,14,Pavlov,Random,259,114,2.2719298245614037,0.4473684210526316
Random,14,Pavlov,Pavlov,6,2,3.0,1.0
Random,15,SEAT,SEAT,6111,2758,2.215736040609137,0.48694706308919505
Random,15,SEAT,TitForTat,2099,888,2.3637387387387387,0.5067567567567568
Random,15,TitForTat,SEAT,1984,888,2.234234234234234,0.5326576576576577
Random,15,SEAT,Grudger,408,473,0.8625792811839323,0.5285412262156448
Random,15,Grudger,SEAT,1388,473,2.93446088794926,0.11416490486257928
Random,15,SEAT,AlwaysDefect,234,459,0.5098039215686274,0.49019607843137253
Random,15,AlwaysDefect,SEAT,1359,459,2.9607843137254903,0.0
Random,15,SEAT,Random,1246,542,2.2988929889298895,0.525830258302583
Random,15,Random,SEAT,1231,542,2.2712177121771218,0.5313653136531366
Random,15,SEAT,Pavlov,1226,499,2.4569138276553106,0.4288577154308617
Random,15,Pavlov,SEAT,976,499,1.9559118236472945,0.5290581162324649
Random,15,TitForTat,TitForTat,696,232,3.0,1.0
Random,15,TitForTat,Grudger,492,164,3.0,1.0
Random,15,Grudger,TitForTat,492,164,3.0,1.0
Random,15,TitForTat,AlwaysDefect,125,133,0.9398496240601504,0.06015037593984962
Random,15,AlwaysDefect,TitForTat,165,133,1.2406015037593985,0.0
Random,15,TitForTat,Random,367,166,2.210843373493976,0.5180722891566265
Random,15,Random,TitForTat,387,166,2.3313253012048194,0.4939759036144578
Random,15,TitForTat,Pavlov,531,177,3.0,1.0
Random,15,Pavlov,TitForTat,531,177,3.0,1.0
Random,15,Grudger,Grudger,180,60,3.0,1.0
Random,15,Grudger,AlwaysDefect,40,44,0.9090909090909091,0.09090909090909091
Random,15,AlwaysDefect,Grudger,60,44,1.3636363636363635,0.0
Random,15,Grudger,Random,220,80,2.75,0.05
Random,15,Random,Grudger,60,80,0.75,0.45
Random,15,Grudger,Pavlov,201,67,3.0,1.0
Random,15,Pavlov,Grudger,201,67,3.0,1.0
Random,15,AlwaysDefect,AlwaysDefect,60,60,1.0,0.0
Random,15,AlwaysDefect,Random,181,69,2.6231884057971016,0.0
Random,15,Random,AlwaysDefect,41,69,0.5942028985507246,0.4057971014492754
Random,15,AlwaysDefect,Pavlov,165,53,3.1132075471698113,0.0
Random,15,Pavlov,AlwaysDefect,25,53,0.4716981132075472,0.5283018867924528
Random,15,Random,Random,126,52,2.423076923076923,0.5769230769230769
Random,15,Random,Pavlov,199,88,2.2613636363636362,0.4772727272727273
Random,15,Pavlov,Random,194,88,2.2045454545454546,0.48863636363636365
Random,15,Pavlov,Pavlov,18,6,3.0,1.0
Random,16,SEAT,SEAT,6304,2752,2.2906976744186047,0.5159883720930233
Random,16,SEAT,TitForTat,2251,969,2.3230134158926727,0.49742002063983487
Random,16,TitForTat,SEAT,2156,969,2.224974200206398,0.5170278637770898
Random,16,SEAT,Grudger,376,442,0.8506787330316742,0.49547511312217196
Random,16,Grudger,SEAT,1256,442,2.841628959276018,0.09728506787330317
Random,16,SEAT,AlwaysDefect,213,432,0.4930555555555556,0.5069444444444444
Random,16,AlwaysDefect,SEAT,1308,432,3.0277777777777777,0.0
Random,16,SEAT,Random,1239,555,2.2324324324324323,0.4936936936936937
Random,16,Random,SEAT,1229,555,2.2144144144144144,0.4972972972972973
Random,16,SEAT,Pavlov,1056,441,2.3945578231292517,0.47392290249433106
Random,16,Pavlov,SEAT,931,441,2.111111111111111,0.5306122448979592
Random,16,TitForTat,TitForTat,900,300,3.0,1.0
Random,16,TitForTat,Grudger,390,130,3.0,1.0
Random,16,Grudger,TitForTat,390,130,3.0,1.0
Random,16,TitForTat,AlwaysDefect,153,161,0.9503105590062112,0.049689440993788817
Random,16,AlwaysDefect,TitForTat,193,161,1.1987577639751552,0.0
Random,16,TitForTat,Random,257,111,2.315315315315315,0.5675675675675675
Random,16,Random,TitForTat,272,111,2.4504504504504503,0.5405405405405406
Random,16,TitForTat,Pavlov,534,178,3.0,1.0
Random,16,Pavlov,TitForTat,534,178,3.0,1.0
Random,16,Grudger,Grudger,132,44,3.0,1.0
Random,16,Grudger,AlwaysDefect,100,104,0.9615384615384616,0.038461538461538464
Random,16,AlwaysDefect,Grudger,120,104,1.1538461538461537,0.0
Random,16,Grudger,Random,133,49,2.7142857142857144,0.20408163265306123
Random,16,Random,Grudger,58,49,1.183673469387755,0.5102040816326531
Random,16,Grudger,Pavlov,213,71,3.0,1.0
Random,16,Pavlov,Grudger,213,71,3.0,1.0
Random,16,AlwaysDefect,AlwaysDefect,60,60,1.0,0.0
Random,16,AlwaysDefect,Random,249,81,3.074074074074074,0.0
Random,16,Random,AlwaysDefect,39,81,0.48148148148148145,0.5185185185185185
Random,16,AlwaysDefect,Pavlov,257,85,3.023529411764706,0.0
Random,16,Pavlov,AlwaysDefect,42,85,0.49411764705882355,0.5058823529411764
Random,16,Random,Random,28,12,2.3333333333333335,0.5
Random,16,Random,Pavlov,173,77,2.2467532467532467,0.5454545454545454
Random,16,Pavlov,Random,183,77,2.3766233766233764,0.5194805194805194
Random,16,Pavlov,Pavlov,180,60,3.0,1.0
Random,17,SEAT,SEAT,5836,2580,2.262015503875969,0.5038759689922481
Random,17,SEAT,TitForTat,2101,892,2.3553811659192827,0.5044843049327354
Random,17,TitForTat,SEAT,1991,892,2.2320627802690582,0.5291479820627802
Random,17,SEAT,Grudger,465,563,0.8259325044404974,0.48845470692717585
Random,17,Grudger,SEAT,1585,563,2.8152753108348136,0.0905861456483126
Random,17,SEAT,AlwaysDefect,212,431,0.4918793503480278,0.5081206496519721
Random,17,AlwaysDefect,SEAT,1307,431,3.0324825986078885,0.0
Random,17,SEAT,Random,1116,493,2.26369168356998,0.4645030425963489
Random,17,Random,SEAT,1061,493,2.152129817444219,0.486815415821501
Random,17,SEAT,Pavlov,1034,463,2.2332613390928726,0.509719222462203
Random,17,Pavlov,SEAT,1069,463,2.308855291576674,0.4946004319654428
Random,17,TitForTat,TitForTat,618,206,3.0,1.0
Random,17,TitForTat,Grudger,540,180,3.0,1.0
Random,17,Grudger,TitForTat,540,180,3.0,1.0
Random,17,TitForTat,AlwaysDefect,149,157,0.9490445859872612,0.050955414012738856
Random,17,AlwaysDefect,TitForTat,189,157,1.2038216560509554,0.0
Random,17,TitForTat,Random,349,161,2.1677018633540373,0.484472049689441
Random,17,Random,TitForTat,359,161,2.229813664596273,0.4720496894409938
Random,17,TitForTat,Pavlov,294,98,3.0,1.0
Random,17,Pavlov,TitForTat,294,98,3.0,1.0
Random,17,Grudger,Grudger,66,22,3.0,1.0
Random,17,Grudger,AlwaysDefect,92,96,0.9583333333333334,0.041666666666666664
Random,17,AlwaysDefect,Grudger,112,96,1.1666666666666667,0.0
Random,17,Grudger,Random,269,103,2.6116504854368934,0.06796116504854369
Random,17,Random,Grudger,84,103,0.8155339805825242,0.42718446601941745
Random,17,Grudger,Pavlov,306,102,3.0,1.0
Random,17,Pavlov,Grudger,306,102,3.0,1.0
Random,17,AlwaysDefect,AlwaysDefect,60,60,1.0,0.0
Random,17,AlwaysDefect,Random,223,71,3.140845070422535,0.0
Random,17,Random,AlwaysDefect,33,71,0.4647887323943662,0.5352112676056338
Random,17,AlwaysDefect,Pavlov,174,58,3.0,0.0
Random,17,Pavlov,AlwaysDefect,29,58,0.5,0.5
Random,17,Random,Random,12,6,2.0,0.3333333333333333
Random,17,Random,Pavlov,158,79,2.0,0.4810126582278481
Random,17,Pavlov,Random,188,79,2.3797468354430378,0.4050632911392405
Random,17,Pavlov,Pavlov,180,60,3.0,1.0
Random,18,SEAT,SEAT,5473,2454,2.2302363488182557,0.48859005704971475
Random,18,SEAT,TitForTat,1973,829,2.3799758745476476,0.5186972255729795
Random,18,TitForTat,SEAT,1863,829,2.2472858866103738,0.5452352231604343
Random,18,SEAT,Grudger,443,472,0.9385593220338984,0.5296610169491526
Random,18,Grudger,SEAT,1363,472,2.88771186440678,0.13983050847457626
Random,18,SEAT,AlwaysDefect,315,603,0.5223880597014925,0.47761194029850745
Random,18,AlwaysDefect,SEAT,1755,603,2.91044776119403,0.0
Random,18,SEAT,Random,976,410,2.3804878048780487,0.5097560975609756
Random,18,Random,SEAT,906,410,2.209756097560976,0.5439024390243903
Random,18,SEAT,Pavlov,1163,501,2.3213572854291415,0.500998003992016
Random,18,Pavlov,SEAT,1113,501,2.2215568862275448,0.5209580838323353
Random,18,TitForTat,TitForTat,588,196,3.0,1.0
Random,18,TitForTat,Grudger,588,196,3.0,1.0
Random,18,Grudger,TitForTat,588,196,3.0,1.0
Random,18,TitForTat,AlwaysDefect,142,150,0.9466666666666667,0.05333333333333334
Random,18,AlwaysDefect,TitForTat,182,150,1.2133333333333334,0.0
Random,18,TitForTat,Random,321,145,2.213793103448276,0.5448275862068965
Random,18,Random,TitForTat,346,145,2.386206896551724,0.5103448275862069
Random,18,TitForTat,Pavlov,546,182,3.0,1.0
Random,18,Pavlov,TitForTat,546,182,3.0,1.0
Random,18,Grudger,Grudger,180,60,3.0,1.0
Random,18,Grudger,AlwaysDefect,86,90,0.9555555555555556,0.044444444444444446
Random,18,AlwaysDefect,Grudger,106,90,1.1777777777777778,0.0
Random,18,Grudger,Random,229,93,2.4623655913978495,0.06451612903225806
Random,18,Random,Grudger,79,93,0.8494623655913979,0.3870967741935484
Random,18,Grudger,Pavlov,339,113,3.0,1.0
Random,18,Pavlov,Grudger,339,113,3.0,1.0
Random,18,AlwaysDefect,AlwaysDefect,22,22,1.0,0.0
Random,18,AlwaysDefect,Random,311,103,3.0194174757281553,0.0
Random,18,Random,AlwaysDefect,51,103,0.49514563106796117,0.5048543689320388
Random,18,AlwaysDefect,Pavlov,288,96,3.0,0.0
Random,18,Pavlov,AlwaysDefect,48,96,0.5,0.5
Random,18,Random,Random,93,42,2.2142857142857144,0.5
Random,18,Random,Pavlov,188,77,2.4415584415584415,0.5194805194805194
Random,18,Pavlov,Random,168,77,2.1818181818181817,0.5714285714285714
Random,18,Pavlov,Pavlov,180,60,3.0,1.0
Random,19,SEAT,SEAT,5894,2590,2.2756756756756755,0.5057915057915058
Random,19,SEAT,TitForTat,2267,981,2.310907237512742,0.4841997961264016
Random,19,TitForTat,SEAT,2142,981,2.18348623853211,0.509683995922528
Random,19,SEAT,Grudger,417,512,0.814453125,0.513671875
Random,19,Grudger,SEAT,1492,512,2.9140625,0.09375
Random,19,SEAT,AlwaysDefect,222,467,0.4753747323340471,0.5246252676659529
Random,19,AlwaysDefect,SEAT,1447,467,3.0985010706638114,0.0
Random,19,SEAT,Random,943,398,2.369346733668342,0.5226130653266332
Random,19,Random,SEAT,898,398,2.2562814070351758,0.5452261306532663
Random,19,SEAT,Pavlov,1132,507,2.232741617357002,0.5305719921104537
Random,19,Pavlov,SEAT,1192,507,2.351084812623274,0.5069033530571992
Random,19,TitForTat,TitForTat,774,258,3.0,1.0
Random,19,TitForTat,Grudger,483,161,3.0,1.0
Random,19,Grudger,TitForTat,483,161,3.0,1.0
Random,19,TitForTat,AlwaysDefect,206,214,0.9626168224299065,0.037383177570093455
Random,19,AlwaysDefect,TitForTat,246,214,1.1495327102803738,0.0
Random,19,TitForTat,Random,421,174,2.4195402298850577,0.5977011494252874
Random,19,Random,TitForTat,431,174,2.4770114942528734,0.5862068965517241
Random,19,TitForTat,Pavlov,594,198,3.0,1.0
Random,19,Pavlov,TitForTat,594,198,3.0,1.0
Random,19,Grudger,Grudger,180,60,3.0,1.0
Random,19,Grudger,AlwaysDefect,74,78,0.9487179487179487,0.05128205128205128
Random,19,AlwaysDefect,Grudger,94,78,1.205128205128205,0.0
Random,19,Grudger,Random,217,81,2.6790123456790123,0.07407407407407407
Random,19,Random,Grudger,67,81,0.8271604938271605,0.4444444444444444
Random,19,Grudger,Pavlov,255,85,3.0,1.0
Random,19,Pavlov,Grudger,255,85,3.0,1.0
Random,19,AlwaysDefect,AlwaysDefect,18,18,1.0,0.0
Random,19,AlwaysDefect,Random,238,74,3.2162162162162162,0.0
Random,19,Random,AlwaysDefect,33,74,0.44594594594594594,0.5540540540540541
Random,19,AlwaysDefect,Pavlov,202,66,3.0606060606060606,0.0
Random,19,Pavlov,AlwaysDefect,32,66,0.48484848484848486,0.5151515151515151
Random,19,Random,Random,30,12,2.5,0.6666666666666666
Random,19,Random,Pavlov,123,54,2.2777777777777777,0.6111111111111112
Random,19,Pavlov,Random,138,54,2.5555555555555554,0.5555555555555556
Random,19,Pavlov,Pavlov,180,60,3.0,1.0
Random,20,SEAT,SEAT,6002,2678,2.2412247946228527,0.4981329350261389
Random,20,SEAT,TitForTat,1877,790,2.3759493670886074,0.5050632911392405
Random,20,TitForTat,SEAT,1762,790,2.230379746835443,0.5341772151898734
Random,20,SEAT,Grudger,415,488,0.8504098360655737,0.49385245901639346
Random,20,Grudger,SEAT,1380,488,2.8278688524590163,0.09836065573770492
Random,20,SEAT,AlwaysDefect,200,432,0.46296296296296297,0.5370370370370371
Random,20,AlwaysDefect,SEAT,1360,432,3.1481481481481484,0.0
Random,20,SEAT,Random,1051,483,2.175983436853002,0.5196687370600414
Random,20,Random,SEAT,1131,483,2.341614906832298,0.4865424430641822
Random,20,SEAT,Pavlov,934,398,2.3467336683417086,0.5301507537688442
Random,20,Pavlov,SEAT,909,398,2.2839195979899496,0.542713567839196
Random,20,TitForTat,TitForTat,792,264,3.0,1.0
Random,20,TitForTat,Grudger,540,180,3.0,1.0
Random,20,Grudger,TitForTat,540,180,3.0,1.0
Random,20,TitForTat,AlwaysDefect,173,181,0.9558011049723757,0.04419889502762431
Random,20,AlwaysDefect,TitForTat,213,181,1.1767955801104972,0.0
Random,20,TitForTat,Random,534,238,2.2436974789915967,0.5084033613445378
Random,20,Random,TitForTat,544,238,2.2857142857142856,0.5
Random,20,TitForTat,Pavlov,351,117,3.0,1.0
Random,20,Pavlov,TitForTat,351,117,3.0,1.0
Random,20,Grudger,Grudger,36,12,3.0,1.0
Random,20,Grudger,AlwaysDefect,80,84,0.9523809523809523,0.047619047619047616
Random,20,AlwaysDefect,Grudger,100,84,1.1904761904761905,0.0
Random,20,Grudger,Random,285,103,2.766990291262136,0.04854368932038835
Random,20,Random,Grudger,75,103,0.7281553398058253,0.4563106796116505
Random,20,Grudger,Pavlov,123,41,3.0,1.0
Random,20,Pavlov,Grudger,123,41,3.0,1.0
Random,20,AlwaysDefect,AlwaysDefect,60,60,1.0,0.0
Random,20,AlwaysDefect,Random,126,46,2.739130434782609,0.0
Random,20,Random,AlwaysDefect,26,46,0.5652173913043478,0.43478260869565216
Random,20,AlwaysDefect,Pavlov,282,94,3.0,0.0
Random,20,Pavlov,AlwaysDefect,47,94,0.5,0.5
Random,20,Random,Random,121,60,2.0166666666666666,0.4166666666666667
Random,20,Random,Pavlov,165,79,2.088607594936709,0.5063291139240507
Random,20,Pavlov,Random,190,79,2.4050632911392404,0.4430379746835443
Random,20,Pavlov,Pavlov,180,60,3.0,1.0
AlwaysDefect,1,SEAT,SEAT,2544,2544,1.0,0.0
AlwaysDefect,1,SEAT,TitForTat,1174,982,1.195519348268839,0.0
AlwaysDefect,1,TitForTat,SEAT,934,982,0.9511201629327902,0.048879837067209775
AlwaysDefect,1,SEAT,Grudger,563,467,1.2055674518201285,0.0
AlwaysDefect,1,Grudger,SEAT,443,467,0.9486081370449678,0.05139186295503212
AlwaysDefect,1,SEAT,AlwaysDefect,530,530,1.0,0.0
AlwaysDefect,1,AlwaysDefect,SEAT,530,530,1.0,0.0
AlwaysDefect,1,SEAT,Random,1345,437,3.077803203661327,0.0
AlwaysDefect,1,Random,SEAT,210,437,0.4805491990846682,0.5194508009153318
AlwaysDefect,1,SEAT,Pavlov,1668,552,3.0217391304347827,0.0
AlwaysDefect,1,Pavlov,SEAT,273,552,0.4945652173913043,0.5054347826086957
AlwaysDefect,1,TitForTat,TitForTat,726,242,3.0,1.0
AlwaysDefect,1,TitForTat,Grudger,345,115,3.0,1.0
AlwaysDefect,1,Grudger,TitForTat,345,115,3.0,1.0
AlwaysDefect,1,TitForTat,AlwaysDefect,158,166,0.9518072289156626,0.04819277108433735
AlwaysDefect,1,AlwaysDefect,TitForTat,198,166,1.1927710843373494,0.0
AlwaysDefect,1,TitForTat,Random,216,98,2.204081632653061,0.5510204081632653
AlwaysDefect,1,Random,TitForTat,236,98,2.4081632653061225,0.5102040816326531
AlwaysDefect,1,TitForTat,Pavlov,486,162,3.0,1.0
AlwaysDefect,1,Pavlov,TitForTat,486,162,3.0,1.0
AlwaysDefect,1,Grudger,Grudger,12,4,3.0,1.0
AlwaysDefect,1,Grudger,AlwaysDefect,89,93,0.956989247311828,0.043010752688172046
AlwaysDefect,1,AlwaysDefect,Grudger,109,93,1.1720430107526882,0.0
AlwaysDefect,1,Grudger,Random,227,69,3.289855072463768,0.07246376811594203
AlwaysDefect,1,Random,Grudger,47,69,0.6811594202898551,0.5942028985507246
AlwaysDefect,1,Grudger,Pavlov,243,81,3.0,1.0
AlwaysDefect,1,Pavlov,Grudger,243,81,3.0,1.0
AlwaysDefect,1,AlwaysDefect,AlwaysDefect,60,60,1.0,0.0
AlwaysDefect,1,AlwaysDefect,Random,187,59,3.169491525423729,0.0
AlwaysDefect,1,Random,AlwaysDefect,27,59,0.4576271186440678,0.5423728813559322
AlwaysDefect,1,AlwaysDefect,Pavlov,215,71,3.028169014084507,0.0
AlwaysDefect,1,Pavlov,AlwaysDefect,35,71,0.49295774647887325,0.5070422535211268
AlwaysDefect,1,Random,Random,39,14,2.7857142857142856,0.7857142857142857
AlwaysDefect,1,Random,Pavlov,189,81,2.3333333333333335,0.5432098765432098
AlwaysDefect,1,Pavlov,Random,189,81,2.3333333333333335,0.5432098765432098
AlwaysDefect,1,Pavlov,Pavlov,60,20,3.0,1.0
AlwaysDefect,2,SEAT,SEAT,2756,2756,1.0,0.0
AlwaysDefect,2,SEAT,TitForTat,1095,903,1.212624584717608,0.0
AlwaysDefect,2,TitForTat,SEAT,855,903,0.946843853820598,0.053156146179401995
AlwaysDefect,2,SEAT,Grudger,557,461,1.20824295010846,0.0
AlwaysDefect,2,Grudger,SEAT,437,461,0.9479392624728851,0.052060737527114966
AlwaysDefect,2,SEAT,AlwaysDefect,522,522,1.0,0.0
AlwaysDefect,2,AlwaysDefect,SEAT,522,522,1.0,0.0
AlwaysDefect,2,SEAT,Random,1546,522,2.9616858237547894,0.0
AlwaysDefect,2,Random,SEAT,266,522,0.5095785440613027,0.4904214559386973
AlwaysDefect,2,SEAT,Pavlov,1295,427,3.0327868852459017,0.0
AlwaysDefect,2,Pavlov,SEAT,210,427,0.4918032786885246,0.5081967213114754
AlwaysDefect,2,TitForTat,TitForTat,600,200,3.0,1.0
AlwaysDefect,2,TitForTat,Grudger,393,131,3.0,1.0
AlwaysDefect,2,Grudger,TitForTat,393,131,3.0,1.0
AlwaysDefect,2,TitForTat,AlwaysDefect,188,196,0.9591836734693877,0.04081632653061224
AlwaysDefect,2,AlwaysDefect,TitForTat,228,196,1.163265306122449,0.0
AlwaysDefect,2,TitForTat,Random,291,134,2.171641791044776,0.5223880597014925
AlwaysDefect,2,Random,TitForTat,311,134,2.3208955223880596,0.4925373134328358
AlwaysDefect,2,TitForTat,Pavlov,477,159,3.0,1.0
AlwaysDefect,2,Pavlov,TitForTat,477,159,3.0,1.0
AlwaysDefect,2,Grudger,Grudger,180,60,3.0,1.0
AlwaysDefect,2,Grudger,AlwaysDefect,74,78,0.9487179487179487,0.05128205128205128
AlwaysDefect,2,AlwaysDefect,Grudger,94,78,1.205128205128205,0.0
AlwaysDefect,2,Grudger,Random,239,85,2.8117647058823527,0.058823529411764705
AlwaysDefect,2,Random,Grudger,64,85,0.7529411764705882,0.47058823529411764
AlwaysDefect,2,Grudger,Pavlov,129,43,3.0,1.0
AlwaysDefect,2,Pavlov,Grudger,129,43,3.0,1.0
AlwaysDefect,2,AlwaysDefect,AlwaysDefect,28,28,1.0,0.0
AlwaysDefect,2,AlwaysDefect,Random,140,44,3.1818181818181817,0.0
AlwaysDefect,2,Random,AlwaysDefect,20,44,0.45454545454545453,0.5454545454545454
AlwaysDefect,2,AlwaysDefect,Pavlov,280,92,3.0434782608695654,0.0
AlwaysDefect,2,Pavlov,AlwaysDefect,45,92,0.4891304347826087,0.5108695652173914
AlwaysDefect,2,Random,Random,97,40,2.425,0.625
AlwaysDefect,2,Random,Pavlov,261,120,2.175,0.525
AlwaysDefect,2,Pavlov,Random,286,120,2.3833333333333333,0.48333333333333334
AlwaysDefect,2,Pavlov,Pavlov,48,16,3.0,1.0
AlwaysDefect,3,SEAT,SEAT,2616,2616,1.0,0.0
AlwaysDefect,3,SEAT,TitForTat,1250,1058,1.1814744801512287,0.0
AlwaysDefect,3,TitForTat,SEAT,1010,1058,0.9546313799621928,0.045368620037807186
AlwaysDefect,3,SEAT,Grudger,535,439,1.2186788154897494,0.0
AlwaysDefect,3,Grudger,SEAT,415,439,0.9453302961275627,0.05466970387243736
AlwaysDefect,3,SEAT,AlwaysDefect,470,470,1.0,0.0
AlwaysDefect,3,AlwaysDefect,SEAT,470,470,1.0,0.0
AlwaysDefect,3,SEAT,Random,1290,430,3.0,0.0
AlwaysDefect,3,Random,SEAT,215,430,0.5,0.5
AlwaysDefect,3,SEAT,Pavlov,1554,514,3.0233463035019454,0.0
AlwaysDefect,3,Pavlov,SEAT,254,514,0.49416342412451364,0.5058365758754864
AlwaysDefect,3,TitForTat,TitForTat,792,264,3.0,1.0
AlwaysDefect,3,TitForTat,Grudger,333,111,3.0,1.0
AlwaysDefect,3,Grudger,TitForTat,333,111,3.0,1.0
AlwaysDefect,3,TitForTat,AlwaysDefect,150,158,0.9493670886075949,0.05063291139240506
AlwaysDefect,3,AlwaysDefect,TitForTat,190,158,1.2025316455696202,0.0
AlwaysDefect,3,TitForTat,Random,350,158,2.2151898734177213,0.5379746835443038
AlwaysDefect,3,Random,TitForTat,375,158,2.3734177215189876,0.5063291139240507
AlwaysDefect,3,TitForTat,Pavlov,477,159,3.0,1.0
AlwaysDefect,3,Pavlov,TitForTat,477,159,3.0,1.0
AlwaysDefect,3,Grudger,Grudger,168,56,3.0,1.0
AlwaysDefect,3,Grudger,AlwaysDefect,87,91,0.9560439560439561,0.04395604395604396
AlwaysDefect,3,AlwaysDefect,Grudger,107,91,1.1758241758241759,0.0
AlwaysDefect,3,Grudger,Random,318,106,3.0,0.03773584905660377
AlwaysDefect,3,Random,Grudger,68,106,0.6415094339622641,0.5094339622641509
AlwaysDefect,3,Grudger,Pavlov,213,71,3.0,1.0
AlwaysDefect,3,Pavlov,Grudger,213,71,3.0,1.0
AlwaysDefect,3,AlwaysDefect,AlwaysDefect,10,10,1.0,0.0
AlwaysDefect,3,AlwaysDefect,Random,265,85,3.1176470588235294,0.0
AlwaysDefect,3,Random,AlwaysDefect,40,85,0.47058823529411764,0.5294117647058824
AlwaysDefect,3,AlwaysDefect,Pavlov,360,120,3.0,0.0
AlwaysDefect,3,Pavlov,AlwaysDefect,60,120,0.5,0.5
AlwaysDefect,3,Random,Random,56,28,2.0,0.42857142857142855
AlwaysDefect,3,Random,Pavlov,251,98,2.561224489795918,0.46938775510204084
AlwaysDefect,3,Pavlov,Random,196,98,2.0,0.5816326530612245
AlwaysDefect,3,Pavlov,Pavlov,24,8,3.0,1.0
AlwaysDefect,4,SEAT,SEAT,2654,2654,1.0,0.0
AlwaysDefect,4,SEAT,TitForTat,1264,1072,1.1791044776119404,0.0
AlwaysDefect,4,TitForTat,SEAT,1024,1072,0.9552238805970149,0.04477611940298507
AlwaysDefect,4,SEAT,Grudger,640,544,1.1764705882352942,0.0
AlwaysDefect,4,Grudger,SEAT,520,544,0.9558823529411765,0.04411764705882353
AlwaysDefect,4,SEAT,AlwaysDefect,516,516,1.0,0.0
AlwaysDefect,4,AlwaysDefect,SEAT,516,516,1.0,0.0
AlwaysDefect,4,SEAT,Random,1418,486,2.9176954732510287,0.0
AlwaysDefect,4,Random,SEAT,253,486,0.5205761316872428,0.4794238683127572
AlwaysDefect,4,SEAT,Pavlov,1386,458,3.0262008733624453,0.0
AlwaysDefect,4,Pavlov,SEAT,226,458,0.49344978165938863,0.5065502183406113
AlwaysDefect,4,TitForTat,TitForTat,744,248,3.0,1.0
AlwaysDefect,4,TitForTat,Grudger,459,153,3.0,1.0
AlwaysDefect,4,Grudger,TitForTat,459,153,3.0,1.0
AlwaysDefect,4,TitForTat,AlwaysDefect,168,176,0.9545454545454546,0.045454545454545456
AlwaysDefect,4,AlwaysDefect,TitForTat,208,176,1.1818181818181819,0.0
AlwaysDefect,4,TitForTat,Random,436,192,2.2708333333333335,0.5572916666666666
AlwaysDefect,4,Random,TitForTat,451,192,2.3489583333333335,0.5416666666666666
AlwaysDefect,4,TitForTat,Pavlov,531,177,3.0,1.0
AlwaysDefect,4,Pavlov,TitForTat,531,177,3.0,1.0
AlwaysDefect,4,Grudger,Grudger,78,26,3.0,1.0
AlwaysDefect,4,Grudger,AlwaysDefect,79,83,0.9518072289156626,0.04819277108433735
AlwaysDefect,4,AlwaysDefect,Grudger,99,83,1.1927710843373494,0.0
AlwaysDefect,4,Grudger,Random,247,93,2.6559139784946235,0.0967741935483871
AlwaysDefect,4,Random,Grudger,82,93,0.8817204301075269,0.45161290322580644
AlwaysDefect,4,Grudger,Pavlov,360,120,3.0,1.0
AlwaysDefect,4,Pavlov,Grudger,360,120,3.0,1.0
AlwaysDefect,4,AlwaysDefect,AlwaysDefect,60,60,1.0,0.0
AlwaysDefect,4,AlwaysDefect,Random,340,120,2.8333333333333335,0.0
AlwaysDefect,4,Random,AlwaysDefect,65,120,0.5416666666666666,0.4583333333333333
AlwaysDefect,4,AlwaysDefect,Pavlov,275,91,3.021978021978022,0.0
AlwaysDefect,4,Pavlov,AlwaysDefect,45,91,0.4945054945054945,0.5054945054945055
AlwaysDefect,4,Random,Random,35,14,2.5,0.6428571428571429
AlwaysDefect,4,Random,Pavlov,238,96,2.4791666666666665,0.4166666666666667
AlwaysDefect,4,Pavlov,Random,183,96,1.90625,0.53125
AlwaysDefect,4,Pavlov,Pavlov,180,60,3.0,1.0
AlwaysDefect,5,SEAT,SEAT,2584,2584,1.0,0.0
AlwaysDefect,5,SEAT,TitForTat,1095,903,1.212624584717608,0.0
AlwaysDefect,5,TitForTat,SEAT,855,903,0.946843853820598,0.053156146179401995
AlwaysDefect,5,SEAT,Grudger,554,458,1.2096069868995634,0.0
AlwaysDefect,5,Grudger,SEAT,434,458,0.9475982532751092,0.05240174672489083
AlwaysDefect,5,SEAT,AlwaysDefect,458,458,1.0,0.0
AlwaysDefect,5,AlwaysDefect,SEAT,458,458,1.0,0.0
AlwaysDefect,5,SEAT,Random,1594,514,3.1011673151750974,0.0
AlwaysDefect,5,Random,SEAT,244,514,0.47470817120622566,0.5252918287937743
AlwaysDefect,5,SEAT,Pavlov,1380,456,3.026315789473684,0.0
AlwaysDefect,5,Pavlov,SEAT,225,456,0.4934210526315789,0.506578947368421
AlwaysDefect,5,TitForTat,TitForTat,606,202,3.0,1.0
AlwaysDefect,5,TitForTat,Grudger,363,121,3.0,1.0
AlwaysDefect,5,Grudger,TitForTat,363,121,3.0,1.0
AlwaysDefect,5,TitForTat,AlwaysDefect,177,185,0.9567567567567568,0.043243243243243246
AlwaysDefect,5,AlwaysDefect,TitForTat,217,185,1.172972972972973,0.0
AlwaysDefect,5,TitForTat,Random,355,164,2.1646341463414633,0.47560975609756095
AlwaysDefect,5,Random,TitForTat,370,164,2.2560975609756095,0.4573170731707317
AlwaysDefect,5,TitForTat,Pavlov,618,206,3.0,1.0
AlwaysDefect,5,Pavlov,TitForTat,618,206,3.0,1.0
AlwaysDefect,5,Grudger,Grudger,18,6,3.0,1.0
AlwaysDefect,5,Grudger,AlwaysDefect,95,99,0.9595959595959596,0.04040404040404041
AlwaysDefect,5,AlwaysDefect,Grudger,115,99,1.1616161616161615,0.0
AlwaysDefect,5,Grudger,Random,142,50,2.84,0.16
AlwaysDefect,5,Random,Grudger,52,50,1.04,0.52
AlwaysDefect,5,Grudger,Pavlov,327,109,3.0,1.0
AlwaysDefect,5,Pavlov,Grudger,327,109,3.0,1.0
AlwaysDefect,5,AlwaysDefect,AlwaysDefect,38,38,1.0,0.0
AlwaysDefect,5,AlwaysDefect,Random,361,113,3.1946902654867255,0.0
AlwaysDefect,5,Random,AlwaysDefect,51,113,0.45132743362831856,0.5486725663716814
AlwaysDefect,5,AlwaysDefect,Pavlov,262,86,3.046511627906977,0.0
AlwaysDefect,5,Pavlov,AlwaysDefect,42,86,0.4883720930232558,0.5116279069767442
AlwaysDefect,5,Random,Random,139,60,2.316666666666667,0.5166666666666667
AlwaysDefect,5,Random,Pavlov,214,91,2.3516483516483517,0.5164835164835165
AlwaysDefect,5,Pavlov,Random,204,91,2.241758241758242,0.5384615384615384
AlwaysDefect,5,Pavlov,Pavlov,138,46,3.0,1.0
AlwaysDefect,6,SEAT,SEAT,2456,2456,1.0,0.0
AlwaysDefect,6,SEAT,TitForTat,1165,973,1.197327852004111,0.0
AlwaysDefect,6,TitForTat,SEAT,925,973,0.9506680369989723,0.04933196300102775
AlwaysDefect,6,SEAT,Grudger,538,442,1.2171945701357465,0.0
AlwaysDefect,6,Grudger,SEAT,418,442,0.9457013574660633,0.05429864253393665
AlwaysDefect,6,SEAT,AlwaysDefect,588,588,1.0,0.0
AlwaysDefect,6,AlwaysDefect,SEAT,588,588,1.0,0.0
AlwaysDefect,6,SEAT,Random,1378,450,3.062222222222222,0.0
AlwaysDefect,6,Random,SEAT,218,450,0.48444444444444446,0.5155555555555555
AlwaysDefect,6,SEAT,Pavlov,1070,350,3.057142857142857,0.0
AlwaysDefect,6,Pavlov,SEAT,170,350,0.4857142857142857,0.5142857142857142
AlwaysDefect,6,TitForTat,TitForTat,504,168,3.0,1.0
AlwaysDefect,6,TitForTat,Grudger,546,182,3.0,1.0
AlwaysDefect,6,Grudger,TitForTat,546,182,3.0,1.0
AlwaysDefect,6,TitForTat,AlwaysDefect,179,187,0.9572192513368984,0.0427807486631016
AlwaysDefect,6,AlwaysDefect,TitForTat,219,187,1.1711229946524064,0.0
AlwaysDefect,6,TitForTat,Random,101,58,1.7413793103448276,0.4482758620689655
AlwaysDefect,6,Random,TitForTat,136,58,2.3448275862068964,0.3275862068965517
AlwaysDefect,6,TitForTat,Pavlov,501,167,3.0,1.0
AlwaysDefect,6,Pavlov,TitForTat,501,167,3.0,1.0
AlwaysDefect,6,Grudger,Grudger,180,60,3.0,1.0
AlwaysDefect,6,Grudger,AlwaysDefect,51,55,0.9272727272727272,0.07272727272727272
AlwaysDefect,6,AlwaysDefect,Grudger,71,55,1.290909090909091,0.0
AlwaysDefect,6,Grudger,Random,165,61,2.7049180327868854,0.16393442622950818
AlwaysDefect,6,Random,Grudger,65,61,1.0655737704918034,0.4918032786885246
AlwaysDefect,6,Grudger,Pavlov,204,68,3.0,1.0
AlwaysDefect,6,Pavlov,Grudger,204,68,3.0,1.0
AlwaysDefect,6,AlwaysDefect,AlwaysDefect,44,44,1.0,0.0
AlwaysDefect,6,AlwaysDefect,Random,278,94,2.9574468085106385,0.0
AlwaysDefect,6,Random,AlwaysDefect,48,94,0.5106382978723404,0.48936170212765956
AlwaysDefect,6,AlwaysDefect,Pavlov,257,85,3.023529411764706,0.0
AlwaysDefect,6,Pavlov,AlwaysDefect,42,85,0.49411764705882355,0.5058823529411764
AlwaysDefect,6,Random,Random,121,60,2.0166666666666666,0.38333333333333336
AlwaysDefect,6,Random,Pavlov,170,76,2.236842105263158,0.6052631578947368
AlwaysDefect,6,Pavlov,Random,195,76,2.5657894736842106,0.5394736842105263
AlwaysDefect,6,Pavlov,Pavlov,114,38,3.0,1.0
AlwaysDefect,7,SEAT,SEAT,2538,2538,1.0,0.0
AlwaysDefect,7,SEAT,TitForTat,1108,916,1.2096069868995634,0.0
AlwaysDefect,7,TitForTat,SEAT,868,916,0.9475982532751092,0.05240174672489083
AlwaysDefect,7,SEAT,Grudger,483,387,1.248062015503876,0.0
AlwaysDefect,7,Grudger,SEAT,363,387,0.937984496124031,0.06201550387596899
AlwaysDefect,7,SEAT,AlwaysDefect,521,521,1.0,0.0
AlwaysDefect,7,AlwaysDefect,SEAT,521,521,1.0,0.0
AlwaysDefect,7,SEAT,Random,1471,487,3.020533880903491,0.0
AlwaysDefect,7,Random,SEAT,241,487,0.4948665297741273,0.5051334702258727
AlwaysDefect,7,SEAT,Pavlov,1401,461,3.0390455531453364,0.0
AlwaysDefect,7,Pavlov,SEAT,226,461,0.49023861171366595,0.5097613882863341
AlwaysDefect,7,TitForTat,TitForTat,912,304,3.0,1.0
AlwaysDefect,7,TitForTat,Grudger,150,50,3.0,1.0
AlwaysDefect,7,Grudger,TitForTat,150,50,3.0,1.0
AlwaysDefect,7,TitForTat,AlwaysDefect,115,123,0.9349593495934959,0.06504065040650407
AlwaysDefect,7,AlwaysDefect,TitForTat,155,123,1.2601626016260163,0.0
AlwaysDefect,7,TitForTat,Random,148,68,2.176470588235294,0.6323529411764706
AlwaysDefect,7,Random,TitForTat,178,68,2.6176470588235294,0.5441176470588235
AlwaysDefect,7,TitForTat,Pavlov,369,123,3.0,1.0
AlwaysDefect,7,Pavlov,TitForTat,369,123,3.0,1.0
AlwaysDefect,7,Grudger,Grudger,174,58,3.0,1.0
AlwaysDefect,7,Grudger,AlwaysDefect,87,91,0.9560439560439561,0.04395604395604396
AlwaysDefect,7,AlwaysDefect,Grudger,107,91,1.1758241758241759,0.0
AlwaysDefect,7,Grudger,Random,237,87,2.7241379310344827,0.05747126436781609
AlwaysDefect,7,Random,Grudger,67,87,0.7701149425287356,0.4482758620689655
AlwaysDefect,7,Grudger,Pavlov,360,120,3.0,1.0
AlwaysDefect,7,Pavlov,Grudger,360,120,3.0,1.0
AlwaysDefect,7,AlwaysDefect,AlwaysDefect,60,60,1.0,0.0
AlwaysDefect,7,AlwaysDefect,Random,212,68,3.1176470588235294,0.0
AlwaysDefect,7,Random,AlwaysDefect,32,68,0.47058823529411764,0.5294117647058824
AlwaysDefect,7,AlwaysDefect,Pavlov,160,52,3.076923076923077,0.0
AlwaysDefect,7,Pavlov,AlwaysDefect,25,52,0.4807692307692308,0.5192307692307693
AlwaysDefect,7,Random,Random,124,60,2.066666666666667,0.43333333333333335
AlwaysDefect,7,Random,Pavlov,219,113,1.9380530973451326,0.5309734513274337
AlwaysDefect,7,Pavlov,Random,289,113,2.5575221238938055,0.40707964601769914
AlwaysDefect,7,Pavlov,Pavlov,6,2,3.0,1.0
AlwaysDefect,8,SEAT,SEAT,2560,2560,1.0,0.0
AlwaysDefect,8,SEAT,TitForTat,1171,979,1.1961184882533198,0.0
AlwaysDefect,8,TitForTat,SEAT,931,979,0.95097037793667,0.049029622063329927
AlwaysDefect,8,SEAT,Grudger,548,452,1.2123893805309736,0.0
AlwaysDefect,8,Grudger,SEAT,428,452,0.9469026548672567,0.05309734513274336
AlwaysDefect,8,SEAT,AlwaysDefect,499,499,1.0,0.0
AlwaysDefect,8,AlwaysDefect,SEAT,499,499,1.0,0.0
AlwaysDefect,8,SEAT,Random,1633,533,3.0637898686679175,0.0
AlwaysDefect,8,Random,SEAT,258,533,0.48405253283302063,0.5159474671669794
AlwaysDefect,8,SEAT,Pavlov,1393,457,3.0481400437636763,0.0
AlwaysDefect,8,Pavlov,SEAT,223,457,0.487964989059081,0.5120350109409191
AlwaysDefect,8,TitForTat,TitForTat,696,232,3.0,1.0
AlwaysDefect,8,TitForTat,Grudger,408,136,3.0,1.0
AlwaysDefect,8,Grudger,TitForTat,408,136,3.0,1.0
AlwaysDefect,8,TitForTat,AlwaysDefect,213,221,0.9638009049773756,0.03619909502262444
AlwaysDefect,8,AlwaysDefect,TitForTat,253,221,1.1447963800904977,0.0
AlwaysDefect,8,TitForTat,Random,325,146,2.2260273972602738,0.5821917808219178
AlwaysDefect,8,Random,TitForTat,360,146,2.4657534246575343,0.5342465753424658
AlwaysDefect,8,TitForTat,Pavlov,591,197,3.0,1.0
AlwaysDefect,8,Pavlov,TitForTat,591,197,3.0,1.0
AlwaysDefect,8,Grudger,Grudger,180,60,3.0,1.0
AlwaysDefect,8,Grudger,AlwaysDefect,64,68,0.9411764705882353,0.058823529411764705
AlwaysDefect,8,AlwaysDefect,Grudger,84,68,1.2352941176470589,0.0
AlwaysDefect,8,Grudger,Random,362,118,3.0677966101694913,0.05084745762711865
AlwaysDefect,8,Random,Grudger,77,118,0.652542372881356,0.5338983050847458
AlwaysDefect,8,Grudger,Pavlov,207,69,3.0,1.0
AlwaysDefect,8,Pavlov,Grudger,207,69,3.0,1.0
AlwaysDefect,8,AlwaysDefect,AlwaysDefect,56,56,1.0,0.0
AlwaysDefect,8,AlwaysDefect,Random,296,92,3.217391304347826,0.0
AlwaysDefect,8,Random,AlwaysDefect,41,92,0.44565217391304346,0.5543478260869565
AlwaysDefect,8,AlwaysDefect,Pavlov,312,104,3.0,0.0
AlwaysDefect,8,Pavlov,AlwaysDefect,52,104,0.5,0.5
AlwaysDefect,8,Random,Random,128,56,2.2857142857142856,0.5357142857142857
AlwaysDefect,8,Random,Pavlov,172,65,2.646153846153846,0.4153846153846154
AlwaysDefect,8,Pavlov,Random,117,65,1.8,0.5846153846153846
AlwaysDefect,8,Pavlov,Pavlov,36,12,3.0,1.0
AlwaysDefect,9,SEAT,SEAT,2606,2606,1.0,0.0
AlwaysDefect,9,SEAT,TitForTat,1151,959,1.200208550573514,0.0
AlwaysDefect,9,TitForTat,SEAT,911,959,0.9499478623566214,0.05005213764337852
AlwaysDefect,9,SEAT,Grudger,553,457,1.2100656455142231,0.0
AlwaysDefect,9,Grudger,SEAT,433,457,0.9474835886214442,0.0525164113785558
AlwaysDefect,9,SEAT,AlwaysDefect,570,570,1.0,0.0
AlwaysDefect,9,AlwaysDefect,SEAT,570,570,1.0,0.0
AlwaysDefect,9,SEAT,Random,1344,452,2.9734513274336285,0.0
AlwaysDefect,9,Random,SEAT,229,452,0.5066371681415929,0.49336283185840707
AlwaysDefect,9,SEAT,Pavlov,1362,450,3.026666666666667,0.0
AlwaysDefect,9,Pavlov,SEAT,222,450,0.49333333333333335,0.5066666666666667
AlwaysDefect,9,TitForTat,TitForTat,690,230,3.0,1.0
AlwaysDefect,9,TitForTat,Grudger,600,200,3.0,1.0
AlwaysDefect,9,Grudger,TitForTat,600,200,3.0,1.0
AlwaysDefect,9,TitForTat,AlwaysDefect,180,188,0.9574468085106383,0.0425531914893617
AlwaysDefect,9,AlwaysDefect,TitForTat,220,188,1.1702127659574468,0.0
AlwaysDefect,9,TitForTat,Random,213,94,2.265957446808511,0.5851063829787234
AlwaysDefect,9,Random,TitForTat,233,94,2.478723404255319,0.5425531914893617
AlwaysDefect,9,TitForTat,Pavlov,531,177,3.0,1.0
AlwaysDefect,9,Pavlov,TitForTat,531,177,3.0,1.0
AlwaysDefect,9,Grudger,Grudger,180,60,3.0,1.0
AlwaysDefect,9,Grudger,AlwaysDefect,64,68,0.9411764705882353,0.058823529411764705
AlwaysDefect,9,AlwaysDefect,Grudger,84,68,1.2352941176470589,0.0
AlwaysDefect,9,Grudger,Random,224,74,3.027027027027027,0.0945945945945946
AlwaysDefect,9,Random,Grudger,59,74,0.7972972972972973,0.5405405405405406
AlwaysDefect,9,Grudger,Pavlov,261,87,3.0,1.0
AlwaysDefect,9,Pavlov,Grudger,261,87,3.0,1.0
AlwaysDefect,9,AlwaysDefect,AlwaysDefect,60,60,1.0,0.0
AlwaysDefect,9,AlwaysDefect,Random,187,67,2.791044776119403,0.0
AlwaysDefect,9,Random,AlwaysDefect,37,67,0.5522388059701493,0.44776119402985076
AlwaysDefect,9,AlwaysDefect,Pavlov,249,81,3.074074074074074,0.0
AlwaysDefect,9,Pavlov,AlwaysDefect,39,81,0.48148148148148145,0.5185185185185185
AlwaysDefect,9,Random,Random,134,60,2.2333333333333334,0.4666666666666667
AlwaysDefect,9,Random,Pavlov,197,86,2.2906976744186047,0.5
AlwaysDefect,9,Pavlov,Random,192,86,2.2325581395348837,0.5116279069767442
AlwaysDefect,9,Pavlov,Pavlov,180,60,3.0,1.0
AlwaysDefect,10,SEAT,SEAT,2870,2870,1.0,0.0
AlwaysDefect,10,SEAT,TitForTat,1240,1048,1.183206106870229,0.0
AlwaysDefect,10,TitForTat,SEAT,1000,1048,0.9541984732824428,0.04580152671755725
AlwaysDefect,10,SEAT,Grudger,498,402,1.2388059701492538,0.0
AlwaysDefect,10,Grudger,SEAT,378,402,0.9402985074626866,0.05970149253731343
AlwaysDefect,10,SEAT,AlwaysDefect,566,566,1.0,0.0
AlwaysDefect,10,AlwaysDefect,SEAT,566,566,1.0,0.0
AlwaysDefect,10,SEAT,Random,1606,534,3.00749063670412,0.0
AlwaysDefect,10,Random,SEAT,266,534,0.49812734082397003,0.50187265917603
AlwaysDefect,10,SEAT,Pavlov,1362,450,3.026666666666667,0.0
AlwaysDefect,10,Pavlov,SEAT,222,450,0.49333333333333335,0.5066666666666667
AlwaysDefect,10,TitForTat,TitForTat,678,226,3.0,1.0
AlwaysDefect,10,TitForTat,Grudger,339,113,3.0,1.0
AlwaysDefect,10,Grudger,TitForTat,339,113,3.0,1.0
AlwaysDefect,10,TitForTat,AlwaysDefect,104,112,0.9285714285714286,0.07142857142857142
AlwaysDefect,10,AlwaysDefect,TitForTat,144,112,1.2857142857142858,0.0
AlwaysDefect,10,TitForTat,Random,377,170,2.2176470588235295,0.5117647058823529
AlwaysDefect,10,Random,TitForTat,387,170,2.276470588235294,0.5
AlwaysDefect,10,TitForTat,Pavlov,570,190,3.0,1.0
AlwaysDefect,10,Pavlov,TitForTat,570,190,3.0,1.0
AlwaysDefect,10,Grudger,Grudger,60,20,3.0,1.0
AlwaysDefect,10,Grudger,AlwaysDefect,104,108,0.9629629629629629,0.037037037037037035
AlwaysDefect,10,AlwaysDefect,Grudger,124,108,1.1481481481481481,0.0
AlwaysDefect,10,Grudger,Random,217,81,2.6790123456790123,0.04938271604938271
AlwaysDefect,10,Random,Grudger,62,81,0.7654320987654321,0.43209876543209874
AlwaysDefect,10,Grudger,Pavlov,297,99,3.0,1.0
AlwaysDefect,10,Pavlov,Grudger,297,99,3.0,1.0
AlwaysDefect,10,AlwaysDefect,AlwaysDefect,48,48,1.0,0.0
AlwaysDefect,10,AlwaysDefect,Random,216,68,3.176470588235294,0.0
AlwaysDefect,10,Random,AlwaysDefect,31,68,0.45588235294117646,0.5441176470588235
AlwaysDefect,10,AlwaysDefect,Pavlov,203,67,3.029850746268657,0.0
AlwaysDefect,10,Pavlov,AlwaysDefect,33,67,0.4925373134328358,0.5074626865671642
AlwaysDefect,10,Random,Random,11,4,2.75,0.75
AlwaysDefect,10,Random,Pavlov,226,106,2.1320754716981134,0.4716981132075472
AlwaysDefect,10,Pavlov,Random,241,106,2.2735849056603774,0.44339622641509435
AlwaysDefect,10,Pavlov,Pavlov,102,34,3.0,1.0
AlwaysDefect,11,SEAT,SEAT,2652,2652,1.0,0.0
AlwaysDefect,11,SEAT,TitForTat,1116,924,1.2077922077922079,0.0
AlwaysDefect,11,TitForTat,SEAT,876,924,0.948051948051948,0.05194805194805195
AlwaysDefect,11,SEAT,Grudger,584,488,1.1967213114754098,0.0
AlwaysDefect,11,Grudger,SEAT,464,488,0.9508196721311475,0.04918032786885246
AlwaysDefect,11,SEAT,AlwaysDefect,487,487,1.0,0.0
AlwaysDefect,11,AlwaysDefect,SEAT,487,487,1.0,0.0
AlwaysDefect,11,SEAT,Random,1332,436,3.055045871559633,0.0
AlwaysDefect,11,Random,SEAT,212,436,0.48623853211009177,0.5137614678899083
AlwaysDefect,11,SEAT,Pavlov,1250,414,3.0193236714975846,0.0
AlwaysDefect,11,Pavlov,SEAT,205,414,0.49516908212560384,0.5048309178743962
AlwaysDefect,11,TitForTat,TitForTat,786,262,3.0,1.0
AlwaysDefect,11,TitForTat,Grudger,561,187,3.0,1.0
AlwaysDefect,11,Grudger,TitForTat,561,187,3.0,1.0
AlwaysDefect,11,TitForTat,AlwaysDefect,147,155,0.9483870967741935,0.05161290322580645
AlwaysDefect,11,AlwaysDefect,TitForTat,187,155,1.206451612903226,0.0
AlwaysDefect,11,TitForTat,Random,327,157,2.082802547770701,0.4713375796178344
AlwaysDefect,11,Random,TitForTat,347,157,2.210191082802548,0.445859872611465
AlwaysDefect,11,TitForTat,Pavlov,603,201,3.0,1.0
AlwaysDefect,11,Pavlov,TitForTat,603,201,3.0,1.0
AlwaysDefect,11,Grudger,Grudger,126,42,3.0,1.0
AlwaysDefect,11,Grudger,AlwaysDefect,66,70,0.9428571428571428,0.05714285714285714
AlwaysDefect,11,AlwaysDefect,Grudger,86,70,1.2285714285714286,0.0
AlwaysDefect,11,Grudger,Random,228,84,2.7142857142857144,0.11904761904761904
AlwaysDefect,11,Random,Grudger,78,84,0.9285714285714286,0.47619047619047616
AlwaysDefect,11,Grudger,Pavlov,312,104,3.0,1.0
AlwaysDefect,11,Pavlov,Grudger,312,104,3.0,1.0
AlwaysDefect,11,AlwaysDefect,AlwaysDefect,60,60,1.0,0.0
AlwaysDefect,11,AlwaysDefect,Random,213,81,2.6296296296296298,0.0
AlwaysDefect,11,Random,AlwaysDefect,48,81,0.5925925925925926,0.4074074074074074
AlwaysDefect,11,AlwaysDefect,Pavlov,251,83,3.0240963855421685,0.0
AlwaysDefect,11,Pavlov,AlwaysDefect,41,83,0.4939759036144578,0.5060240963855421
AlwaysDefect,11,Random,Random,14,8,1.75,0.25
AlwaysDefect,11,Random,Pavlov,169,66,2.5606060606060606,0.45454545454545453
AlwaysDefect,11,Pavlov,Random,129,66,1.9545454545454546,0.5757575757575758
AlwaysDefect,11,Pavlov,Pavlov,96,32,3.0,1.0
AlwaysDefect,12,SEAT,SEAT,2496,2496,1.0,0.0
AlwaysDefect,12,SEAT,TitForTat,1061,869,1.2209436133486766,0.0
AlwaysDefect,12,TitForTat,SEAT,821,869,0.9447640966628308,0.05523590333716916
AlwaysDefect,12,SEAT,Grudger,548,452,1.2123893805309736,0.0
AlwaysDefect,12,Grudger,SEAT,428,452,0.9469026548672567,0.05309734513274336
AlwaysDefect,12,SEAT,AlwaysDefect,478,478,1.0,0.0
AlwaysDefect,12,AlwaysDefect,SEAT,478,478,1.0,0.0
AlwaysDefect,12,SEAT,Random,1672,568,2.943661971830986,0.0
AlwaysDefect,12,Random,SEAT,292,568,0.5140845070422535,0.4859154929577465
AlwaysDefect,12,SEAT,Pavlov,1458,482,3.024896265560166,0.0
AlwaysDefect,12,Pavlov,SEAT,238,482,0.49377593360995853,0.5062240663900415
AlwaysDefect,12,TitForTat,TitForTat,804,268,3.0,1.0
AlwaysDefect,12,TitForTat,Grudger,585,195,3.0,1.0
AlwaysDefect,12,Grudger,TitForTat,585,195,3.0,1.0
AlwaysDefect,12,TitForTat,AlwaysDefect,207,215,0.9627906976744186,0.037209302325581395
AlwaysDefect,12,AlwaysDefect,TitForTat,247,215,1.1488372093023256,0.0
AlwaysDefect,12,TitForTat,Random,308,150,2.0533333333333332,0.4533333333333333
AlwaysDefect,12,Random,TitForTat,323,150,2.1533333333333333,0.43333333333333335
AlwaysDefect,12,TitForTat,Pavlov,591,197,3.0,1.0
AlwaysDefect,12,Pavlov,TitForTat,591,197,3.0,1.0
AlwaysDefect,12,Grudger,Grudger,6,2,3.0,1.0
AlwaysDefect,12,Grudger,AlwaysDefect,61,65,0.9384615384615385,0.06153846153846154
AlwaysDefect,12,AlwaysDefect,Grudger,81,65,1.2461538461538462,0.0
AlwaysDefect,12,Grudger,Random,197,67,2.9402985074626864,0.1044776119402985
AlwaysDefect,12,Random,Grudger,57,67,0.8507462686567164,0.5223880597014925
AlwaysDefect,12,Grudger,Pavlov,246,82,3.0,1.0
AlwaysDefect,12,Pavlov,Grudger,246,82,3.0,1.0
AlwaysDefect,12,AlwaysDefect,AlwaysDefect,60,60,1.0,0.0
AlwaysDefect,12,AlwaysDefect,Random,260,92,2.8260869565217392,0.0
AlwaysDefect,12,Random,AlwaysDefect,50,92,0.5434782608695652,0.45652173913043476
AlwaysDefect,12,AlwaysDefect,Pavlov,179,59,3.0338983050847457,0.0
AlwaysDefect,12,Pavlov,AlwaysDefect,29,59,0.4915254237288136,0.5084745762711864
AlwaysDefect,12,Random,Random,144,60,2.4,0.6
AlwaysDefect,12,Random,Pavlov,140,55,2.5454545454545454,0.5454545454545454
AlwaysDefect,12,Pavlov,Random,120,55,2.1818181818181817,0.6181818181818182
AlwaysDefect,12,Pavlov,Pavlov,180,60,3.0,1.0
AlwaysDefect,13,SEAT,SEAT,2908,2908,1.0,0.0
AlwaysDefect,13,SEAT,TitForTat,1161,969,1.1981424148606812,0.0
AlwaysDefect,13,TitForTat,SEAT,921,969,0.9504643962848297,0.04953560371517028
AlwaysDefect,13,SEAT,Grudger,628,532,1.1804511278195489,0.0
AlwaysDefect,13,Grudger,SEAT,508,532,0.9548872180451128,0.045112781954887216
AlwaysDefect,13,SEAT,AlwaysDefect,552,552,1.0,0.0
AlwaysDefect,13,AlwaysDefect,SEAT,552,552,1.0,0.0
AlwaysDefect,13,SEAT,Random,1563,523,2.988527724665392,0.0
AlwaysDefect,13,Random,SEAT,263,523,0.502868068833652,0.497131931166348
AlwaysDefect,13,SEAT,Pavlov,1278,422,3.028436018957346,0.0
AlwaysDefect,13,Pavlov,SEAT,208,422,0.4928909952606635,0.5071090047393365
AlwaysDefect,13,TitForTat,TitForTat,486,162,3.0,1.0
AlwaysDefect,13,TitForTat,Grudger,543,181,3.0,1.0
AlwaysDefect,13,Grudger,TitForTat,543,181,3.0,1.0
AlwaysDefect,13,TitForTat,AlwaysDefect,117,125,0.936,0.064
AlwaysDefect,13,AlwaysDefect,TitForTat,157,125,1.256,0.0
AlwaysDefect,13,TitForTat,Random,349,159,2.1949685534591197,0.5345911949685535
AlwaysDefect,13,Random,TitForTat,369,159,2.3207547169811322,0.5094339622641509
AlwaysDefect,13,TitForTat,Pavlov,465,155,3.0,1.0
AlwaysDefect,13,Pavlov,TitForTat,465,155,3.0,1.0
AlwaysDefect,13,Grudger,Grudger,180,60,3.0,1.0
AlwaysDefect,13,Grudger,AlwaysDefect,96,100,0.96,0.04
AlwaysDefect,13,AlwaysDefect,Grudger,116,100,1.16,0.0
AlwaysDefect,13,Grudger,Random,221,71,3.112676056338028,0.1267605633802817
AlwaysDefect,13,Random,Grudger,61,71,0.8591549295774648,0.5774647887323944
AlwaysDefect,13,Grudger,Pavlov,234,78,3.0,1.0
AlwaysDefect,13,Pavlov,Grudger,234,78,3.0,1.0
AlwaysDefect,13,AlwaysDefect,AlwaysDefect,18,18,1.0,0.0
AlwaysDefect,13,AlwaysDefect,Random,173,65,2.6615384615384614,0.0
AlwaysDefect,13,Random,AlwaysDefect,38,65,0.5846153846153846,0.4153846153846154
AlwaysDefect,13,AlwaysDefect,Pavlov,221,73,3.0273972602739727,0.0
AlwaysDefect,13,Pavlov,AlwaysDefect,36,73,0.4931506849315068,0.5068493150684932
AlwaysDefect,13,Random,Random,46,22,2.090909090909091,0.45454545454545453
AlwaysDefect,13,Random,Pavlov,211,92,2.2934782608695654,0.4782608695652174
AlwaysDefect,13,Pavlov,Random,201,92,2.1847826086956523,0.5
AlwaysDefect,13,Pavlov,Pavlov,42,14,3.0,1.0
AlwaysDefect,14,SEAT,SEAT,2404,2404,1.0,0.0
AlwaysDefect,14,SEAT,TitForTat,1189,997,1.1925777331995988,0.0
AlwaysDefect,14,TitForTat,SEAT,949,997,0.9518555667001003,0.048144433299899696
AlwaysDefect,14,SEAT,Grudger,500,404,1.2376237623762376,0.0
AlwaysDefect,14,Grudger,SEAT,380,404,0.9405940594059405,0.0594059405940594
AlwaysDefect,14,SEAT,AlwaysDefect,494,494,1.0,0.0
AlwaysDefect,14,AlwaysDefect,SEAT,494,494,1.0,0.0
AlwaysDefect,14,SEAT,Random,1583,523,3.026768642447419,0.0
AlwaysDefect,14,Random,SEAT,258,523,0.4933078393881453,0.5066921606118547
AlwaysDefect,14,SEAT,Pavlov,1398,462,3.0259740259740258,0.0
AlwaysDefect,14,Pavlov,SEAT,228,462,0.4935064935064935,0.5064935064935064
AlwaysDefect,14,TitForTat,TitForTat,474,158,3.0,1.0
AlwaysDefect,14,TitForTat,Grudger,639,213,3.0,1.0
AlwaysDefect,14,Grudger,TitForTat,639,213,3.0,1.0
AlwaysDefect,14,TitForTat,AlwaysDefect,156,164,0.9512195121951219,0.04878048780487805
AlwaysDefect,14,AlwaysDefect,TitForTat,196,164,1.1951219512195121,0.0
AlwaysDefect,14,TitForTat,Random,332,150,2.2133333333333334,0.52
AlwaysDefect,14,Random,TitForTat,352,150,2.3466666666666667,0.49333333333333335
AlwaysDefect,14,TitForTat,Pavlov,492,164,3.0,1.0
AlwaysDefect,14,Pavlov,TitForTat,492,164,3.0,1.0
AlwaysDefect,14,Grudger,Grudger,180,60,3.0,1.0
AlwaysDefect,14,Grudger,AlwaysDefect,58,62,0.9354838709677419,0.06451612903225806
AlwaysDefect,14,AlwaysDefect,Grudger,78,62,1.2580645161290323,0.0
AlwaysDefect,14,Grudger,Random,213,77,2.7662337662337664,0.12987012987012986
AlwaysDefect,14,Random,Grudger,73,77,0.948051948051948,0.4935064935064935
AlwaysDefect,14,Grudger,Pavlov,75,25,3.0,1.0
AlwaysDefect,14,Pavlov,Grudger,75,25,3.0,1.0
AlwaysDefect,14,AlwaysDefect,AlwaysDefect,60,60,1.0,0.0
AlwaysDefect,14,AlwaysDefect,Random,117,41,2.8536585365853657,0.0
AlwaysDefect,14,Random,AlwaysDefect,22,41,0.5365853658536586,0.4634146341463415
AlwaysDefect,14,AlwaysDefect,Pavlov,306,102,3.0,0.0
AlwaysDefect,14,Pavlov,AlwaysDefect,51,102,0.5,0.5
AlwaysDefect,14,Random,Random,148,60,2.466666666666667,0.6
AlwaysDefect,14,Random,Pavlov,229,97,2.3608247422680413,0.44329896907216493
AlwaysDefect,14,Pavlov,Random,199,97,2.051546391752577,0.5051546391752577
AlwaysDefect,14,Pavlov,Pavlov,24,8,3.0,1.0
AlwaysDefect,15,SEAT,SEAT,2792,2792,1.0,0.0
AlwaysDefect,15,SEAT,TitForTat,1159,967,1.1985522233712513,0.0
AlwaysDefect,15,TitForTat,SEAT,919,967,0.9503619441571872,0.04963805584281282
AlwaysDefect,15,SEAT,Grudger,696,600,1.16,0.0
AlwaysDefect,15,Grudger,SEAT,576,600,0.96,0.04
AlwaysDefect,15,SEAT,AlwaysDefect,385,385,1.0,0.0
AlwaysDefect,15,AlwaysDefect,SEAT,385,385,1.0,0.0
AlwaysDefect,15,SEAT,Random,1583,523,3.026768642447419,0.0
AlwaysDefect,15,Random,SEAT,258,523,0.4933078393881453,0.5066921606118547
AlwaysDefect,15,SEAT,Pavlov,1462,482,3.033195020746888,0.0
AlwaysDefect,15,Pavlov,SEAT,237,482,0.491701244813278,0.508298755186722
AlwaysDefect,15,TitForTat,TitForTat,720,240,3.0,1.0
AlwaysDefect,15,TitForTat,Grudger,483,161,3.0,1.0
AlwaysDefect,15,Grudger,TitForTat,483,161,3.0,1.0
AlwaysDefect,15,TitForTat,AlwaysDefect,126,134,0.9402985074626866,0.05970149253731343
AlwaysDefect,15,AlwaysDefect,TitForTat,166,134,1.2388059701492538,0.0
AlwaysDefect,15,TitForTat,Random,253,119,2.1260504201680672,0.4789915966386555
AlwaysDefect,15,Random,TitForTat,273,119,2.2941176470588234,0.44537815126050423
AlwaysDefect,15,TitForTat,Pavlov,486,162,3.0,1.0
AlwaysDefect,15,Pavlov,TitForTat,486,162,3.0,1.0
AlwaysDefect,15,Grudger,Grudger,180,60,3.0,1.0
AlwaysDefect,15,Grudger,AlwaysDefect,111,115,0.9652173913043478,0.034782608695652174
AlwaysDefect,15,AlwaysDefect,Grudger,131,115,1.1391304347826088,0.0
AlwaysDefect,15,Grudger,Random,168,51,3.2941176470588234,0.09803921568627451
AlwaysDefect,15,Random,Grudger,38,51,0.7450980392156863,0.6078431372549019
AlwaysDefect,15,Grudger,Pavlov,201,67,3.0,1.0
AlwaysDefect,15,Pavlov,Grudger,201,67,3.0,1.0
AlwaysDefect,15,AlwaysDefect,AlwaysDefect,6,6,1.0,0.0
AlwaysDefect,15,AlwaysDefect,Random,322,106,3.0377358490566038,0.0
AlwaysDefect,15,Random,AlwaysDefect,52,106,0.49056603773584906,0.5094339622641509
AlwaysDefect,15,AlwaysDefect,Pavlov,244,80,3.05,0.0
AlwaysDefect,15,Pavlov,AlwaysDefect,39,80,0.4875,0.5125
AlwaysDefect,15,Random,Random,129,60,2.15,0.45
AlwaysDefect,15,Random,Pavlov,197,79,2.4936708860759493,0.5063291139240507
AlwaysDefect,15,Pavlov,Random,167,79,2.1139240506329116,0.5822784810126582
AlwaysDefect,15,Pavlov,Pavlov,114,38,3.0,1.0
AlwaysDefect,16,SEAT,SEAT,2674,2674,1.0,0.0
AlwaysDefect,16,SEAT,TitForTat,1155,963,1.1993769470404985,0.0
AlwaysDefect,16,TitForTat,SEAT,915,963,0.9501557632398754,0.04984423676012461
AlwaysDefect,16,SEAT,Grudger,573,477,1.20125786163522,0.0
AlwaysDefect,16,Grudger,SEAT,453,477,0.949685534591195,0.050314465408805034
AlwaysDefect,16,SEAT,AlwaysDefect,427,427,1.0,0.0
AlwaysDefect,16,AlwaysDefect,SEAT,427,427,1.0,0.0
AlwaysDefect,16,SEAT,Random,1278,406,3.147783251231527,0.0
AlwaysDefect,16,Random,SEAT,188,406,0.4630541871921182,0.5369458128078818
AlwaysDefect,16,SEAT,Pavlov,1540,508,3.031496062992126,0.0
AlwaysDefect,16,Pavlov,SEAT,250,508,0.4921259842519685,0.5078740157480315
AlwaysDefect,16,TitForTat,TitForTat,498,166,3.0,1.0
AlwaysDefect,16,TitForTat,Grudger,459,153,3.0,1.0
AlwaysDefect,16,Grudger,TitForTat,459,153,3.0,1.0
AlwaysDefect,16,TitForTat,AlwaysDefect,112,120,0.9333333333333333,0.06666666666666667
AlwaysDefect,16,AlwaysDefect,TitForTat,152,120,1.2666666666666666,0.0
AlwaysDefect,16,TitForTat,Random,363,164,2.2134146341463414,0.5060975609756098
AlwaysDefect,16,Random,TitForTat,373,164,2.274390243902439,0.49390243902439024
AlwaysDefect,16,TitForTat,Pavlov,540,180,3.0,1.0
AlwaysDefect,16,Pavlov,TitForTat,540,180,3.0,1.0
AlwaysDefect,16,Grudger,Grudger,6,2,3.0,1.0
AlwaysDefect,16,Grudger,AlwaysDefect,77,81,0.9506172839506173,0.04938271604938271
AlwaysDefect,16,AlwaysDefect,Grudger,97,81,1.1975308641975309,0.0
AlwaysDefect,16,Grudger,Random,230,70,3.2857142857142856,0.3142857142857143
AlwaysDefect,16,Random,Grudger,90,70,1.2857142857142858,0.7142857142857143
AlwaysDefect,16,Grudger,Pavlov,291,97,3.0,1.0
AlwaysDefect,16,Pavlov,Grudger,291,97,3.0,1.0
AlwaysDefect,16,AlwaysDefect,AlwaysDefect,52,52,1.0,0.0
AlwaysDefect,16,AlwaysDefect,Random,295,103,2.8640776699029127,0.0
AlwaysDefect,16,Random,AlwaysDefect,55,103,0.5339805825242718,0.46601941747572817
AlwaysDefect,16,AlwaysDefect,Pavlov,185,61,3.0327868852459017,0.0
AlwaysDefect,16,Pavlov,AlwaysDefect,30,61,0.4918032786885246,0.5081967213114754
AlwaysDefect,16,Random,Random,61,28,2.1785714285714284,0.4642857142857143
AlwaysDefect,16,Random,Pavlov,161,72,2.236111111111111,0.6111111111111112
AlwaysDefect,16,Pavlov,Random,186,72,2.5833333333333335,0.5416666666666666
AlwaysDefect,16,Pavlov,Pavlov,180,60,3.0,1.0
AlwaysDefect,17,SEAT,SEAT,2604,2604,1.0,0.0
AlwaysDefect,17,SEAT,TitForTat,1170,978,1.196319018404908,0.0
AlwaysDefect,17,TitForTat,SEAT,930,978,0.950920245398773,0.049079754601226995
AlwaysDefect,17,SEAT,Grudger,497,401,1.2394014962593516,0.0
AlwaysDefect,17,Grudger,SEAT,377,401,0.940149625935162,0.059850374064837904
AlwaysDefect,17,SEAT,AlwaysDefect,533,533,1.0,0.0
AlwaysDefect,17,AlwaysDefect,SEAT,533,533,1.0,0.0
AlwaysDefect,17,SEAT,Random,1457,481,3.029106029106029,0.0
AlwaysDefect,17,Random,SEAT,237,481,0.49272349272349275,0.5072765072765073
AlwaysDefect,17,SEAT,Pavlov,1322,438,3.0182648401826486,0.0
AlwaysDefect,17,Pavlov,SEAT,217,438,0.4954337899543379,0.5045662100456622
AlwaysDefect,17,TitForTat,TitForTat,666,222,3.0,1.0
AlwaysDefect,17,TitForTat,Grudger,468,156,3.0,1.0
AlwaysDefect,17,Grudger,TitForTat,468,156,3.0,1.0
AlwaysDefect,17,TitForTat,AlwaysDefect,164,172,0.9534883720930233,0.046511627906976744
AlwaysDefect,17,AlwaysDefect,TitForTat,204,172,1.186046511627907,0.0
AlwaysDefect,17,TitForTat,Random,276,135,2.0444444444444443,0.4444444444444444
AlwaysDefect,17,Random,TitForTat,301,135,2.22962962962963,0.4074074074074074
AlwaysDefect,17,TitForTat,Pavlov,483,161,3.0,1.0
AlwaysDefect,17,Pavlov,TitForTat,483,161,3.0,1.0
AlwaysDefect,17,Grudger,Grudger,180,60,3.0,1.0
AlwaysDefect,17,Grudger,AlwaysDefect,51,55,0.9272727272727272,0.07272727272727272
AlwaysDefect,17,AlwaysDefect,Grudger,71,55,1.290909090909091,0.0
AlwaysDefect,17,Grudger,Random,265,86,3.0813953488372094,0.13953488372093023
AlwaysDefect,17,Random,Grudger,75,86,0.872093023255814,0.5813953488372093
AlwaysDefect,17,Grudger,Pavlov,288,96,3.0,1.0
AlwaysDefect,17,Pavlov,Grudger,288,96,3.0,1.0
AlwaysDefect,17,AlwaysDefect,AlwaysDefect,6,6,1.0,0.0
AlwaysDefect,17,AlwaysDefect,Random,215,71,3.028169014084507,0.0
AlwaysDefect,17,Random,AlwaysDefect,35,71,0.49295774647887325,0.5070422535211268
AlwaysDefect,17,AlwaysDefect,Pavlov,269,89,3.0224719101123596,0.0
AlwaysDefect,17,Pavlov,AlwaysDefect,44,89,0.4943820224719101,0.5056179775280899
AlwaysDefect,17,Random,Random,137,60,2.283333333333333,0.5166666666666667
AlwaysDefect,17,Random,Pavlov,197,79,2.4936708860759493,0.5316455696202531
AlwaysDefect,17,Pavlov,Random,172,79,2.1772151898734178,0.5949367088607594
AlwaysDefect,17,Pavlov,Pavlov,180,60,3.0,1.0
AlwaysDefect,18,SEAT,SEAT,2502,2502,1.0,0.0
AlwaysDefect,18,SEAT,TitForTat,1174,982,1.195519348268839,0.0
AlwaysDefect,18,TitForTat,SEAT,934,982,0.9511201629327902,0.048879837067209775
AlwaysDefect,18,SEAT,Grudger,601,505,1.19009900990099,0.0
AlwaysDefect,18,Grudger,SEAT,481,505,0.9524752475247524,0.047524752475247525
AlwaysDefect,18,SEAT,AlwaysDefect,365,365,1.0,0.0
AlwaysDefect,18,AlwaysDefect,SEAT,365,365,1.0,0.0
AlwaysDefect,18,SEAT,Random,1461,477,3.0628930817610063,0.0
AlwaysDefect,18,Random,SEAT,231,477,0.48427672955974843,0.5157232704402516
AlwaysDefect,18,SEAT,Pavlov,1437,473,3.0380549682875264,0.0
AlwaysDefect,18,Pavlov,SEAT,232,473,0.4904862579281184,0.5095137420718816
AlwaysDefect,18,TitForTat,TitForTat,1002,334,3.0,1.0
AlwaysDefect,18,TitForTat,Grudger,420,140,3.0,1.0
AlwaysDefect,18,Grudger,TitForTat,420,140,3.0,1.0
AlwaysDefect,18,TitForTat,AlwaysDefect,197,205,0.9609756097560975,0.03902439024390244
AlwaysDefect,18,AlwaysDefect,TitForTat,237,205,1.1560975609756097,0.0
AlwaysDefect,18,TitForTat,Random,355,151,2.3509933774834435,0.5761589403973509
AlwaysDefect,18,Random,TitForTat,365,151,2.4172185430463577,0.5629139072847682
AlwaysDefect,18,TitForTat,Pavlov,354,118,3.0,1.0
AlwaysDefect,18,Pavlov,TitForTat,354,118,3.0,1.0
AlwaysDefect,18,Grudger,Grudger,66,22,3.0,1.0
AlwaysDefect,18,Grudger,AlwaysDefect,65,69,0.9420289855072463,0.057971014492753624
AlwaysDefect,18,AlwaysDefect,Grudger,85,69,1.2318840579710144,0.0
AlwaysDefect,18,Grudger,Random,252,87,2.896551724137931,0.10344827586206896
AlwaysDefect,18,Random,Grudger,72,87,0.8275862068965517,0.5172413793103449
AlwaysDefect,18,Grudger,Pavlov,267,89,3.0,1.0
AlwaysDefect,18,Pavlov,Grudger,267,89,3.0,1.0
AlwaysDefect,18,AlwaysDefect,AlwaysDefect,60,60,1.0,0.0
AlwaysDefect,18,AlwaysDefect,Random,277,85,3.2588235294117647,0.0
AlwaysDefect,18,Random,AlwaysDefect,37,85,0.43529411764705883,0.5647058823529412
AlwaysDefect,18,AlwaysDefect,Pavlov,275,91,3.021978021978022,0.0
AlwaysDefect,18,Pavlov,AlwaysDefect,45,91,0.4945054945054945,0.5054945054945055
AlwaysDefect,18,Random,Random,25,12,2.0833333333333335,0.4166666666666667
AlwaysDefect,18,Random,Pavlov,153,65,2.353846153846154,0.5846153846153846
AlwaysDefect,18,Pavlov,Random,158,65,2.4307692307692306,0.5692307692307692
AlwaysDefect,18,Pavlov,Pavlov,180,60,3.0,1.0
AlwaysDefect,19,SEAT,SEAT,2498,2498,1.0,0.0
AlwaysDefect,19,SEAT,TitForTat,1116,924,1.2077922077922079,0.0
AlwaysDefect,19,TitForTat,SEAT,876,924,0.948051948051948,0.05194805194805195
AlwaysDefect,19,SEAT,Grudger,595,499,1.1923847695390781,0.0
AlwaysDefect,19,Grudger,SEAT,475,499,0.9519038076152304,0.04809619238476954
AlwaysDefect,19,SEAT,AlwaysDefect,469,469,1.0,0.0
AlwaysDefect,19,AlwaysDefect,SEAT,469,469,1.0,0.0
AlwaysDefect,19,SEAT,Random,1625,541,3.0036968576709797,0.0
AlwaysDefect,19,Random,SEAT,270,541,0.49907578558225507,0.5009242144177449
AlwaysDefect,19,SEAT,Pavlov,1469,485,3.028865979381443,0.0
AlwaysDefect,19,Pavlov,SEAT,239,485,0.4927835051546392,0.5072164948453608
AlwaysDefect,19,TitForTat,TitForTat,1032,344,3.0,1.0
AlwaysDefect,19,TitForTat,Grudger,564,188,3.0,1.0
AlwaysDefect,19,Grudger,TitForTat,564,188,3.0,1.0
AlwaysDefect,19,TitForTat,AlwaysDefect,197,205,0.9609756097560975,0.03902439024390244
AlwaysDefect,19,AlwaysDefect,TitForTat,237,205,1.1560975609756097,0.0
AlwaysDefect,19,TitForTat,Random,336,149,2.2550335570469797,0.5570469798657718
AlwaysDefect,19,Random,TitForTat,361,149,2.422818791946309,0.5234899328859061
AlwaysDefect,19,TitForTat,Pavlov,489,163,3.0,1.0
AlwaysDefect,19,Pavlov,TitForTat,489,163,3.0,1.0
AlwaysDefect,19,Grudger,Grudger,102,34,3.0,1.0
AlwaysDefect,19,Grudger,AlwaysDefect,81,85,0.9529411764705882,0.047058823529411764
AlwaysDefect,19,AlwaysDefect,Grudger,101,85,1.188235294117647,0.0
AlwaysDefect,19,Grudger,Random,200,74,2.7027027027027026,0.12162162162162163
AlwaysDefect,19,Random,Grudger,70,74,0.9459459459459459,0.47297297297297297
AlwaysDefect,19,Grudger,Pavlov,216,72,3.0,1.0
AlwaysDefect,19,Pavlov,Grudger,216,72,3.0,1.0
AlwaysDefect,19,AlwaysDefect,AlwaysDefect,42,42,1.0,0.0
AlwaysDefect,19,AlwaysDefect,Random,228,80,2.85,0.0
AlwaysDefect,19,Random,AlwaysDefect,43,80,0.5375,0.4625
AlwaysDefect,19,AlwaysDefect,Pavlov,340,112,3.0357142857142856,0.0
AlwaysDefect,19,Pavlov,AlwaysDefect,55,112,0.49107142857142855,0.5089285714285714
AlwaysDefect,19,Random,Random,29,14,2.0714285714285716,0.5
AlwaysDefect,19,Random,Pavlov,130,50,2.6,0.48
AlwaysDefect,19,Pavlov,Random,100,50,2.0,0.6
AlwaysDefect,19,Pavlov,Pavlov,48,16,3.0,1.0
AlwaysDefect,20,SEAT,SEAT,2550,2550,1.0,0.0
AlwaysDefect,20,SEAT,TitForTat,1149,957,1.2006269592476488,0.0
AlwaysDefect,20,TitForTat,SEAT,909,957,0.9498432601880877,0.050156739811912224
AlwaysDefect,20,SEAT,Grudger,498,402,1.2388059701492538,0.0
AlwaysDefect,20,Grudger,SEAT,378,402,0.9402985074626866,0.05970149253731343
AlwaysDefect,20,SEAT,AlwaysDefect,473,473,1.0,0.0
AlwaysDefect,20,AlwaysDefect,SEAT,473,473,1.0,0.0
AlwaysDefect,20,SEAT,Random,1482,498,2.9759036144578315,0.0
AlwaysDefect,20,Random,SEAT,252,498,0.5060240963855421,0.4939759036144578
AlwaysDefect,20,SEAT,Pavlov,1390,458,3.034934497816594,0.0
AlwaysDefect,20,Pavlov,SEAT,225,458,0.4912663755458515,0.5087336244541485
AlwaysDefect,20,TitForTat,TitForTat,582,194,3.0,1.0
AlwaysDefect,20,TitForTat,Grudger,462,154,3.0,1.0
AlwaysDefect,20,Grudger,TitForTat,462,154,3.0,1.0
AlwaysDefect,20,TitForTat,AlwaysDefect,149,157,0.9490445859872612,0.050955414012738856
AlwaysDefect,20,AlwaysDefect,TitForTat,189,157,1.2038216560509554,0.0
AlwaysDefect,20,TitForTat,Random,319,142,2.2464788732394365,0.5422535211267606
AlwaysDefect,20,Random,TitForTat,334,142,2.352112676056338,0.5211267605633803
AlwaysDefect,20,TitForTat,Pavlov,600,200,3.0,1.0
AlwaysDefect,20,Pavlov,TitForTat,600,200,3.0,1.0
AlwaysDefect,20,Grudger,Grudger,42,14,3.0,1.0
AlwaysDefect,20,Grudger,AlwaysDefect,62,66,0.9393939393939394,0.06060606060606061
AlwaysDefect,20,AlwaysDefect,Grudger,82,66,1.2424242424242424,0.0
AlwaysDefect,20,Grudger,Random,219,79,2.7721518987341773,0.10126582278481013
AlwaysDefect,20,Random,Grudger,69,79,0.8734177215189873,0.4810126582278481
AlwaysDefect,20,Grudger,Pavlov,204,68,3.0,1.0
AlwaysDefect,20,Pavlov,Grudger,204,68,3.0,1.0
AlwaysDefect,20,AlwaysDefect,AlwaysDefect,60,60,1.0,0.0
AlwaysDefect,20,AlwaysDefect,Random,314,98,3.204081632653061,0.0
AlwaysDefect,20,Random,AlwaysDefect,44,98,0.4489795918367347,0.5510204081632653
AlwaysDefect,20,AlwaysDefect,Pavlov,262,86,3.046511627906977,0.0
AlwaysDefect,20,Pavlov,AlwaysDefect,42,86,0.4883720930232558,0.5116279069767442
AlwaysDefect,20,Random,Random,128,60,2.1333333333333333,0.43333333333333335
AlwaysDefect,20,Random,Pavlov,268,106,2.5283018867924527,0.49056603773584906
AlwaysDefect,20,Pavlov,Random,218,106,2.056603773584906,0.5849056603773585
AlwaysDefect,20,Pavlov,Pavlov,180,60,3.0,1.0
Grudger,1,SEAT,SEAT,8046,2682,3.0,1.0
Grudger,1,SEAT,TitForTat,2898,966,3.0,1.0
Grudger,1,TitForTat,SEAT,2898,966,3.0,1.0
Grudger,1,SEAT,Grudger,1350,450,3.0,1.0
Grudger,1,Grudger,SEAT,1350,450,3.0,1.0
Grudger,1,SEAT,AlwaysDefect,445,469,0.9488272921108742,0.0511727078891258
Grudger,1,AlwaysDefect,SEAT,565,469,1.2046908315565032,0.0
Grudger,1,SEAT,Random,1370,476,2.8781512605042017,0.10294117647058823
Grudger,1,Random,SEAT,405,476,0.8508403361344538,0.5084033613445378
Grudger,1,SEAT,Pavlov,1590,530,3.0,1.0
Grudger,1,Pavlov,SEAT,1590,530,3.0,1.0
Grudger,1,TitForTat,TitForTat,924,308,3.0,1.0
Grudger,1,TitForTat,Grudger,543,181,3.0,1.0
Grudger,1,Grudger,TitForTat,543,181,3.0,1.0
Grudger,1,TitForTat,AlwaysDefect,163,171,0.9532163742690059,0.04678362573099415
Grudger,1,AlwaysDefect,TitForTat,203,171,1.1871345029239766,0.0
Grudger,1,TitForTat,Random,321,151,2.1258278145695364,0.5099337748344371
Grudger,1,Random,TitForTat,346,151,2.2913907284768213,0.4768211920529801
Grudger,1,TitForTat,Pavlov,408,136,3.0,1.0
Grudger,1,Pavlov,TitForTat,408,136,3.0,1.0
Grudger,1,Grudger,Grudger,18,6,3.0,1.0
Grudger,1,Grudger,AlwaysDefect,84,88,0.9545454545454546,0.045454545454545456
Grudger,1,AlwaysDefect,Grudger,104,88,1.1818181818181819,0.0
Grudger,1,Grudger,Random,304,102,2.980392156862745,0.06862745098039216
Grudger,1,Random,Grudger,74,102,0.7254901960784313,0.5196078431372549
Grudger,1,Grudger,Pavlov,234,78,3.0,1.0
Grudger,1,Pavlov,Grudger,234,78,3.0,1.0
Grudger,1,AlwaysDefect,AlwaysDefect,4,4,1.0,0.0
Grudger,1,AlwaysDefect,Random,324,100,3.24,0.0
Grudger,1,Random,AlwaysDefect,44,100,0.44,0.56
Grudger,1,AlwaysDefect,Pavlov,155,51,3.0392156862745097,0.0
Grudger,1,Pavlov,AlwaysDefect,25,51,0.49019607843137253,0.5098039215686274
Grudger,1,Random,Random,16,6,2.6666666666666665,0.6666666666666666
Grudger,1,Random,Pavlov,192,92,2.0869565217391304,0.4891304347826087
Grudger,1,Pavlov,Random,217,92,2.358695652173913,0.43478260869565216
Grudger,1,Pavlov,Pavlov,180,60,3.0,1.0
Grudger,2,SEAT,SEAT,7248,2416,3.0,1.0
Grudger,2,SEAT,TitForTat,2880,960,3.0,1.0
Grudger,2,TitForTat,SEAT,2880,960,3.0,1.0
Grudger,2,SEAT,Grudger,1278,426,3.0,1.0
Grudger,2,Grudger,SEAT,1278,426,3.0,1.0
Grudger,2,SEAT,AlwaysDefect,523,547,0.9561243144424132,0.043875685557586835
Grudger,2,AlwaysDefect,SEAT,643,547,1.1755027422303475,0.0
Grudger,2,SEAT,Random,1472,515,2.858252427184466,0.10679611650485436
Grudger,2,Random,SEAT,442,515,0.858252427184466,0.5067961165048543
Grudger,2,SEAT,Pavlov,1506,502,3.0,1.0
Grudger,2,Pavlov,SEAT,1506,502,3.0,1.0
Grudger,2,TitForTat,TitForTat,864,288,3.0,1.0
Grudger,2,TitForTat,Grudger,675,225,3.0,1.0
Grudger,2,Grudger,TitForTat,675,225,3.0,1.0
Grudger,2,TitForTat,AlwaysDefect,124,132,0.9393939393939394,0.06060606060606061
Grudger,2,AlwaysDefect,TitForTat,164,132,1.2424242424242424,0.0
Grudger,2,TitForTat,Random,265,113,2.3451327433628317,0.5752212389380531
Grudger,2,Random,TitForTat,280,113,2.47787610619469,0.5486725663716814
Grudger,2,TitForTat,Pavlov,474,158,3.0,1.0
Grudger,2,Pavlov,TitForTat,474,158,3.0,1.0
Grudger,2,Grudger,Grudger,108,36,3.0,1.0
Grudger,2,Grudger,AlwaysDefect,67,71,0.9436619718309859,0.056338028169014086
Grudger,2,AlwaysDefect,Grudger,87,71,1.2253521126760563,0.0
Grudger,2,Grudger,Random,167,60,2.783333333333333,0.06666666666666667
Grudger,2,Random,Grudger,47,60,0.7833333333333333,0.4666666666666667
Grudger,2,Grudger,Pavlov,270,90,3.0,1.0
Grudger,2,Pavlov,Grudger,270,90,3.0,1.0
Grudger,2,AlwaysDefect,AlwaysDefect,10,10,1.0,0.0
Grudger,2,AlwaysDefect,Random,284,92,3.0869565217391304,0.0
Grudger,2,Random,AlwaysDefect,44,92,0.4782608695652174,0.5217391304347826
Grudger,2,AlwaysDefect,Pavlov,166,54,3.074074074074074,0.0
Grudger,2,Pavlov,AlwaysDefect,26,54,0.48148148148148145,0.5185185185185185
Grudger,2,Random,Random,112,48,2.3333333333333335,0.5416666666666666
Grudger,2,Random,Pavlov,121,48,2.5208333333333335,0.5416666666666666
Grudger,2,Pavlov,Random,106,48,2.2083333333333335,0.6041666666666666
Grudger,2,Pavlov,Pavlov,180,60,3.0,1.0
Grudger,3,SEAT,SEAT,8244,2748,3.0,1.0
Grudger,3,SEAT,TitForTat,3234,1078,3.0,1.0
Grudger,3,TitForTat,SEAT,3234,1078,3.0,1.0
Grudger,3,SEAT,Grudger,1263,421,3.0,1.0
Grudger,3,Grudger,SEAT,1263,421,3.0,1.0
Grudger,3,SEAT,AlwaysDefect,439,463,0.9481641468682506,0.05183585313174946
Grudger,3,AlwaysDefect,SEAT,559,463,1.207343412526998,0.0
Grudger,3,SEAT,Random,1608,534,3.0112359550561796,0.09925093632958802
Grudger,3,Random,SEAT,428,534,0.8014981273408239,0.5411985018726592
Grudger,3,SEAT,Pavlov,1704,568,3.0,1.0
Grudger,3,Pavlov,SEAT,1704,568,3.0,1.0
Grudger,3,TitForTat,TitForTat,528,176,3.0,1.0
Grudger,3,TitForTat,Grudger,537,179,3.0,1.0
Grudger,3,Grudger,TitForTat,537,179,3.0,1.0
Grudger,3,TitForTat,AlwaysDefect,172,180,0.9555555555555556,0.044444444444444446
Grudger,3,AlwaysDefect,TitForTat,212,180,1.1777777777777778,0.0
Grudger,3,TitForTat,Random,419,197,2.1269035532994924,0.5025380710659898
Grudger,3,Random,TitForTat,454,197,2.3045685279187818,0.467005076142132
Grudger,3,TitForTat,Pavlov,543,181,3.0,1.0
Grudger,3,Pavlov,TitForTat,543,181,3.0,1.0
Grudger,3,Grudger,Grudger,150,50,3.0,1.0
Grudger,3,Grudger,AlwaysDefect,62,66,0.9393939393939394,0.06060606060606061
Grudger,3,AlwaysDefect,Grudger,82,66,1.2424242424242424,0.0
Grudger,3,Grudger,Random,283,97,2.917525773195876,0.09278350515463918
Grudger,3,Random,Grudger,78,97,0.8041237113402062,0.5154639175257731
Grudger,3,Grudger,Pavlov,120,40,3.0,1.0
Grudger,3,Pavlov,Grudger,120,40,3.0,1.0
Grudger,3,AlwaysDefect,AlwaysDefect,60,60,1.0,0.0
Grudger,3,AlwaysDefect,Random,234,70,3.342857142857143,0.0
Grudger,3,Random,AlwaysDefect,29,70,0.4142857142857143,0.5857142857142857
Grudger,3,AlwaysDefect,Pavlov,300,100,3.0,0.0
Grudger,3,Pavlov,AlwaysDefect,50,100,0.5,0.5
Grudger,3,Random,Random,16,6,2.6666666666666665,0.6666666666666666
Grudger,3,Random,Pavlov,196,77,2.5454545454545454,0.45454545454545453
Grudger,3,Pavlov,Random,151,77,1.9610389610389611,0.5714285714285714
Grudger,3,Pavlov,Pavlov,24,8,3.0,1.0
Grudger,4,SEAT,SEAT,7788,2596,3.0,1.0
Grudger,4,SEAT,TitForTat,3087,1029,3.0,1.0
Grudger,4,TitForTat,SEAT,3087,1029,3.0,1.0
Grudger,4,SEAT,Grudger,1485,495,3.0,1.0
Grudger,4,Grudger,SEAT,1485,495,3.0,1.0
Grudger,4,SEAT,AlwaysDefect,488,512,0.953125,0.046875
Grudger,4,AlwaysDefect,SEAT,608,512,1.1875,0.0
Grudger,4,SEAT,Random,1347,467,2.8843683083511777,0.08565310492505353
Grudger,4,Random,SEAT,377,467,0.8072805139186295,0.5010706638115632
Grudger,4,SEAT,Pavlov,1437,479,3.0,1.0
Grudger,4,Pavlov,SEAT,1437,479,3.0,1.0
Grudger,4,TitForTat,TitForTat,378,126,3.0,1.0
Grudger,4,TitForTat,Grudger,429,143,3.0,1.0
Grudger,4,Grudger,TitForTat,429,143,3.0,1.0
Grudger,4,TitForTat,AlwaysDefect,184,192,0.9583333333333334,0.041666666666666664
Grudger,4,AlwaysDefect,TitForTat,224,192,1.1666666666666667,0.0
Grudger,4,TitForTat,Random,225,104,2.1634615384615383,0.5384615384615384
Grudger,4,Random,TitForTat,250,104,2.4038461538461537,0.49038461538461536
Grudger,4,TitForTat,Pavlov,453,151,3.0,1.0
Grudger,4,Pavlov,TitForTat,453,151,3.0,1.0
Grudger,4,Grudger,Grudger,180,60,3.0,1.0
Grudger,4,Grudger,AlwaysDefect,90,94,0.9574468085106383,0.0425531914893617
Grudger,4,AlwaysDefect,Grudger,110,94,1.1702127659574468,0.0
Grudger,4,Grudger,Random,281,97,2.8969072164948453,0.041237113402061855
Grudger,4,Random,Grudger,66,97,0.6804123711340206,0.4845360824742268
Grudger,4,Grudger,Pavlov,81,27,3.0,1.0
Grudger,4,Pavlov,Grudger,81,27,3.0,1.0
Grudger,4,AlwaysDefect,AlwaysDefect,28,28,1.0,0.0
Grudger,4,AlwaysDefect,Random,241,89,2.707865168539326,0.0
Grudger,4,Random,AlwaysDefect,51,89,0.5730337078651685,0.42696629213483145
Grudger,4,AlwaysDefect,Pavlov,305,101,3.01980198019802,0.0
Grudger,4,Pavlov,AlwaysDefect,50,101,0.49504950495049505,0.504950495049505
Grudger,4,Random,Random,58,24,2.4166666666666665,0.5833333333333334
Grudger,4,Random,Pavlov,208,92,2.260869565217391,0.4782608695652174
Grudger,4,Pavlov,Random,203,92,2.2065217391304346,0.4891304347826087
Grudger,4,Pavlov,Pavlov,30,10,3.0,1.0
Grudger,5,SEAT,SEAT,7236,2412,3.0,1.0
Grudger,5,SEAT,TitForTat,2583,861,3.0,1.0
Grudger,5,TitForTat,SEAT,2583,861,3.0,1.0
Grudger,5,SEAT,Grudger,1581,527,3.0,1.0
Grudger,5,Grudger,SEAT,1581,527,3.0,1.0
Grudger,5,SEAT,AlwaysDefect,452,476,0.9495798319327731,0.05042016806722689
Grudger,5,AlwaysDefect,SEAT,572,476,1.2016806722689075,0.0
Grudger,5,SEAT,Random,1359,481,2.8253638253638256,0.11850311850311851
Grudger,5,Random,SEAT,429,481,0.8918918918918919,0.5051975051975052
Grudger,5,SEAT,Pavlov,1497,499,3.0,1.0
Grudger,5,Pavlov,SEAT,1497,499,3.0,1.0
Grudger,5,TitForTat,TitForTat,828,276,3.0,1.0
Grudger,5,TitForTat,Grudger,357,119,3.0,1.0
Grudger,5,Grudger,TitForTat,357,119,3.0,1.0
Grudger,5,TitForTat,AlwaysDefect,174,182,0.9560439560439561,0.04395604395604396
Grudger,5,AlwaysDefect,TitForTat,214,182,1.1758241758241759,0.0
Grudger,5,TitForTat,Random,408,179,2.2793296089385473,0.553072625698324
Grudger,5,Random,TitForTat,423,179,2.363128491620112,0.5363128491620112
Grudger,5,TitForTat,Pavlov,597,199,3.0,1.0
Grudger,5,Pavlov,TitForTat,597,199,3.0,1.0
Grudger,5,Grudger,Grudger,180,60,3.0,1.0
Grudger,5,Grudger,AlwaysDefect,93,97,0.9587628865979382,0.041237113402061855
Grudger,5,AlwaysDefect,Grudger,113,97,1.1649484536082475,0.0
Grudger,5,Grudger,Random,273,97,2.814432989690722,0.061855670103092786
Grudger,5,Random,Grudger,73,97,0.7525773195876289,0.4742268041237113
Grudger,5,Grudger,Pavlov,204,68,3.0,1.0
Grudger,5,Pavlov,Grudger,204,68,3.0,1.0
Grudger,5,AlwaysDefect,AlwaysDefect,14,14,1.0,0.0
Grudger,5,AlwaysDefect,Random,274,102,2.6862745098039214,0.0
Grudger,5,Random,AlwaysDefect,59,102,0.5784313725490197,0.4215686274509804
Grudger,5,AlwaysDefect,Pavlov,233,77,3.0259740259740258,0.0
Grudger,5,Pavlov,AlwaysDefect,38,77,0.4935064935064935,0.5064935064935064
Grudger,5,Random,Random,114,48,2.375,0.5833333333333334
Grudger,5,Random,Pavlov,303,120,2.525,0.44166666666666665
Grudger,5,Pavlov,Random,233,120,1.9416666666666667,0.5583333333333333
Grudger,5,Pavlov,Pavlov,84,28,3.0,1.0
Grudger,6,SEAT,SEAT,7836,2612,3.0,1.0
Grudger,6,SEAT,TitForTat,3033,1011,3.0,1.0
Grudger,6,TitForTat,SEAT,3033,1011,3.0,1.0
Grudger,6,SEAT,Grudger,1239,413,3.0,1.0
Grudger,6,Grudger,SEAT,1239,413,3.0,1.0
Grudger,6,SEAT,AlwaysDefect,396,420,0.9428571428571428,0.05714285714285714
Grudger,6,AlwaysDefect,SEAT,516,420,1.2285714285714286,0.0
Grudger,6,SEAT,Random,1106,406,2.7241379310344827,0.0960591133004926
Grudger,6,Random,SEAT,356,406,0.8768472906403941,0.46551724137931033
Grudger,6,SEAT,Pavlov,1248,416,3.0,1.0
Grudger,6,Pavlov,SEAT,1248,416,3.0,1.0
Grudger,6,TitForTat,TitForTat,666,222,3.0,1.0
Grudger,6,TitForTat,Grudger,294,98,3.0,1.0
Grudger,6,Grudger,TitForTat,294,98,3.0,1.0
Grudger,6,TitForTat,AlwaysDefect,185,193,0.9585492227979274,0.04145077720207254
Grudger,6,AlwaysDefect,TitForTat,225,193,1.16580310880829,0.0
Grudger,6,TitForTat,Random,350,166,2.108433734939759,0.5
Grudger,6,Random,TitForTat,380,166,2.289156626506024,0.463855421686747
Grudger,6,TitForTat,Pavlov,489,163,3.0,1.0
Grudger,6,Pavlov,TitForTat,489,163,3.0,1.0
Grudger,6,Grudger,Grudger,120,40,3.0,1.0
Grudger,6,Grudger,AlwaysDefect,91,95,0.9578947368421052,0.042105263157894736
Grudger,6,AlwaysDefect,Grudger,111,95,1.168421052631579,0.0
Grudger,6,Grudger,Random,207,71,2.915492957746479,0.08450704225352113
Grudger,6,Random,Grudger,57,71,0.8028169014084507,0.5070422535211268
Grudger,6,Grudger,Pavlov,174,58,3.0,1.0
Grudger,6,Pavlov,Grudger,174,58,3.0,1.0
Grudger,6,AlwaysDefect,AlwaysDefect,10,10,1.0,0.0
Grudger,6,AlwaysDefect,Random,273,89,3.067415730337079,0.0
Grudger,6,Random,AlwaysDefect,43,89,0.48314606741573035,0.5168539325842697
Grudger,6,AlwaysDefect,Pavlov,322,106,3.0377358490566038,0.0
Grudger,6,Pavlov,AlwaysDefect,52,106,0.49056603773584906,0.5094339622641509
Grudger,6,Random,Random,51,20,2.55,0.65
Grudger,6,Random,Pavlov,122,54,2.259259259259259,0.46296296296296297
Grudger,6,Pavlov,Random,117,54,2.1666666666666665,0.48148148148148145
Grudger,6,Pavlov,Pavlov,24,8,3.0,1.0
Grudger,7,SEAT,SEAT,8454,2818,3.0,1.0
Grudger,7,SEAT,TitForTat,3135,1045,3.0,1.0
Grudger,7,TitForTat,SEAT,3135,1045,3.0,1.0
Grudger,7,SEAT,Grudger,1374,458,3.0,1.0
Grudger,7,Grudger,SEAT,1374,458,3.0,1.0
Grudger,7,SEAT,AlwaysDefect,367,391,0.9386189258312021,0.061381074168797956
Grudger,7,AlwaysDefect,SEAT,487,391,1.2455242966751918,0.0
Grudger,7,SEAT,Random,1373,479,2.8663883089770357,0.09603340292275574
Grudger,7,Random,SEAT,398,479,0.8308977035490606,0.5031315240083507
Grudger,7,SEAT,Pavlov,1383,461,3.0,1.0
Grudger,7,Pavlov,SEAT,1383,461,3.0,1.0
Grudger,7,TitForTat,TitForTat,654,218,3.0,1.0
Grudger,7,TitForTat,Grudger,522,174,3.0,1.0
Grudger,7,Grudger,TitForTat,522,174,3.0,1.0
Grudger,7,TitForTat,AlwaysDefect,159,167,0.9520958083832335,0.04790419161676647
Grudger,7,AlwaysDefect,TitForTat,199,167,1.1916167664670658,0.0
Grudger,7,TitForTat,Random,253,120,2.1083333333333334,0.5333333333333333
Grudger,7,Random,TitForTat,288,120,2.4,0.475
Grudger,7,TitForTat,Pavlov,465,155,3.0,1.0
Grudger,7,Pavlov,TitForTat,465,155,3.0,1.0
Grudger,7,Grudger,Grudger,180,60,3.0,1.0
Grudger,7,Grudger,AlwaysDefect,94,98,0.9591836734693877,0.04081632653061224
Grudger,7,AlwaysDefect,Grudger,114,98,1.163265306122449,0.0
Grudger,7,Grudger,Random,193,71,2.7183098591549295,0.1267605633802817
Grudger,7,Random,Grudger,68,71,0.9577464788732394,0.4788732394366197
Grudger,7,Grudger,Pavlov,72,24,3.0,1.0
Grudger,7,Pavlov,Grudger,72,24,3.0,1.0
Grudger,7,AlwaysDefect,AlwaysDefect,60,60,1.0,0.0
Grudger,7,AlwaysDefect,Random,264,96,2.75,0.0
Grudger,7,Random,AlwaysDefect,54,96,0.5625,0.4375
Grudger,7,AlwaysDefect,Pavlov,360,120,3.0,0.0
Grudger,7,Pavlov,AlwaysDefect,60,120,0.5,0.5
Grudger,7,Random,Random,61,28,2.1785714285714284,0.4642857142857143
Grudger,7,Random,Pavlov,170,72,2.361111111111111,0.4861111111111111
Grudger,7,Pavlov,Random,155,72,2.1527777777777777,0.5277777777777778
Grudger,7,Pavlov,Pavlov,180,60,3.0,1.0
Grudger,8,SEAT,SEAT,7602,2534,3.0,1.0
Grudger,8,SEAT,TitForTat,2601,867,3.0,1.0
Grudger,8,TitForTat,SEAT,2601,867,3.0,1.0
Grudger,8,SEAT,Grudger,1362,454,3.0,1.0
Grudger,8,Grudger,SEAT,1362,454,3.0,1.0
Grudger,8,SEAT,AlwaysDefect,453,477,0.949685534591195,0.050314465408805034
Grudger,8,AlwaysDefect,SEAT,573,477,1.20125786163522,0.0
Grudger,8,SEAT,Random,1177,423,2.7825059101654848,0.1016548463356974
Grudger,8,Random,SEAT,372,423,0.8794326241134752,0.48226950354609927
Grudger,8,SEAT,Pavlov,1572,524,3.0,1.0
Grudger,8,Pavlov,SEAT,1572,524,3.0,1.0
Grudger,8,TitForTat,TitForTat,654,218,3.0,1.0
Grudger,8,TitForTat,Grudger,663,221,3.0,1.0
Grudger,8,Grudger,TitForTat,663,221,3.0,1.0
Grudger,8,TitForTat,AlwaysDefect,128,136,0.9411764705882353,0.058823529411764705
Grudger,8,AlwaysDefect,TitForTat,168,136,1.2352941176470589,0.0
Grudger,8,TitForTat,Random,368,168,2.1904761904761907,0.5
Grudger,8,Random,TitForTat,388,168,2.3095238095238093,0.47619047619047616
Grudger,8,TitForTat,Pavlov,567,189,3.0,1.0
Grudger,8,Pavlov,TitForTat,567,189,3.0,1.0
Grudger,8,Grudger,Grudger,12,4,3.0,1.0
Grudger,8,Grudger,AlwaysDefect,41,45,0.9111111111111111,0.08888888888888889
Grudger,8,AlwaysDefect,Grudger,61,45,1.3555555555555556,0.0
Grudger,8,Grudger,Random,167,59,2.830508474576271,0.13559322033898305
Grudger,8,Random,Grudger,57,59,0.9661016949152542,0.5084745762711864
Grudger,8,Grudger,Pavlov,243,81,3.0,1.0
Grudger,8,Pavlov,Grudger,243,81,3.0,1.0
Grudger,8,AlwaysDefect,AlwaysDefect,60,60,1.0,0.0
Grudger,8,AlwaysDefect,Random,104,40,2.6,0.0
Grudger,8,Random,AlwaysDefect,24,40,0.6,0.4
Grudger,8,AlwaysDefect,Pavlov,245,81,3.0246913580246915,0.0
Grudger,8,Pavlov,AlwaysDefect,40,81,0.49382716049382713,0.5061728395061729
Grudger,8,Random,Random,79,34,2.323529411764706,0.5
Grudger,8,Random,Pavlov,264,102,2.588235294117647,0.4803921568627451
Grudger,8,Pavlov,Random,204,102,2.0,0.5980392156862745
Grudger,8,Pavlov,Pavlov,180,60,3.0,1.0
Grudger,9,SEAT,SEAT,7998,2666,3.0,1.0
Grudger,9,SEAT,TitForTat,3165,1055,3.0,1.0
Grudger,9,TitForTat,SEAT,3165,1055,3.0,1.0
Grudger,9,SEAT,Grudger,1410,470,3.0,1.0
Grudger,9,Grudger,SEAT,1410,470,3.0,1.0
Grudger,9,SEAT,AlwaysDefect,467,491,0.9511201629327902,0.048879837067209775
Grudger,9,AlwaysDefect,SEAT,587,491,1.195519348268839,0.0
Grudger,9,SEAT,Random,1135,397,2.858942065491184,0.09571788413098237
Grudger,9,Random,SEAT,335,397,0.8438287153652393,0.4987405541561713
Grudger,9,SEAT,Pavlov,1407,469,3.0,1.0
Grudger,9,Pavlov,SEAT,1407,469,3.0,1.0
Grudger,9,TitForTat,TitForTat,600,200,3.0,1.0
Grudger,9,TitForTat,Grudger,423,141,3.0,1.0
Grudger,9,Grudger,TitForTat,423,141,3.0,1.0
Grudger,9,TitForTat,AlwaysDefect,146,154,0.948051948051948,0.05194805194805195
Grudger,9,AlwaysDefect,TitForTat,186,154,1.2077922077922079,0.0
Grudger,9,TitForTat,Random,411,175,2.3485714285714288,0.5657142857142857
Grudger,9,Random,TitForTat,421,175,2.4057142857142857,0.5542857142857143
Grudger,9,TitForTat,Pavlov,531,177,3.0,1.0
Grudger,9,Pavlov,TitForTat,531,177,3.0,1.0
Grudger,9,Grudger,Grudger,180,60,3.0,1.0
Grudger,9,Grudger,AlwaysDefect,78,82,0.9512195121951219,0.04878048780487805
Grudger,9,AlwaysDefect,Grudger,98,82,1.1951219512195121,0.0
Grudger,9,Grudger,Random,245,83,2.9518072289156625,0.10843373493975904
Grudger,9,Random,Grudger,70,83,0.8433734939759037,0.5301204819277109
Grudger,9,Grudger,Pavlov,117,39,3.0,1.0
Grudger,9,Pavlov,Grudger,117,39,3.0,1.0
Grudger,9,AlwaysDefect,AlwaysDefect,14,14,1.0,0.0
Grudger,9,AlwaysDefect,Random,289,101,2.8613861386138613,0.0
Grudger,9,Random,AlwaysDefect,54,101,0.5346534653465347,0.46534653465346537
Grudger,9,AlwaysDefect,Pavlov,299,99,3.0202020202020203,0.0
Grudger,9,Pavlov,AlwaysDefect,49,99,0.494949494949495,0.5050505050505051
Grudger,9,Random,Random,135,60,2.25,0.48333333333333334
Grudger,9,Random,Pavlov,246,104,2.3653846153846154,0.4326923076923077
Grudger,9,Pavlov,Random,211,104,2.0288461538461537,0.5
Grudger,9,Pavlov,Pavlov,156,52,3.0,1.0
Grudger,10,SEAT,SEAT,8532,2844,3.0,1.0
Grudger,10,SEAT,TitForTat,2808,936,3.0,1.0
Grudger,10,TitForTat,SEAT,2808,936,3.0,1.0
Grudger,10,SEAT,Grudger,1407,469,3.0,1.0
Grudger,10,Grudger,SEAT,1407,469,3.0,1.0
Grudger,10,SEAT,AlwaysDefect,513,537,0.9553072625698324,0.0446927374301676
Grudger,10,AlwaysDefect,SEAT,633,537,1.1787709497206704,0.0
Grudger,10,SEAT,Random,1170,395,2.962025316455696,0.11645569620253164
Grudger,10,Random,SEAT,345,395,0.8734177215189873,0.5341772151898734
Grudger,10,SEAT,Pavlov,1410,470,3.0,1.0
Grudger,10,Pavlov,SEAT,1410,470,3.0,1.0
Grudger,10,TitForTat,TitForTat,564,188,3.0,1.0
Grudger,10,TitForTat,Grudger,486,162,3.0,1.0
Grudger,10,Grudger,TitForTat,486,162,3.0,1.0
Grudger,10,TitForTat,AlwaysDefect,175,183,0.9562841530054644,0.04371584699453552
Grudger,10,AlwaysDefect,TitForTat,215,183,1.174863387978142,0.0
Grudger,10,TitForTat,Random,386,166,2.325301204819277,0.5602409638554217
Grudger,10,Random,TitForTat,401,166,2.4156626506024095,0.5421686746987951
Grudger,10,TitForTat,Pavlov,543,181,3.0,1.0
Grudger,10,Pavlov,TitForTat,543,181,3.0,1.0
Grudger,10,Grudger,Grudger,180,60,3.0,1.0
Grudger,10,Grudger,AlwaysDefect,88,92,0.9565217391304348,0.043478260869565216
Grudger,10,AlwaysDefect,Grudger,108,92,1.173913043478261,0.0
Grudger,10,Grudger,Random,198,62,3.193548387096774,0.06451612903225806
Grudger,10,Random,Grudger,43,62,0.6935483870967742,0.5645161290322581
Grudger,10,Grudger,Pavlov,243,81,3.0,1.0
Grudger,10,Pavlov,Grudger,243,81,3.0,1.0
Grudger,10,AlwaysDefect,AlwaysDefect,60,60,1.0,0.0
Grudger,10,AlwaysDefect,Random,170,58,2.9310344827586206,0.0
Grudger,10,Random,AlwaysDefect,30,58,0.5172413793103449,0.4827586206896552
Grudger,10,AlwaysDefect,Pavlov,239,79,3.0253164556962027,0.0
Grudger,10,Pavlov,AlwaysDefect,39,79,0.4936708860759494,0.5063291139240507
Grudger,10,Random,Random,97,46,2.108695652173913,0.41304347826086957
Grudger,10,Random,Pavlov,149,56,2.6607142857142856,0.5357142857142857
Grudger,10,Pavlov,Random,119,56,2.125,0.6428571428571429
Grudger,10,Pavlov,Pavlov,18,6,3.0,1.0
Grudger,11,SEAT,SEAT,7788,2596,3.0,1.0
Grudger,11,SEAT,TitForTat,2901,967,3.0,1.0
Grudger,11,TitForTat,SEAT,2901,967,3.0,1.0
Grudger,11,SEAT,Grudger,1275,425,3.0,1.0
Grudger,11,Grudger,SEAT,1275,425,3.0,1.0
Grudger,11,SEAT,AlwaysDefect,485,509,0.9528487229862476,0.047151277013752456
Grudger,11,AlwaysDefect,SEAT,605,509,1.1886051080550097,0.0
Grudger,11,SEAT,Random,1488,532,2.7969924812030076,0.10902255639097744
Grudger,11,Random,SEAT,468,532,0.8796992481203008,0.4924812030075188
Grudger,11,SEAT,Pavlov,1251,417,3.0,1.0
Grudger,11,Pavlov,SEAT,1251,417,3.0,1.0
Grudger,11,TitForTat,TitForTat,804,268,3.0,1.0
Grudger,11,TitForTat,Grudger,504,168,3.0,1.0
Grudger,11,Grudger,TitForTat,504,168,3.0,1.0
Grudger,11,TitForTat,AlwaysDefect,146,154,0.948051948051948,0.05194805194805195
Grudger,11,AlwaysDefect,TitForTat,186,154,1.2077922077922079,0.0
Grudger,11,TitForTat,Random,287,141,2.0354609929078014,0.46099290780141844
Grudger,11,Random,TitForTat,317,141,2.24822695035461,0.41843971631205673
Grudger,11,TitForTat,Pavlov,504,168,3.0,1.0
Grudger,11,Pavlov,TitForTat,504,168,3.0,1.0
Grudger,11,Grudger,Grudger,180,60,3.0,1.0
Grudger,11,Grudger,AlwaysDefect,82,86,0.9534883720930233,0.046511627906976744
Grudger,11,AlwaysDefect,Grudger,102,86,1.186046511627907,0.0
Grudger,11,Grudger,Random,282,106,2.660377358490566,0.07547169811320754
Grudger,11,Random,Grudger,87,106,0.8207547169811321,0.44339622641509435
Grudger,11,Grudger,Pavlov,315,105,3.0,1.0
Grudger,11,Pavlov,Grudger,315,105,3.0,1.0
Grudger,11,AlwaysDefect,AlwaysDefect,18,18,1.0,0.0
Grudger,11,AlwaysDefect,Random,197,73,2.6986301369863015,0.0
Grudger,11,Random,AlwaysDefect,42,73,0.5753424657534246,0.4246575342465753
Grudger,11,AlwaysDefect,Pavlov,280,92,3.0434782608695654,0.0
Grudger,11,Pavlov,AlwaysDefect,45,92,0.4891304347826087,0.5108695652173914
Grudger,11,Random,Random,42,16,2.625,0.75
Grudger,11,Random,Pavlov,99,42,2.357142857142857,0.40476190476190477
Grudger,11,Pavlov,Random,84,42,2.0,0.47619047619047616
Grudger,11,Pavlov,Pavlov,180,60,3.0,1.0
Grudger,12,SEAT,SEAT,8016,2672,3.0,1.0
Grudger,12,SEAT,TitForTat,2685,895,3.0,1.0
Grudger,12,TitForTat,SEAT,2685,895,3.0,1.0
Grudger,12,SEAT,Grudger,1674,558,3.0,1.0
Grudger,12,Grudger,SEAT,1674,558,3.0,1.0
Grudger,12,SEAT,AlwaysDefect,494,518,0.9536679536679536,0.04633204633204633
Grudger,12,AlwaysDefect,SEAT,614,518,1.1853281853281854,0.0
Grudger,12,SEAT,Random,1235,410,3.0121951219512195,0.1
Grudger,12,Random,SEAT,335,410,0.8170731707317073,0.5390243902439025
Grudger,12,SEAT,Pavlov,1170,390,3.0,1.0
Grudger,12,Pavlov,SEAT,1170,390,3.0,1.0
Grudger,12,TitForTat,TitForTat,516,172,3.0,1.0
Grudger,12,TitForTat,Grudger,375,125,3.0,1.0
Grudger,12,Grudger,TitForTat,375,125,3.0,1.0
Grudger,12,TitForTat,AlwaysDefect,105,113,0.9292035398230089,0.07079646017699115
Grudger,12,AlwaysDefect,TitForTat,145,113,1.2831858407079646,0.0
Grudger,12,TitForTat,Random,371,169,2.195266272189349,0.514792899408284
Grudger,12,Random,TitForTat,396,169,2.3431952662721893,0.48520710059171596
Grudger,12,TitForTat,Pavlov,462,154,3.0,1.0
Grudger,12,Pavlov,TitForTat,462,154,3.0,1.0
Grudger,12,Grudger,Grudger,180,60,3.0,1.0
Grudger,12,Grudger,AlwaysDefect,82,86,0.9534883720930233,0.046511627906976744
Grudger,12,AlwaysDefect,Grudger,102,86,1.186046511627907,0.0
Grudger,12,Grudger,Random,205,77,2.6623376623376624,0.05194805194805195
Grudger,12,Random,Grudger,60,77,0.7792207792207793,0.42857142857142855
Grudger,12,Grudger,Pavlov,297,99,3.0,1.0
Grudger,12,Pavlov,Grudger,297,99,3.0,1.0
Grudger,12,AlwaysDefect,AlwaysDefect,2,2,1.0,0.0
Grudger,12,AlwaysDefect,Random,321,97,3.3092783505154637,0.0
Grudger,12,Random,AlwaysDefect,41,97,0.422680412371134,0.5773195876288659
Grudger,12,AlwaysDefect,Pavlov,245,81,3.0246913580246915,0.0
Grudger,12,Pavlov,AlwaysDefect,40,81,0.49382716049382713,0.5061728395061729
Grudger,12,Random,Random,111,48,2.3125,0.4791666666666667
Grudger,12,Random,Pavlov,244,96,2.5416666666666665,0.4166666666666667
Grudger,12,Pavlov,Random,179,96,1.8645833333333333,0.5520833333333334
Grudger,12,Pavlov,Pavlov,114,38,3.0,1.0
Grudger,13,SEAT,SEAT,7596,2532,3.0,1.0
Grudger,13,SEAT,TitForTat,2607,869,3.0,1.0
Grudger,13,TitForTat,SEAT,2607,869,3.0,1.0
Grudger,13,SEAT,Grudger,1215,405,3.0,1.0
Grudger,13,Grudger,SEAT,1215,405,3.0,1.0
Grudger,13,SEAT,AlwaysDefect,505,529,0.9546313799621928,0.045368620037807186
Grudger,13,AlwaysDefect,SEAT,625,529,1.1814744801512287,0.0
Grudger,13,SEAT,Random,1575,515,3.058252427184466,0.09902912621359224
Grudger,13,Random,SEAT,405,515,0.7864077669902912,0.5533980582524272
Grudger,13,SEAT,Pavlov,1017,339,3.0,1.0
Grudger,13,Pavlov,SEAT,1017,339,3.0,1.0
Grudger,13,TitForTat,TitForTat,840,280,3.0,1.0
Grudger,13,TitForTat,Grudger,546,182,3.0,1.0
Grudger,13,Grudger,TitForTat,546,182,3.0,1.0
Grudger,13,TitForTat,AlwaysDefect,169,177,0.9548022598870056,0.04519774011299435
Grudger,13,AlwaysDefect,TitForTat,209,177,1.1807909604519775,0.0
Grudger,13,TitForTat,Random,275,123,2.2357723577235773,0.5528455284552846
Grudger,13,Random,TitForTat,295,123,2.3983739837398375,0.5203252032520326
Grudger,13,TitForTat,Pavlov,447,149,3.0,1.0
Grudger,13,Pavlov,TitForTat,447,149,3.0,1.0
Grudger,13,Grudger,Grudger,42,14,3.0,1.0
Grudger,13,Grudger,AlwaysDefect,104,108,0.9629629629629629,0.037037037037037035
Grudger,13,AlwaysDefect,Grudger,124,108,1.1481481481481481,0.0
Grudger,13,Grudger,Random,253,81,3.123456790123457,0.07407407407407407
Grudger,13,Random,Grudger,58,81,0.7160493827160493,0.5555555555555556
Grudger,13,Grudger,Pavlov,198,66,3.0,1.0
Grudger,13,Pavlov,Grudger,198,66,3.0,1.0
Grudger,13,AlwaysDefect,AlwaysDefect,60,60,1.0,0.0
Grudger,13,AlwaysDefect,Random,182,62,2.935483870967742,0.0
Grudger,13,Random,AlwaysDefect,32,62,0.5161290322580645,0.4838709677419355
Grudger,13,AlwaysDefect,Pavlov,184,60,3.066666666666667,0.0
Grudger,13,Pavlov,AlwaysDefect,29,60,0.48333333333333334,0.5166666666666667
Grudger,13,Random,Random,83,36,2.3055555555555554,0.5277777777777778
Grudger,13,Random,Pavlov,205,94,2.1808510638297873,0.5106382978723404
Grudger,13,Pavlov,Random,220,94,2.3404255319148937,0.4787234042553192
Grudger,13,Pavlov,Pavlov,180,60,3.0,1.0
Grudger,14,SEAT,SEAT,7842,2614,3.0,1.0
Grudger,14,SEAT,TitForTat,2976,992,3.0,1.0
Grudger,14,TitForTat,SEAT,2976,992,3.0,1.0
Grudger,14,SEAT,Grudger,1320,440,3.0,1.0
Grudger,14,Grudger,SEAT,1320,440,3.0,1.0
Grudger,14,SEAT,AlwaysDefect,467,491,0.9511201629327902,0.048879837067209775
Grudger,14,AlwaysDefect,SEAT,587,491,1.195519348268839,0.0
Grudger,14,SEAT,Random,1368,476,2.8739495798319328,0.10294117647058823
Grudger,14,Random,SEAT,403,476,0.8466386554621849,0.5084033613445378
Grudger,14,SEAT,Pavlov,1419,473,3.0,1.0
Grudger,14,Pavlov,SEAT,1419,473,3.0,1.0
Grudger,14,TitForTat,TitForTat,792,264,3.0,1.0
Grudger,14,TitForTat,Grudger,591,197,3.0,1.0
Grudger,14,Grudger,TitForTat,591,197,3.0,1.0
Grudger,14,TitForTat,AlwaysDefect,173,181,0.9558011049723757,0.04419889502762431
Grudger,14,AlwaysDefect,TitForTat,213,181,1.1767955801104972,0.0
Grudger,14,TitForTat,Random,337,146,2.308219178082192,0.5547945205479452
Grudger,14,Random,TitForTat,352,146,2.410958904109589,0.5342465753424658
Grudger,14,TitForTat,Pavlov,498,166,3.0,1.0
Grudger,14,Pavlov,TitForTat,498,166,3.0,1.0
Grudger,14,Grudger,Grudger,54,18,3.0,1.0
Grudger,14,Grudger,AlwaysDefect,94,98,0.9591836734693877,0.04081632653061224
Grudger,14,AlwaysDefect,Grudger,114,98,1.163265306122449,0.0
Grudger,14,Grudger,Random,152,58,2.6206896551724137,0.1206896551724138
Grudger,14,Random,Grudger,57,58,0.9827586206896551,0.4482758620689655
Grudger,14,Grudger,Pavlov,129,43,3.0,1.0
Grudger,14,Pavlov,Grudger,129,43,3.0,1.0
Grudger,14,AlwaysDefect,AlwaysDefect,48,48,1.0,0.0
Grudger,14,AlwaysDefect,Random,359,115,3.121739130434783,0.0
Grudger,14,Random,AlwaysDefect,54,115,0.46956521739130436,0.5304347826086957
Grudger,14,AlwaysDefect,Pavlov,215,71,3.028169014084507,0.0
Grudger,14,Pavlov,AlwaysDefect,35,71,0.49295774647887325,0.5070422535211268
Grudger,14,Random,Random,106,60,1.7666666666666666,0.3
Grudger,14,Random,Pavlov,206,91,2.2637362637362637,0.4835164835164835
Grudger,14,Pavlov,Random,201,91,2.208791208791209,0.4945054945054945
Grudger,14,Pavlov,Pavlov,180,60,3.0,1.0
Grudger,15,SEAT,SEAT,7434,2478,3.0,1.0
Grudger,15,SEAT,TitForTat,2727,909,3.0,1.0
Grudger,15,TitForTat,SEAT,2727,909,3.0,1.0
Grudger,15,SEAT,Grudger,1413,471,3.0,1.0
Grudger,15,Grudger,SEAT,1413,471,3.0,1.0
Grudger,15,SEAT,AlwaysDefect,495,519,0.953757225433526,0.046242774566473986
Grudger,15,AlwaysDefect,SEAT,615,519,1.1849710982658959,0.0
Grudger,15,SEAT,Random,1514,521,2.9059500959692897,0.08253358925143954
Grudger,15,Random,SEAT,409,521,0.7850287907869482,0.5067178502879078
Grudger,15,SEAT,Pavlov,1701,567,3.0,1.0
Grudger,15,Pavlov,SEAT,1701,567,3.0,1.0
Grudger,15,TitForTat,TitForTat,612,204,3.0,1.0
Grudger,15,TitForTat,Grudger,579,193,3.0,1.0
Grudger,15,Grudger,TitForTat,579,193,3.0,1.0
Grudger,15,TitForTat,AlwaysDefect,170,178,0.9550561797752809,0.0449438202247191
Grudger,15,AlwaysDefect,TitForTat,210,178,1.1797752808988764,0.0
Grudger,15,TitForTat,Random,293,138,2.1231884057971016,0.5144927536231884
Grudger,15,Random,TitForTat,323,138,2.3405797101449277,0.47101449275362317
Grudger,15,TitForTat,Pavlov,423,141,3.0,1.0
Grudger,15,Pavlov,TitForTat,423,141,3.0,1.0
Grudger,15,Grudger,Grudger,90,30,3.0,1.0
Grudger,15,Grudger,AlwaysDefect,61,65,0.9384615384615385,0.06153846153846154
Grudger,15,AlwaysDefect,Grudger,81,65,1.2461538461538462,0.0
Grudger,15,Grudger,Random,233,91,2.5604395604395602,0.054945054945054944
Grudger,15,Random,Grudger,73,91,0.8021978021978022,0.4065934065934066
Grudger,15,Grudger,Pavlov,279,93,3.0,1.0
Grudger,15,Pavlov,Grudger,279,93,3.0,1.0
Grudger,15,AlwaysDefect,AlwaysDefect,60,60,1.0,0.0
Grudger,15,AlwaysDefect,Random,229,73,3.136986301369863,0.0
Grudger,15,Random,AlwaysDefect,34,73,0.4657534246575342,0.5342465753424658
Grudger,15,AlwaysDefect,Pavlov,149,49,3.0408163265306123,0.0
Grudger,15,Pavlov,AlwaysDefect,24,49,0.4897959183673469,0.5102040816326531
Grudger,15,Random,Random,94,42,2.238095238095238,0.47619047619047616
Grudger,15,Random,Pavlov,265,109,2.4311926605504586,0.46788990825688076
Grudger,15,Pavlov,Random,225,109,2.0642201834862384,0.5412844036697247
Grudger,15,Pavlov,Pavlov,180,60,3.0,1.0
Grudger,16,SEAT,SEAT,8766,2922,3.0,1.0
Grudger,16,SEAT,TitForTat,3216,1072,3.0,1.0
Grudger,16,TitForTat,SEAT,3216,1072,3.0,1.0
Grudger,16,SEAT,Grudger,1473,491,3.0,1.0
Grudger,16,Grudger,SEAT,1473,491,3.0,1.0
Grudger,16,SEAT,AlwaysDefect,480,504,0.9523809523809523,0.047619047619047616
Grudger,16,AlwaysDefect,SEAT,600,504,1.1904761904761905,0.0
Grudger,16,SEAT,Random,1251,459,2.7254901960784315,0.08278867102396514
Grudger,16,Random,SEAT,386,459,0.840958605664488,0.4596949891067538
Grudger,16,SEAT,Pavlov,1614,538,3.0,1.0
Grudger,16,Pavlov,SEAT,1614,538,3.0,1.0
Grudger,16,TitForTat,TitForTat,486,162,3.0,1.0
Grudger,16,TitForTat,Grudger,489,163,3.0,1.0
Grudger,16,Grudger,TitForTat,489,163,3.0,1.0
Grudger,16,TitForTat,AlwaysDefect,181,189,0.9576719576719577,0.042328042328042326
Grudger,16,AlwaysDefect,TitForTat,221,189,1.1693121693121693,0.0
Grudger,16,TitForTat,Random,386,170,2.2705882352941176,0.5588235294117647
Grudger,16,Random,TitForTat,406,170,2.388235294117647,0.5352941176470588
Grudger,16,TitForTat,Pavlov,408,136,3.0,1.0
Grudger,16,Pavlov,TitForTat,408,136,3.0,1.0
Grudger,16,Grudger,Grudger,120,40,3.0,1.0
Grudger,16,Grudger,AlwaysDefect,94,98,0.9591836734693877,0.04081632653061224
Grudger,16,AlwaysDefect,Grudger,114,98,1.163265306122449,0.0
Grudger,16,Grudger,Random,178,70,2.5428571428571427,0.08571428571428572
Grudger,16,Random,Grudger,63,70,0.9,0.4142857142857143
Grudger,16,Grudger,Pavlov,327,109,3.0,1.0
Grudger,16,Pavlov,Grudger,327,109,3.0,1.0
Grudger,16,AlwaysDefect,AlwaysDefect,60,60,1.0,0.0
Grudger,16,AlwaysDefect,Random,197,69,2.8550724637681157,0.0
Grudger,16,Random,AlwaysDefect,37,69,0.5362318840579711,0.463768115942029
Grudger,16,AlwaysDefect,Pavlov,317,105,3.019047619047619,0.0
Grudger,16,Pavlov,AlwaysDefect,52,105,0.49523809523809526,0.5047619047619047
Grudger,16,Random,Random,135,60,2.25,0.48333333333333334
Grudger,16,Random,Pavlov,153,61,2.5081967213114753,0.5573770491803278
Grudger,16,Pavlov,Random,138,61,2.262295081967213,0.6065573770491803
Grudger,16,Pavlov,Pavlov,180,60,3.0,1.0
Grudger,17,SEAT,SEAT,6978,2326,3.0,1.0
Grudger,17,SEAT,TitForTat,3030,1010,3.0,1.0
Grudger,17,TitForTat,SEAT,3030,1010,3.0,1.0
Grudger,17,SEAT,Grudger,1215,405,3.0,1.0
Grudger,17,Grudger,SEAT,1215,405,3.0,1.0
Grudger,17,SEAT,AlwaysDefect,459,483,0.9503105590062112,0.049689440993788817
Grudger,17,AlwaysDefect,SEAT,579,483,1.1987577639751552,0.0
Grudger,17,SEAT,Random,1511,528,2.8617424242424243,0.07575757575757576
Grudger,17,Random,SEAT,411,528,0.7784090909090909,0.49242424242424243
Grudger,17,SEAT,Pavlov,1605,535,3.0,1.0
Grudger,17,Pavlov,SEAT,1605,535,3.0,1.0
Grudger,17,TitForTat,TitForTat,702,234,3.0,1.0
Grudger,17,TitForTat,Grudger,372,124,3.0,1.0
Grudger,17,Grudger,TitForTat,372,124,3.0,1.0
Grudger,17,TitForTat,AlwaysDefect,122,130,0.9384615384615385,0.06153846153846154
Grudger,17,AlwaysDefect,TitForTat,162,130,1.2461538461538462,0.0
Grudger,17,TitForTat,Random,265,119,2.226890756302521,0.5294117647058824
Grudger,17,Random,TitForTat,280,119,2.3529411764705883,0.5042016806722689
Grudger,17,TitForTat,Pavlov,408,136,3.0,1.0
Grudger,17,Pavlov,TitForTat,408,136,3.0,1.0
Grudger,17,Grudger,Grudger,180,60,3.0,1.0
Grudger,17,Grudger,AlwaysDefect,89,93,0.956989247311828,0.043010752688172046
Grudger,17,AlwaysDefect,Grudger,109,93,1.1720430107526882,0.0
Grudger,17,Grudger,Random,192,65,2.953846153846154,0.09230769230769231
Grudger,17,Random,Grudger,52,65,0.8,0.5230769230769231
Grudger,17,Grudger,Pavlov,213,71,3.0,1.0
Grudger,17,Pavlov,Grudger,213,71,3.0,1.0
Grudger,17,AlwaysDefect,AlwaysDefect,60,60,1.0,0.0
Grudger,17,AlwaysDefect,Random,283,103,2.7475728155339807,0.0
Grudger,17,Random,AlwaysDefect,58,103,0.5631067961165048,0.4368932038834951
Grudger,17,AlwaysDefect,Pavlov,245,81,3.0246913580246915,0.0
Grudger,17,Pavlov,AlwaysDefect,40,81,0.49382716049382713,0.5061728395061729
Grudger,17,Random,Random,14,8,1.75,0.25
Grudger,17,Random,Pavlov,157,66,2.378787878787879,0.3939393939393939
Grudger,17,Pavlov,Random,127,66,1.9242424242424243,0.48484848484848486
Grudger,17,Pavlov,Pavlov,180,60,3.0,1.0
Grudger,18,SEAT,SEAT,8322,2774,3.0,1.0
Grudger,18,SEAT,TitForTat,2526,842,3.0,1.0
Grudger,18,TitForTat,SEAT,2526,842,3.0,1.0
Grudger,18,SEAT,Grudger,1212,404,3.0,1.0
Grudger,18,Grudger,SEAT,1212,404,3.0,1.0
Grudger,18,SEAT,AlwaysDefect,522,546,0.9560439560439561,0.04395604395604396
Grudger,18,AlwaysDefect,SEAT,642,546,1.1758241758241759,0.0
Grudger,18,SEAT,Random,1367,481,2.841995841995842,0.11642411642411643
Grudger,18,Random,SEAT,427,481,0.8877338877338877,0.5072765072765073
Grudger,18,SEAT,Pavlov,1350,450,3.0,1.0
Grudger,18,Pavlov,SEAT,1350,450,3.0,1.0
Grudger,18,TitForTat,TitForTat,600,200,3.0,1.0
Grudger,18,TitForTat,Grudger,501,167,3.0,1.0
Grudger,18,Grudger,TitForTat,501,167,3.0,1.0
Grudger,18,TitForTat,AlwaysDefect,159,167,0.9520958083832335,0.04790419161676647
Grudger,18,AlwaysDefect,TitForTat,199,167,1.1916167664670658,0.0
Grudger,18,TitForTat,Random,286,126,2.2698412698412698,0.5634920634920635
Grudger,18,Random,TitForTat,306,126,2.4285714285714284,0.5317460317460317
Grudger,18,TitForTat,Pavlov,309,103,3.0,1.0
Grudger,18,Pavlov,TitForTat,309,103,3.0,1.0
Grudger,18,Grudger,Grudger,54,18,3.0,1.0
Grudger,18,Grudger,AlwaysDefect,77,81,0.9506172839506173,0.04938271604938271
Grudger,18,AlwaysDefect,Grudger,97,81,1.1975308641975309,0.0
Grudger,18,Grudger,Random,277,93,2.978494623655914,0.06451612903225806
Grudger,18,Random,Grudger,67,93,0.7204301075268817,0.5161290322580645
Grudger,18,Grudger,Pavlov,258,86,3.0,1.0
Grudger,18,Pavlov,Grudger,258,86,3.0,1.0
Grudger,18,AlwaysDefect,AlwaysDefect,32,32,1.0,0.0
Grudger,18,AlwaysDefect,Random,171,59,2.8983050847457625,0.0
Grudger,18,Random,AlwaysDefect,31,59,0.5254237288135594,0.4745762711864407
Grudger,18,AlwaysDefect,Pavlov,233,77,3.0259740259740258,0.0
Grudger,18,Pavlov,AlwaysDefect,38,77,0.4935064935064935,0.5064935064935064
Grudger,18,Random,Random,91,40,2.275,0.525
Grudger,18,Random,Pavlov,125,51,2.450980392156863,0.35294117647058826
Grudger,18,Pavlov,Random,90,51,1.7647058823529411,0.49019607843137253
Grudger,18,Pavlov,Pavlov,180,60,3.0,1.0
Grudger,19,SEAT,SEAT,7548,2516,3.0,1.0
Grudger,19,SEAT,TitForTat,3459,1153,3.0,1.0
Grudger,19,TitForTat,SEAT,3459,1153,3.0,1.0
Grudger,19,SEAT,Grudger,1272,424,3.0,1.0
Grudger,19,Grudger,SEAT,1272,424,3.0,1.0
Grudger,19,SEAT,AlwaysDefect,438,462,0.948051948051948,0.05194805194805195
Grudger,19,AlwaysDefect,SEAT,558,462,1.2077922077922079,0.0
Grudger,19,SEAT,Random,1657,567,2.9223985890652555,0.07936507936507936
Grudger,19,Random,SEAT,437,567,0.7707231040564374,0.5097001763668431
Grudger,19,SEAT,Pavlov,1356,452,3.0,1.0
Grudger,19,Pavlov,SEAT,1356,452,3.0,1.0
Grudger,19,TitForTat,TitForTat,606,202,3.0,1.0
Grudger,19,TitForTat,Grudger,525,175,3.0,1.0
Grudger,19,Grudger,TitForTat,525,175,3.0,1.0
Grudger,19,TitForTat,AlwaysDefect,172,180,0.9555555555555556,0.044444444444444446
Grudger,19,AlwaysDefect,TitForTat,212,180,1.1777777777777778,0.0
Grudger,19,TitForTat,Random,375,171,2.192982456140351,0.5029239766081871
Grudger,19,Random,TitForTat,395,171,2.309941520467836,0.47953216374269003
Grudger,19,TitForTat,Pavlov,525,175,3.0,1.0
Grudger,19,Pavlov,TitForTat,525,175,3.0,1.0
Grudger,19,Grudger,Grudger,24,8,3.0,1.0
Grudger,19,Grudger,AlwaysDefect,107,111,0.963963963963964,0.036036036036036036
Grudger,19,AlwaysDefect,Grudger,127,111,1.1441441441441442,0.0
Grudger,19,Grudger,Random,256,94,2.723404255319149,0.11702127659574468
Grudger,19,Random,Grudger,86,94,0.9148936170212766,0.4787234042553192
Grudger,19,Grudger,Pavlov,138,46,3.0,1.0
Grudger,19,Pavlov,Grudger,138,46,3.0,1.0
Grudger,19,AlwaysDefect,AlwaysDefect,60,60,1.0,0.0
Grudger,19,AlwaysDefect,Random,205,69,2.971014492753623,0.0
Grudger,19,Random,AlwaysDefect,35,69,0.5072463768115942,0.4927536231884058
Grudger,19,AlwaysDefect,Pavlov,256,84,3.0476190476190474,0.0
Grudger,19,Pavlov,AlwaysDefect,41,84,0.4880952380952381,0.5119047619047619
Grudger,19,Random,Random,124,50,2.48,0.6
Grudger,19,Random,Pavlov,224,102,2.196078431372549,0.4803921568627451
Grudger,19,Pavlov,Random,229,102,2.2450980392156863,0.47058823529411764
Grudger,19,Pavlov,Pavlov,66,22,3.0,1.0
Grudger,20,SEAT,SEAT,7656,2552,3.0,1.0
Grudger,20,SEAT,TitForTat,2676,892,3.0,1.0
Grudger,20,TitForTat,SEAT,2676,892,3.0,1.0
Grudger,20,SEAT,Grudger,1431,477,3.0,1.0
Grudger,20,Grudger,SEAT,1431,477,3.0,1.0
Grudger,20,SEAT,AlwaysDefect,501,525,0.9542857142857143,0.045714285714285714
Grudger,20,AlwaysDefect,SEAT,621,525,1.1828571428571428,0.0
Grudger,20,SEAT,Random,1224,428,2.8598130841121496,0.0911214953271028
Grudger,20,Random,SEAT,354,428,0.8271028037383178,0.4976635514018692
Grudger,20,SEAT,Pavlov,1413,471,3.0,1.0
Grudger,20,Pavlov,SEAT,1413,471,3.0,1.0
Grudger,20,TitForTat,TitForTat,378,126,3.0,1.0
Grudger,20,TitForTat,Grudger,624,208,3.0,1.0
Grudger,20,Grudger,TitForTat,624,208,3.0,1.0
Grudger,20,TitForTat,AlwaysDefect,125,133,0.9398496240601504,0.06015037593984962
Grudger,20,AlwaysDefect,TitForTat,165,133,1.2406015037593985,0.0
Grudger,20,TitForTat,Random,279,115,2.4260869565217393,0.7130434782608696
Grudger,20,Random,TitForTat,309,115,2.6869565217391305,0.6608695652173913
Grudger,20,TitForTat,Pavlov,306,102,3.0,1.0
Grudger,20,Pavlov,TitForTat,306,102,3.0,1.0
Grudger,20,Grudger,Grudger,180,60,3.0,1.0
Grudger,20,Grudger,AlwaysDefect,71,75,0.9466666666666667,0.05333333333333334
Grudger,20,AlwaysDefect,Grudger,91,75,1.2133333333333334,0.0
Grudger,20,Grudger,Random,230,76,3.026315789473684,0.09210526315789473
Grudger,20,Random,Grudger,60,76,0.7894736842105263,0.5394736842105263
Grudger,20,Grudger,Pavlov,93,31,3.0,1.0
Grudger,20,Pavlov,Grudger,93,31,3.0,1.0
Grudger,20,AlwaysDefect,AlwaysDefect,42,42,1.0,0.0
Grudger,20,AlwaysDefect,Random,300,100,3.0,0.0
Grudger,20,Random,AlwaysDefect,50,100,0.5,0.5
Grudger,20,AlwaysDefect,Pavlov,316,104,3.0384615384615383,0.0
Grudger,20,Pavlov,AlwaysDefect,51,104,0.49038461538461536,0.5096153846153846
Grudger,20,Random,Random,148,60,2.466666666666667,0.6
Grudger,20,Random,Pavlov,269,118,2.2796610169491527,0.4830508474576271
Grudger,20,Pavlov,Random,259,118,2.194915254237288,0.5
Grudger,20,Pavlov,Pavlov,180,60,3.0,1.0
Pavlov,1,SEAT,SEAT,8682,2894,3.0,1.0
Pavlov,1,SEAT,TitForTat,2967,989,3.0,1.0
Pavlov,1,TitForTat,SEAT,2967,989,3.0,1.0
Pavlov,1,SEAT,Grudger,1230,410,3.0,1.0
Pavlov,1,Grudger,SEAT,1230,410,3.0,1.0
Pavlov,1,SEAT,AlwaysDefect,244,496,0.49193548387096775,0.5080645161290323
Pavlov,1,AlwaysDefect,SEAT,1504,496,3.032258064516129,0.0
Pavlov,1,SEAT,Random,1109,527,2.1043643263757117,0.50853889943074
Pavlov,1,Random,SEAT,1239,527,2.351043643263757,0.45920303605313095
Pavlov,1,SEAT,Pavlov,1473,491,3.0,1.0
Pavlov,1,Pavlov,SEAT,1473,491,3.0,1.0
Pavlov,1,TitForTat,TitForTat,768,256,3.0,1.0
Pavlov,1,TitForTat,Grudger,636,212,3.0,1.0
Pavlov,1,Grudger,TitForTat,636,212,3.0,1.0
Pavlov,1,TitForTat,AlwaysDefect,107,115,0.9304347826086956,0.06956521739130435
Pavlov,1,AlwaysDefect,TitForTat,147,115,1.2782608695652173,0.0
Pavlov,1,TitForTat,Random,348,158,2.2025316455696204,0.5
Pavlov,1,Random,TitForTat,358,158,2.2658227848101267,0.4873417721518987
Pavlov,1,TitForTat,Pavlov,471,157,3.0,1.0
Pavlov,1,Pavlov,TitForTat,471,157,3.0,1.0
Pavlov,1,Grudger,Grudger,84,28,3.0,1.0
Pavlov,1,Grudger,AlwaysDefect,53,57,0.9298245614035088,0.07017543859649122
Pavlov,1,AlwaysDefect,Grudger,73,57,1.280701754385965,0.0
Pavlov,1,Grudger,Random,167,54,3.0925925925925926,0.09259259259259259
Pavlov,1,Random,Grudger,42,54,0.7777777777777778,0.5555555555555556
Pavlov,1,Grudger,Pavlov,279,93,3.0,1.0
Pavlov,1,Pavlov,Grudger,279,93,3.0,1.0
Pavlov,1,AlwaysDefect,AlwaysDefect,46,46,1.0,0.0
Pavlov,1,AlwaysDefect,Random,307,103,2.9805825242718447,0.0
Pavlov,1,Random,AlwaysDefect,52,103,0.5048543689320388,0.49514563106796117
Pavlov,1,AlwaysDefect,Pavlov,286,94,3.0425531914893615,0.0
Pavlov,1,Pavlov,AlwaysDefect,46,94,0.48936170212765956,0.5106382978723404
Pavlov,1,Random,Random,147,60,2.45,0.65
Pavlov,1,Random,Pavlov,143,64,2.234375,0.515625
Pavlov,1,Pavlov,Random,148,64,2.3125,0.5
Pavlov,1,Pavlov,Pavlov,48,16,3.0,1.0
Pavlov,2,SEAT,SEAT,7374,2458,3.0,1.0
Pavlov,2,SEAT,TitForTat,2907,969,3.0,1.0
Pavlov,2,TitForTat,SEAT,2907,969,3.0,1.0
Pavlov,2,SEAT,Grudger,1434,478,3.0,1.0
Pavlov,2,Grudger,SEAT,1434,478,3.0,1.0
Pavlov,2,SEAT,AlwaysDefect,256,518,0.4942084942084942,0.5057915057915058
Pavlov,2,AlwaysDefect,SEAT,1566,518,3.023166023166023,0.0
Pavlov,2,SEAT,Random,1040,455,2.2857142857142856,0.49230769230769234
Pavlov,2,Random,SEAT,1020,455,2.241758241758242,0.5010989010989011
Pavlov,2,SEAT,Pavlov,1545,515,3.0,1.0
Pavlov,2,Pavlov,SEAT,1545,515,3.0,1.0
Pavlov,2,TitForTat,TitForTat,702,234,3.0,1.0
Pavlov,2,TitForTat,Grudger,429,143,3.0,1.0
Pavlov,2,Grudger,TitForTat,429,143,3.0,1.0
Pavlov,2,TitForTat,AlwaysDefect,123,131,0.9389312977099237,0.061068702290076333
Pavlov,2,AlwaysDefect,TitForTat,163,131,1.2442748091603053,0.0
Pavlov,2,TitForTat,Random,342,157,2.178343949044586,0.4968152866242038
Pavlov,2,Random,TitForTat,357,157,2.2738853503184715,0.47770700636942676
Pavlov,2,TitForTat,Pavlov,414,138,3.0,1.0
Pavlov,2,Pavlov,TitForTat,414,138,3.0,1.0
Pavlov,2,Grudger,Grudger,180,60,3.0,1.0
Pavlov,2,Grudger,AlwaysDefect,86,90,0.9555555555555556,0.044444444444444446
Pavlov,2,AlwaysDefect,Grudger,106,90,1.1777777777777778,0.0
Pavlov,2,Grudger,Random,198,70,2.8285714285714287,0.14285714285714285
Pavlov,2,Random,Grudger,68,70,0.9714285714285714,0.5142857142857142
Pavlov,2,Grudger,Pavlov,105,35,3.0,1.0
Pavlov,2,Pavlov,Grudger,105,35,3.0,1.0
Pavlov,2,AlwaysDefect,AlwaysDefect,14,14,1.0,0.0
Pavlov,2,AlwaysDefect,Random,329,105,3.1333333333333333,0.0
Pavlov,2,Random,AlwaysDefect,49,105,0.4666666666666667,0.5333333333333333
Pavlov,2,AlwaysDefect,Pavlov,173,57,3.0350877192982457,0.0
Pavlov,2,Pavlov,AlwaysDefect,28,57,0.49122807017543857,0.5087719298245614
Pavlov,2,Random,Random,145,60,2.4166666666666665,0.6166666666666667
Pavlov,2,Random,Pavlov,197,91,2.1648351648351647,0.5714285714285714
Pavlov,2,Pavlov,Random,227,91,2.4945054945054945,0.5054945054945055
Pavlov,2,Pavlov,Pavlov,144,48,3.0,1.0
Pavlov,3,SEAT,SEAT,7170,2390,3.0,1.0
Pavlov,3,SEAT,TitForTat,2715,905,3.0,1.0
Pavlov,3,TitForTat,SEAT,2715,905,3.0,1.0
Pavlov,3,SEAT,Grudger,1467,489,3.0,1.0
Pavlov,3,Grudger,SEAT,1467,489,3.0,1.0
Pavlov,3,SEAT,AlwaysDefect,245,498,0.4919678714859438,0.5080321285140562
Pavlov,3,AlwaysDefect,SEAT,1510,498,3.032128514056225,0.0
Pavlov,3,SEAT,Random,1173,529,2.217391304347826,0.5293005671077504
Pavlov,3,Random,SEAT,1238,529,2.340264650283554,0.504725897920605
Pavlov,3,SEAT,Pavlov,1242,414,3.0,1.0
Pavlov,3,Pavlov,SEAT,1242,414,3.0,1.0
Pavlov,3,TitForTat,TitForTat,906,302,3.0,1.0
Pavlov,3,TitForTat,Grudger,504,168,3.0,1.0
Pavlov,3,Grudger,TitForTat,504,168,3.0,1.0
Pavlov,3,TitForTat,AlwaysDefect,170,178,0.9550561797752809,0.0449438202247191
Pavlov,3,AlwaysDefect,TitForTat,210,178,1.1797752808988764,0.0
Pavlov,3,TitForTat,Random,296,126,2.3492063492063493,0.5873015873015873
Pavlov,3,Random,TitForTat,306,126,2.4285714285714284,0.5714285714285714
Pavlov,3,TitForTat,Pavlov,567,189,3.0,1.0
Pavlov,3,Pavlov,TitForTat,567,189,3.0,1.0
Pavlov,3,Grudger,Grudger,108,36,3.0,1.0
Pavlov,3,Grudger,AlwaysDefect,92,96,0.9583333333333334,0.041666666666666664
Pavlov,3,AlwaysDefect,Grudger,112,96,1.1666666666666667,0.0
Pavlov,3,Grudger,Random,350,120,2.9166666666666665,0.058333333333333334
Pavlov,3,Random,Grudger,85,120,0.7083333333333334,0.5
Pavlov,3,Grudger,Pavlov,138,46,3.0,1.0
Pavlov,3,Pavlov,Grudger,138,46,3.0,1.0
Pavlov,3,AlwaysDefect,AlwaysDefect,60,60,1.0,0.0
Pavlov,3,AlwaysDefect,Random,209,73,2.863013698630137,0.0
Pavlov,3,Random,AlwaysDefect,39,73,0.5342465753424658,0.4657534246575342
Pavlov,3,AlwaysDefect,Pavlov,244,80,3.05,0.0
Pavlov,3,Pavlov,AlwaysDefect,39,80,0.4875,0.5125
Pavlov,3,Random,Random,129,60,2.15,0.4166666666666667
Pavlov,3,Random,Pavlov,157,62,2.532258064516129,0.45161290322580644
Pavlov,3,Pavlov,Random,122,62,1.967741935483871,0.5645161290322581
Pavlov,3,Pavlov,Pavlov,180,60,3.0,1.0
Pavlov,4,SEAT,SEAT,8226,2742,3.0,1.0
Pavlov,4,SEAT,TitForTat,2964,988,3.0,1.0
Pavlov,4,TitForTat,SEAT,2964,988,3.0,1.0
Pavlov,4,SEAT,Grudger,1314,438,3.0,1.0
Pavlov,4,Grudger,SEAT,1314,438,3.0,1.0
Pavlov,4,SEAT,AlwaysDefect,231,473,0.4883720930232558,0.5116279069767442
Pavlov,4,AlwaysDefect,SEAT,1441,473,3.046511627906977,0.0
Pavlov,4,SEAT,Random,1234,559,2.2075134168157424,0.5384615384615384
Pavlov,4,Random,SEAT,1324,559,2.368515205724508,0.5062611806797853
Pavlov,4,SEAT,Pavlov,1293,431,3.0,1.0
Pavlov,4,Pavlov,SEAT,1293,431,3.0,1.0
Pavlov,4,TitForTat,TitForTat,666,222,3.0,1.0
Pavlov,4,TitForTat,Grudger,513,171,3.0,1.0
Pavlov,4,Grudger,TitForTat,513,171,3.0,1.0
Pavlov,4,TitForTat,AlwaysDefect,197,205,0.9609756097560975,0.03902439024390244
Pavlov,4,AlwaysDefect,TitForTat,237,205,1.1560975609756097,0.0
Pavlov,4,TitForTat,Random,527,240,2.1958333333333333,0.5333333333333333
Pavlov,4,Random,TitForTat,557,240,2.3208333333333333,0.5083333333333333
Pavlov,4,TitForTat,Pavlov,327,109,3.0,1.0
Pavlov,4,Pavlov,TitForTat,327,109,3.0,1.0
Pavlov,4,Grudger,Grudger,66,22,3.0,1.0
Pavlov,4,Grudger,AlwaysDefect,75,79,0.9493670886075949,0.05063291139240506
Pavlov,4,AlwaysDefect,Grudger,95,79,1.2025316455696202,0.0
Pavlov,4,Grudger,Random,314,102,3.0784313725490198,0.09803921568627451
Pavlov,4,Random,Grudger,79,102,0.7745098039215687,0.5588235294117647
Pavlov,4,Grudger,Pavlov,183,61,3.0,1.0
Pavlov,4,Pavlov,Grudger,183,61,3.0,1.0
Pavlov,4,AlwaysDefect,AlwaysDefect,38,38,1.0,0.0
Pavlov,4,AlwaysDefect,Random,207,71,2.915492957746479,0.0
Pavlov,4,Random,AlwaysDefect,37,71,0.5211267605633803,0.4788732394366197
Pavlov,4,AlwaysDefect,Pavlov,360,120,3.0,0.0
Pavlov,4,Pavlov,AlwaysDefect,60,120,0.5,0.5
Pavlov,4,Random,Random,55,24,2.2916666666666665,0.4583333333333333
Pavlov,4,Random,Pavlov,146,57,2.56140350877193,0.42105263157894735
Pavlov,4,Pavlov,Random,106,57,1.8596491228070176,0.5614035087719298
Pavlov,4,Pavlov,Pavlov,6,2,3.0,1.0
Pavlov,5,SEAT,SEAT,7920,2640,3.0,1.0
Pavlov,5,SEAT,TitForTat,2796,932,3.0,1.0
Pavlov,5,TitForTat,SEAT,2796,932,3.0,1.0
Pavlov,5,SEAT,Grudger,1425,475,3.0,1.0
Pavlov,5,Grudger,SEAT,1425,475,3.0,1.0
Pavlov,5,SEAT,AlwaysDefect,250,505,0.49504950495049505,0.504950495049505
Pavlov,5,AlwaysDefect,SEAT,1525,505,3.01980198019802,0.0
Pavlov,5,SEAT,Random,1242,540,2.3,0.47962962962962963
Pavlov,5,Random,SEAT,1187,540,2.198148148148148,0.5
Pavlov,5,SEAT,Pavlov,1440,480,3.0,1.0
Pavlov,5,Pavlov,SEAT,1440,480,3.0,1.0
Pavlov,5,TitForTat,TitForTat,696,232,3.0,1.0
Pavlov,5,TitForTat,Grudger,543,181,3.0,1.0
Pavlov,5,Grudger,TitForTat,543,181,3.0,1.0
Pavlov,5,TitForTat,AlwaysDefect,212,220,0.9636363636363636,0.03636363636363636
Pavlov,5,AlwaysDefect,TitForTat,252,220,1.1454545454545455,0.0
Pavlov,5,TitForTat,Random,289,135,2.140740740740741,0.4962962962962963
Pavlov,5,Random,TitForTat,309,135,2.2888888888888888,0.4666666666666667
Pavlov,5,TitForTat,Pavlov,552,184,3.0,1.0
Pavlov,5,Pavlov,TitForTat,552,184,3.0,1.0
Pavlov,5,Grudger,Grudger,180,60,3.0,1.0
Pavlov,5,Grudger,AlwaysDefect,101,105,0.9619047619047619,0.0380952380952381
Pavlov,5,AlwaysDefect,Grudger,121,105,1.1523809523809523,0.0
Pavlov,5,Grudger,Random,267,97,2.752577319587629,0.07216494845360824
Pavlov,5,Random,Grudger,77,97,0.7938144329896907,0.4639175257731959
Pavlov,5,Grudger,Pavlov,300,100,3.0,1.0
Pavlov,5,Pavlov,Grudger,300,100,3.0,1.0
Pavlov,5,AlwaysDefect,AlwaysDefect,32,32,1.0,0.0
Pavlov,5,AlwaysDefect,Random,244,84,2.9047619047619047,0.0
Pavlov,5,Random,AlwaysDefect,44,84,0.5238095238095238,0.47619047619047616
Pavlov,5,AlwaysDefect,Pavlov,232,76,3.0526315789473686,0.0
Pavlov,5,Pavlov,AlwaysDefect,37,76,0.4868421052631579,0.5131578947368421
Pavlov,5,Random,Random,140,60,2.3333333333333335,0.5333333333333333
Pavlov,5,Random,Pavlov,226,93,2.4301075268817205,0.4838709677419355
Pavlov,5,Pavlov,Random,196,93,2.10752688172043,0.5483870967741935
Pavlov,5,Pavlov,Pavlov,180,60,3.0,1.0
Pavlov,6,SEAT,SEAT,7590,2530,3.0,1.0
Pavlov,6,SEAT,TitForTat,2787,929,3.0,1.0
Pavlov,6,TitForTat,SEAT,2787,929,3.0,1.0
Pavlov,6,SEAT,Grudger,1455,485,3.0,1.0
Pavlov,6,Grudger,SEAT,1455,485,3.0,1.0
Pavlov,6,SEAT,AlwaysDefect,246,500,0.492,0.508
Pavlov,6,AlwaysDefect,SEAT,1516,500,3.032,0.0
Pavlov,6,SEAT,Random,855,395,2.1645569620253164,0.5139240506329114
Pavlov,6,Random,SEAT,925,395,2.3417721518987342,0.47848101265822784
Pavlov,6,SEAT,Pavlov,1698,566,3.0,1.0
Pavlov,6,Pavlov,SEAT,1698,566,3.0,1.0
Pavlov,6,TitForTat,TitForTat,786,262,3.0,1.0
Pavlov,6,TitForTat,Grudger,603,201,3.0,1.0
Pavlov,6,Grudger,TitForTat,603,201,3.0,1.0
Pavlov,6,TitForTat,AlwaysDefect,144,152,0.9473684210526315,0.05263157894736842
Pavlov,6,AlwaysDefect,TitForTat,184,152,1.2105263157894737,0.0
Pavlov,6,TitForTat,Random,217,102,2.127450980392157,0.49019607843137253
Pavlov,6,Random,TitForTat,232,102,2.2745098039215685,0.46078431372549017
Pavlov,6,TitForTat,Pavlov,567,189,3.0,1.0
Pavlov,6,Pavlov,TitForTat,567,189,3.0,1.0
Pavlov,6,Grudger,Grudger,180,60,3.0,1.0
Pavlov,6,Grudger,AlwaysDefect,84,88,0.9545454545454546,0.045454545454545456
Pavlov,6,AlwaysDefect,Grudger,104,88,1.1818181818181819,0.0
Pavlov,6,Grudger,Random,246,80,3.075,0.0875
Pavlov,6,Random,Grudger,61,80,0.7625,0.55
Pavlov,6,Grudger,Pavlov,225,75,3.0,1.0
Pavlov,6,Pavlov,Grudger,225,75,3.0,1.0
Pavlov,6,AlwaysDefect,AlwaysDefect,16,16,1.0,0.0
Pavlov,6,AlwaysDefect,Random,143,51,2.803921568627451,0.0
Pavlov,6,Random,AlwaysDefect,28,51,0.5490196078431373,0.45098039215686275
Pavlov,6,AlwaysDefect,Pavlov,184,60,3.066666666666667,0.0
Pavlov,6,Pavlov,AlwaysDefect,29,60,0.48333333333333334,0.5166666666666667
Pavlov,6,Random,Random,123,60,2.05,0.4166666666666667
Pavlov,6,Random,Pavlov,216,103,2.0970873786407767,0.5631067961165048
Pavlov,6,Pavlov,Random,261,103,2.533980582524272,0.47572815533980584
Pavlov,6,Pavlov,Pavlov,180,60,3.0,1.0
Pavlov,7,SEAT,SEAT,8568,2856,3.0,1.0
Pavlov,7,SEAT,TitForTat,2940,980,3.0,1.0
Pavlov,7,TitForTat,SEAT,2940,980,3.0,1.0
Pavlov,7,SEAT,Grudger,1653,551,3.0,1.0
Pavlov,7,Grudger,SEAT,1653,551,3.0,1.0
Pavlov,7,SEAT,AlwaysDefect,247,499,0.49498997995991983,0.5050100200400801
Pavlov,7,AlwaysDefect,SEAT,1507,499,3.0200400801603204,0.0
Pavlov,7,SEAT,Random,886,378,2.3439153439153437,0.5132275132275133
Pavlov,7,Random,SEAT,856,378,2.2645502645502646,0.5291005291005291
Pavlov,7,SEAT,Pavlov,1446,482,3.0,1.0
Pavlov,7,Pavlov,SEAT,1446,482,3.0,1.0
Pavlov,7,TitForTat,TitForTat,648,216,3.0,1.0
Pavlov,7,TitForTat,Grudger,411,137,3.0,1.0
Pavlov,7,Grudger,TitForTat,411,137,3.0,1.0
Pavlov,7,TitForTat,AlwaysDefect,102,110,0.9272727272727272,0.07272727272727272
Pavlov,7,AlwaysDefect,TitForTat,142,110,1.290909090909091,0.0
Pavlov,7,TitForTat,Random,398,192,2.0729166666666665,0.4635416666666667
Pavlov,7,Random,TitForTat,423,192,2.203125,0.4375
Pavlov,7,TitForTat,Pavlov,561,187,3.0,1.0
Pavlov,7,Pavlov,TitForTat,561,187,3.0,1.0
Pavlov,7,Grudger,Grudger,54,18,3.0,1.0
Pavlov,7,Grudger,AlwaysDefect,89,93,0.956989247311828,0.043010752688172046
Pavlov,7,AlwaysDefect,Grudger,109,93,1.1720430107526882,0.0
Pavlov,7,Grudger,Random,236,84,2.8095238095238093,0.07142857142857142
Pavlov,7,Random,Grudger,66,84,0.7857142857142857,0.47619047619047616
Pavlov,7,Grudger,Pavlov,267,89,3.0,1.0
Pavlov,7,Pavlov,Grudger,267,89,3.0,1.0
Pavlov,7,AlwaysDefect,AlwaysDefect,6,6,1.0,0.0
Pavlov,7,AlwaysDefect,Random,291,95,3.0631578947368423,0.0
Pavlov,7,Random,AlwaysDefect,46,95,0.4842105263157895,0.5157894736842106
Pavlov,7,AlwaysDefect,Pavlov,123,39,3.1538461538461537,0.0
Pavlov,7,Pavlov,AlwaysDefect,18,39,0.46153846153846156,0.5384615384615384
Pavlov,7,Random,Random,15,8,1.875,0.375
Pavlov,7,Random,Pavlov,181,75,2.4133333333333336,0.44
Pavlov,7,Pavlov,Random,151,75,2.013333333333333,0.52
Pavlov,7,Pavlov,Pavlov,60,20,3.0,1.0
Pavlov,8,SEAT,SEAT,8106,2702,3.0,1.0
Pavlov,8,SEAT,TitForTat,2496,832,3.0,1.0
Pavlov,8,TitForTat,SEAT,2496,832,3.0,1.0
Pavlov,8,SEAT,Grudger,1476,492,3.0,1.0
Pavlov,8,Grudger,SEAT,1476,492,3.0,1.0
Pavlov,8,SEAT,AlwaysDefect,227,462,0.49134199134199136,0.5086580086580087
Pavlov,8,AlwaysDefect,SEAT,1402,462,3.034632034632035,0.0
Pavlov,8,SEAT,Random,1103,539,2.046382189239332,0.5231910946196661
Pavlov,8,Random,SEAT,1293,539,2.398886827458256,0.45269016697588127
Pavlov,8,SEAT,Pavlov,1365,455,3.0,1.0
Pavlov,8,Pavlov,SEAT,1365,455,3.0,1.0
Pavlov,8,TitForTat,TitForTat,756,252,3.0,1.0
Pavlov,8,TitForTat,Grudger,405,135,3.0,1.0
Pavlov,8,Grudger,TitForTat,405,135,3.0,1.0
Pavlov,8,TitForTat,AlwaysDefect,158,166,0.9518072289156626,0.04819277108433735
Pavlov,8,AlwaysDefect,TitForTat,198,166,1.1927710843373494,0.0
Pavlov,8,TitForTat,Random,243,111,2.189189189189189,0.5675675675675675
Pavlov,8,Random,TitForTat,278,111,2.5045045045045047,0.5045045045045045
Pavlov,8,TitForTat,Pavlov,402,134,3.0,1.0
Pavlov,8,Pavlov,TitForTat,402,134,3.0,1.0
Pavlov,8,Grudger,Grudger,174,58,3.0,1.0
Pavlov,8,Grudger,AlwaysDefect,41,45,0.9111111111111111,0.08888888888888889
Pavlov,8,AlwaysDefect,Grudger,61,45,1.3555555555555556,0.0
Pavlov,8,Grudger,Random,337,113,2.982300884955752,0.035398230088495575
Pavlov,8,Random,Grudger,72,113,0.6371681415929203,0.504424778761062
Pavlov,8,Grudger,Pavlov,219,73,3.0,1.0
Pavlov,8,Pavlov,Grudger,219,73,3.0,1.0
Pavlov,8,AlwaysDefect,AlwaysDefect,48,48,1.0,0.0
Pavlov,8,AlwaysDefect,Random,276,92,3.0,0.0
Pavlov,8,Random,AlwaysDefect,46,92,0.5,0.5
Pavlov,8,AlwaysDefect,Pavlov,226,74,3.054054054054054,0.0
Pavlov,8,Pavlov,AlwaysDefect,36,74,0.4864864864864865,0.5135135135135135
Pavlov,8,Random,Random,139,60,2.316666666666667,0.5166666666666667
Pavlov,8,Random,Pavlov,186,87,2.1379310344827585,0.5632183908045977
Pavlov,8,Pavlov,Random,216,87,2.4827586206896552,0.4942528735632184
Pavlov,8,Pavlov,Pavlov,12,4,3.0,1.0
Pavlov,9,SEAT,SEAT,8022,2674,3.0,1.0
Pavlov,9,SEAT,TitForTat,2724,908,3.0,1.0
Pavlov,9,TitForTat,SEAT,2724,908,3.0,1.0
Pavlov,9,SEAT,Grudger,1491,497,3.0,1.0
Pavlov,9,Grudger,SEAT,1491,497,3.0,1.0
Pavlov,9,SEAT,AlwaysDefect,236,478,0.49372384937238495,0.5062761506276151
Pavlov,9,AlwaysDefect,SEAT,1446,478,3.0251046025104604,0.0
Pavlov,9,SEAT,Random,991,441,2.247165532879819,0.5192743764172335
Pavlov,9,Random,SEAT,1016,441,2.303854875283447,0.5079365079365079
Pavlov,9,SEAT,Pavlov,1461,487,3.0,1.0
Pavlov,9,Pavlov,SEAT,1461,487,3.0,1.0
Pavlov,9,TitForTat,TitForTat,912,304,3.0,1.0
Pavlov,9,TitForTat,Grudger,450,150,3.0,1.0
Pavlov,9,Grudger,TitForTat,450,150,3.0,1.0
Pavlov,9,TitForTat,AlwaysDefect,149,157,0.9490445859872612,0.050955414012738856
Pavlov,9,AlwaysDefect,TitForTat,189,157,1.2038216560509554,0.0
Pavlov,9,TitForTat,Random,257,125,2.056,0.488
Pavlov,9,Random,TitForTat,287,125,2.296,0.44
Pavlov,9,TitForTat,Pavlov,612,204,3.0,1.0
Pavlov,9,Pavlov,TitForTat,612,204,3.0,1.0
Pavlov,9,Grudger,Grudger,42,14,3.0,1.0
Pavlov,9,Grudger,AlwaysDefect,84,88,0.9545454545454546,0.045454545454545456
Pavlov,9,AlwaysDefect,Grudger,104,88,1.1818181818181819,0.0
Pavlov,9,Grudger,Random,254,94,2.702127659574468,0.10638297872340426
Pavlov,9,Random,Grudger,84,94,0.8936170212765957,0.46808510638297873
Pavlov,9,Grudger,Pavlov,231,77,3.0,1.0
Pavlov,9,Pavlov,Grudger,231,77,3.0,1.0
Pavlov,9,AlwaysDefect,AlwaysDefect,60,60,1.0,0.0
Pavlov,9,AlwaysDefect,Random,181,57,3.175438596491228,0.0
Pavlov,9,Random,AlwaysDefect,26,57,0.45614035087719296,0.543859649122807
Pavlov,9,AlwaysDefect,Pavlov,189,61,3.098360655737705,0.0
Pavlov,9,Pavlov,AlwaysDefect,29,61,0.47540983606557374,0.5245901639344263
Pavlov,9,Random,Random,23,10,2.3,0.5
Pavlov,9,Random,Pavlov,234,101,2.3168316831683167,0.45544554455445546
Pavlov,9,Pavlov,Random,214,101,2.118811881188119,0.49504950495049505
Pavlov,9,Pavlov,Pavlov,180,60,3.0,1.0
Pavlov,10,SEAT,SEAT,8064,2688,3.0,1.0
Pavlov,10,SEAT,TitForTat,2370,790,3.0,1.0
Pavlov,10,TitForTat,SEAT,2370,790,3.0,1.0
Pavlov,10,SEAT,Grudger,1341,447,3.0,1.0
Pavlov,10,Grudger,SEAT,1341,447,3.0,1.0
Pavlov,10,SEAT,AlwaysDefect,234,474,0.4936708860759494,0.5063291139240507
Pavlov,10,AlwaysDefect,SEAT,1434,474,3.0253164556962027,0.0
Pavlov,10,SEAT,Random,1063,478,2.223849372384937,0.5167364016736402
Pavlov,10,Random,SEAT,1108,478,2.3179916317991633,0.497907949790795
Pavlov,10,SEAT,Pavlov,1548,516,3.0,1.0
Pavlov,10,Pavlov,SEAT,1548,516,3.0,1.0
Pavlov,10,TitForTat,TitForTat,420,140,3.0,1.0
Pavlov,10,TitForTat,Grudger,612,204,3.0,1.0
Pavlov,10,Grudger,TitForTat,612,204,3.0,1.0
Pavlov,10,TitForTat,AlwaysDefect,117,125,0.936,0.064
Pavlov,10,AlwaysDefect,TitForTat,157,125,1.256,0.0
Pavlov,10,TitForTat,Random,347,155,2.238709677419355,0.5548387096774193
Pavlov,10,Random,TitForTat,372,155,2.4,0.5225806451612903
Pavlov,10,TitForTat,Pavlov,672,224,3.0,1.0
Pavlov,10,Pavlov,TitForTat,672,224,3.0,1.0
Pavlov,10,Grudger,Grudger,48,16,3.0,1.0
Pavlov,10,Grudger,AlwaysDefect,95,99,0.9595959595959596,0.04040404040404041
Pavlov,10,AlwaysDefect,Grudger,115,99,1.1616161616161615,0.0
Pavlov,10,Grudger,Random,171,61,2.80327868852459,0.11475409836065574
Pavlov,10,Random,Grudger,56,61,0.9180327868852459,0.4918032786885246
Pavlov,10,Grudger,Pavlov,210,70,3.0,1.0
Pavlov,10,Pavlov,Grudger,210,70,3.0,1.0
Pavlov,10,AlwaysDefect,AlwaysDefect,58,58,1.0,0.0
Pavlov,10,AlwaysDefect,Random,219,83,2.63855421686747,0.0
Pavlov,10,Random,AlwaysDefect,49,83,0.5903614457831325,0.40963855421686746
Pavlov,10,AlwaysDefect,Pavlov,148,48,3.0833333333333335,0.0
Pavlov,10,Pavlov,AlwaysDefect,23,48,0.4791666666666667,0.5208333333333334
Pavlov,10,Random,Random,127,60,2.1166666666666667,0.4166666666666667
Pavlov,10,Random,Pavlov,227,99,2.292929292929293,0.48484848484848486
Pavlov,10,Pavlov,Random,217,99,2.191919191919192,0.5050505050505051
Pavlov,10,Pavlov,Pavlov,30,10,3.0,1.0
Pavlov,11,SEAT,SEAT,8238,2746,3.0,1.0
Pavlov,11,SEAT,TitForTat,2814,938,3.0,1.0
Pavlov,11,TitForTat,SEAT,2814,938,3.0,1.0
Pavlov,11,SEAT,Grudger,1455,485,3.0,1.0
Pavlov,11,Grudger,SEAT,1455,485,3.0,1.0
Pavlov,11,SEAT,AlwaysDefect,228,463,0.4924406047516199,0.5075593952483801
Pavlov,11,AlwaysDefect,SEAT,1403,463,3.0302375809935205,0.0
Pavlov,11,SEAT,Random,935,391,2.391304347826087,0.4578005115089514
Pavlov,11,Random,SEAT,830,391,2.122762148337596,0.5115089514066496
Pavlov,11,SEAT,Pavlov,1083,361,3.0,1.0
Pavlov,11,Pavlov,SEAT,1083,361,3.0,1.0
Pavlov,11,TitForTat,TitForTat,810,270,3.0,1.0
Pavlov,11,TitForTat,Grudger,480,160,3.0,1.0
Pavlov,11,Grudger,TitForTat,480,160,3.0,1.0
Pavlov,11,TitForTat,AlwaysDefect,116,124,0.9354838709677419,0.06451612903225806
Pavlov,11,AlwaysDefect,TitForTat,156,124,1.2580645161290323,0.0
Pavlov,11,TitForTat,Random,324,144,2.25,0.5625
Pavlov,11,Random,TitForTat,349,144,2.423611111111111,0.5277777777777778
Pavlov,11,TitForTat,Pavlov,486,162,3.0,1.0
Pavlov,11,Pavlov,TitForTat,486,162,3.0,1.0
Pavlov,11,Grudger,Grudger,180,60,3.0,1.0
Pavlov,11,Grudger,AlwaysDefect,100,104,0.9615384615384616,0.038461538461538464
Pavlov,11,AlwaysDefect,Grudger,120,104,1.1538461538461537,0.0
Pavlov,11,Grudger,Random,242,74,3.27027027027027,0.08108108108108109
Pavlov,11,Random,Grudger,52,74,0.7027027027027027,0.5945945945945946
Pavlov,11,Grudger,Pavlov,267,89,3.0,1.0
Pavlov,11,Pavlov,Grudger,267,89,3.0,1.0
Pavlov,11,AlwaysDefect,AlwaysDefect,60,60,1.0,0.0
Pavlov,11,AlwaysDefect,Random,213,77,2.7662337662337664,0.0
Pavlov,11,Random,AlwaysDefect,43,77,0.5584415584415584,0.44155844155844154
Pavlov,11,AlwaysDefect,Pavlov,257,85,3.023529411764706,0.0
Pavlov,11,Pavlov,AlwaysDefect,42,85,0.49411764705882355,0.5058823529411764
Pavlov,11,Random,Random,125,60,2.0833333333333335,0.4166666666666667
Pavlov,11,Random,Pavlov,228,94,2.425531914893617,0.3829787234042553
Pavlov,11,Pavlov,Random,173,94,1.8404255319148937,0.5
Pavlov,11,Pavlov,Pavlov,180,60,3.0,1.0
Pavlov,12,SEAT,SEAT,8046,2682,3.0,1.0
Pavlov,12,SEAT,TitForTat,2961,987,3.0,1.0
Pavlov,12,TitForTat,SEAT,2961,987,3.0,1.0
Pavlov,12,SEAT,Grudger,1455,485,3.0,1.0
Pavlov,12,Grudger,SEAT,1455,485,3.0,1.0
Pavlov,12,SEAT,AlwaysDefect,232,472,0.4915254237288136,0.5084745762711864
Pavlov,12,AlwaysDefect,SEAT,1432,472,3.0338983050847457,0.0
Pavlov,12,SEAT,Random,871,398,2.1884422110552766,0.5301507537688442
Pavlov,12,Random,SEAT,941,398,2.364321608040201,0.4949748743718593
Pavlov,12,SEAT,Pavlov,1296,432,3.0,1.0
Pavlov,12,Pavlov,SEAT,1296,432,3.0,1.0
Pavlov,12,TitForTat,TitForTat,474,158,3.0,1.0
Pavlov,12,TitForTat,Grudger,621,207,3.0,1.0
Pavlov,12,Grudger,TitForTat,621,207,3.0,1.0
Pavlov,12,TitForTat,AlwaysDefect,184,192,0.9583333333333334,0.041666666666666664
Pavlov,12,AlwaysDefect,TitForTat,224,192,1.1666666666666667,0.0
Pavlov,12,TitForTat,Random,303,141,2.148936170212766,0.5319148936170213
Pavlov,12,Random,TitForTat,333,141,2.3617021276595747,0.48936170212765956
Pavlov,12,TitForTat,Pavlov,366,122,3.0,1.0
Pavlov,12,Pavlov,TitForTat,366,122,3.0,1.0
Pavlov,12,Grudger,Grudger,114,38,3.0,1.0
Pavlov,12,Grudger,AlwaysDefect,81,85,0.9529411764705882,0.047058823529411764
Pavlov,12,AlwaysDefect,Grudger,101,85,1.188235294117647,0.0
Pavlov,12,Grudger,Random,263,99,2.6565656565656566,0.06060606060606061
Pavlov,12,Random,Grudger,78,99,0.7878787878787878,0.43434343434343436
Pavlov,12,Grudger,Pavlov,291,97,3.0,1.0
Pavlov,12,Pavlov,Grudger,291,97,3.0,1.0
Pavlov,12,AlwaysDefect,AlwaysDefect,8,8,1.0,0.0
Pavlov,12,AlwaysDefect,Random,276,92,3.0,0.0
Pavlov,12,Random,AlwaysDefect,46,92,0.5,0.5
Pavlov,12,AlwaysDefect,Pavlov,245,81,3.0246913580246915,0.0
Pavlov,12,Pavlov,AlwaysDefect,40,81,0.49382716049382713,0.5061728395061729
Pavlov,12,Random,Random,129,60,2.15,0.45
Pavlov,12,Random,Pavlov,125,51,2.450980392156863,0.47058823529411764
Pavlov,12,Pavlov,Random,105,51,2.0588235294117645,0.5490196078431373
Pavlov,12,Pavlov,Pavlov,72,24,3.0,1.0
Pavlov,13,SEAT,SEAT,8274,2758,3.0,1.0
Pavlov,13,SEAT,TitForTat,3045,1015,3.0,1.0
Pavlov,13,TitForTat,SEAT,3045,1015,3.0,1.0
Pavlov,13,SEAT,Grudger,1608,536,3.0,1.0
Pavlov,13,Grudger,SEAT,1608,536,3.0,1.0
Pavlov,13,SEAT,AlwaysDefect,244,491,0.4969450101832994,0.5030549898167006
Pavlov,13,AlwaysDefect,SEAT,1479,491,3.0122199592668024,0.0
Pavlov,13,SEAT,Random,996,459,2.1699346405228757,0.514161220043573
Pavlov,13,Random,SEAT,1071,459,2.3333333333333335,0.48148148148148145
Pavlov,13,SEAT,Pavlov,1494,498,3.0,1.0
Pavlov,13,Pavlov,SEAT,1494,498,3.0,1.0
Pavlov,13,TitForTat,TitForTat,618,206,3.0,1.0
Pavlov,13,TitForTat,Grudger,540,180,3.0,1.0
Pavlov,13,Grudger,TitForTat,540,180,3.0,1.0
Pavlov,13,TitForTat,AlwaysDefect,103,111,0.9279279279279279,0.07207207207207207
Pavlov,13,AlwaysDefect,TitForTat,143,111,1.2882882882882882,0.0
Pavlov,13,TitForTat,Random,351,166,2.1144578313253013,0.5
Pavlov,13,Random,TitForTat,381,166,2.2951807228915664,0.463855421686747
Pavlov,13,TitForTat,Pavlov,510,170,3.0,1.0
Pavlov,13,Pavlov,TitForTat,510,170,3.0,1.0
Pavlov,13,Grudger,Grudger,48,16,3.0,1.0
Pavlov,13,Grudger,AlwaysDefect,98,102,0.9607843137254902,0.0392156862745098
Pavlov,13,AlwaysDefect,Grudger,118,102,1.1568627450980393,0.0
Pavlov,13,Grudger,Random,188,65,2.8923076923076922,0.15384615384615385
Pavlov,13,Random,Grudger,63,65,0.9692307692307692,0.5384615384615384
Pavlov,13,Grudger,Pavlov,213,71,3.0,1.0
Pavlov,13,Pavlov,Grudger,213,71,3.0,1.0
Pavlov,13,AlwaysDefect,AlwaysDefect,60,60,1.0,0.0
Pavlov,13,AlwaysDefect,Random,309,105,2.942857142857143,0.0
Pavlov,13,Random,AlwaysDefect,54,105,0.5142857142857142,0.4857142857142857
Pavlov,13,AlwaysDefect,Pavlov,129,41,3.1463414634146343,0.0
Pavlov,13,Pavlov,AlwaysDefect,19,41,0.4634146341463415,0.5365853658536586
Pavlov,13,Random,Random,54,24,2.25,0.5
Pavlov,13,Random,Pavlov,144,64,2.25,0.4375
Pavlov,13,Pavlov,Random,134,64,2.09375,0.46875
Pavlov,13,Pavlov,Pavlov,180,60,3.0,1.0
Pavlov,14,SEAT,SEAT,7428,2476,3.0,1.0
Pavlov,14,SEAT,TitForTat,2781,927,3.0,1.0
Pavlov,14,TitForTat,SEAT,2781,927,3.0,1.0
Pavlov,14,SEAT,Grudger,1326,442,3.0,1.0
Pavlov,14,Grudger,SEAT,1326,442,3.0,1.0
Pavlov,14,SEAT,AlwaysDefect,186,382,0.4869109947643979,0.5130890052356021
Pavlov,14,AlwaysDefect,SEAT,1166,382,3.0523560209424083,0.0
Pavlov,14,SEAT,Random,1013,455,2.2263736263736265,0.5274725274725275
Pavlov,14,Random,SEAT,1063,455,2.3362637362637364,0.5054945054945055
Pavlov,14,SEAT,Pavlov,1515,505,3.0,1.0
Pavlov,14,Pavlov,SEAT,1515,505,3.0,1.0
Pavlov,14,TitForTat,TitForTat,618,206,3.0,1.0
Pavlov,14,TitForTat,Grudger,375,125,3.0,1.0
Pavlov,14,Grudger,TitForTat,375,125,3.0,1.0
Pavlov,14,TitForTat,AlwaysDefect,147,155,0.9483870967741935,0.05161290322580645
Pavlov,14,AlwaysDefect,TitForTat,187,155,1.206451612903226,0.0
Pavlov,14,TitForTat,Random,396,176,2.25,0.5511363636363636
Pavlov,14,Random,TitForTat,416,176,2.3636363636363638,0.5284090909090909
Pavlov,14,TitForTat,Pavlov,489,163,3.0,1.0
Pavlov,14,Pavlov,TitForTat,489,163,3.0,1.0
Pavlov,14,Grudger,Grudger,162,54,3.0,1.0
Pavlov,14,Grudger,AlwaysDefect,70,74,0.9459459459459459,0.05405405405405406
Pavlov,14,AlwaysDefect,Grudger,90,74,1.2162162162162162,0.0
Pavlov,14,Grudger,Random,124,49,2.5306122448979593,0.08163265306122448
Pavlov,14,Random,Grudger,44,49,0.8979591836734694,0.40816326530612246
Pavlov,14,Grudger,Pavlov,303,101,3.0,1.0
Pavlov,14,Pavlov,Grudger,303,101,3.0,1.0
Pavlov,14,AlwaysDefect,AlwaysDefect,60,60,1.0,0.0
Pavlov,14,AlwaysDefect,Random,309,101,3.0594059405940595,0.0
Pavlov,14,Random,AlwaysDefect,49,101,0.48514851485148514,0.5148514851485149
Pavlov,14,AlwaysDefect,Pavlov,178,58,3.0689655172413794,0.0
Pavlov,14,Pavlov,AlwaysDefect,28,58,0.4827586206896552,0.5172413793103449
Pavlov,14,Random,Random,135,60,2.25,0.48333333333333334
Pavlov,14,Random,Pavlov,279,120,2.325,0.5083333333333333
Pavlov,14,Pavlov,Random,269,120,2.2416666666666667,0.525
Pavlov,14,Pavlov,Pavlov,126,42,3.0,1.0
Pavlov,15,SEAT,SEAT,8088,2696,3.0,1.0
Pavlov,15,SEAT,TitForTat,2643,881,3.0,1.0
Pavlov,15,TitForTat,SEAT,2643,881,3.0,1.0
Pavlov,15,SEAT,Grudger,1659,553,3.0,1.0
Pavlov,15,Grudger,SEAT,1659,553,3.0,1.0
Pavlov,15,SEAT,AlwaysDefect,271,548,0.49452554744525545,0.5054744525547445
Pavlov,15,AlwaysDefect,SEAT,1656,548,3.021897810218978,0.0
Pavlov,15,SEAT,Random,868,416,2.0865384615384617,0.5504807692307693
Pavlov,15,Random,SEAT,1018,416,2.4471153846153846,0.47836538461538464
Pavlov,15,SEAT,Pavlov,1413,471,3.0,1.0
Pavlov,15,Pavlov,SEAT,1413,471,3.0,1.0
Pavlov,15,TitForTat,TitForTat,390,130,3.0,1.0
Pavlov,15,TitForTat,Grudger,468,156,3.0,1.0
Pavlov,15,Grudger,TitForTat,468,156,3.0,1.0
Pavlov,15,TitForTat,AlwaysDefect,127,135,0.9407407407407408,0.05925925925925926
Pavlov,15,AlwaysDefect,TitForTat,167,135,1.237037037037037,0.0
Pavlov,15,TitForTat,Random,334,160,2.0875,0.4875
Pavlov,15,Random,TitForTat,364,160,2.275,0.45
Pavlov,15,TitForTat,Pavlov,468,156,3.0,1.0
Pavlov,15,Pavlov,TitForTat,468,156,3.0,1.0
Pavlov,15,Grudger,Grudger,84,28,3.0,1.0
Pavlov,15,Grudger,AlwaysDefect,39,43,0.9069767441860465,0.09302325581395349
Pavlov,15,AlwaysDefect,Grudger,59,43,1.372093023255814,0.0
Pavlov,15,Grudger,Random,260,91,2.857142857142857,0.07692307692307693
Pavlov,15,Random,Grudger,70,91,0.7692307692307693,0.4945054945054945
Pavlov,15,Grudger,Pavlov,195,65,3.0,1.0
Pavlov,15,Pavlov,Grudger,195,65,3.0,1.0
Pavlov,15,AlwaysDefect,AlwaysDefect,60,60,1.0,0.0
Pavlov,15,AlwaysDefect,Random,134,50,2.68,0.0
Pavlov,15,Random,AlwaysDefect,29,50,0.58,0.42
Pavlov,15,AlwaysDefect,Pavlov,305,101,3.01980198019802,0.0
Pavlov,15,Pavlov,AlwaysDefect,50,101,0.49504950495049505,0.504950495049505
Pavlov,15,Random,Random,31,16,1.9375,0.3125
Pavlov,15,Random,Pavlov,129,68,1.8970588235294117,0.5441176470588235
Pavlov,15,Pavlov,Random,179,68,2.6323529411764706,0.39705882352941174
Pavlov,15,Pavlov,Pavlov,180,60,3.0,1.0
Pavlov,16,SEAT,SEAT,7632,2544,3.0,1.0
Pavlov,16,SEAT,TitForTat,2850,950,3.0,1.0
Pavlov,16,TitForTat,SEAT,2850,950,3.0,1.0
Pavlov,16,SEAT,Grudger,1590,530,3.0,1.0
Pavlov,16,Grudger,SEAT,1590,530,3.0,1.0
Pavlov,16,SEAT,AlwaysDefect,219,447,0.4899328859060403,0.5100671140939598
Pavlov,16,AlwaysDefect,SEAT,1359,447,3.040268456375839,0.0
Pavlov,16,SEAT,Random,1019,464,2.1961206896551726,0.521551724137931
Pavlov,16,Random,SEAT,1084,464,2.336206896551724,0.49353448275862066
Pavlov,16,SEAT,Pavlov,1389,463,3.0,1.0
Pavlov,16,Pavlov,SEAT,1389,463,3.0,1.0
Pavlov,16,TitForTat,TitForTat,618,206,3.0,1.0
Pavlov,16,TitForTat,Grudger,471,157,3.0,1.0
Pavlov,16,Grudger,TitForTat,471,157,3.0,1.0
Pavlov,16,TitForTat,AlwaysDefect,169,177,0.9548022598870056,0.04519774011299435
Pavlov,16,AlwaysDefect,TitForTat,209,177,1.1807909604519775,0.0
Pavlov,16,TitForTat,Random,457,212,2.1556603773584904,0.4811320754716981
Pavlov,16,Random,TitForTat,477,212,2.25,0.46226415094339623
Pavlov,16,TitForTat,Pavlov,636,212,3.0,1.0
Pavlov,16,Pavlov,TitForTat,636,212,3.0,1.0
Pavlov,16,Grudger,Grudger,138,46,3.0,1.0
Pavlov,16,Grudger,AlwaysDefect,85,89,0.9550561797752809,0.0449438202247191
Pavlov,16,AlwaysDefect,Grudger,105,89,1.1797752808988764,0.0
Pavlov,16,Grudger,Random,256,91,2.8131868131868134,0.054945054945054944
Pavlov,16,Random,Grudger,66,91,0.7252747252747253,0.4725274725274725
Pavlov,16,Grudger,Pavlov,222,74,3.0,1.0
Pavlov,16,Pavlov,Grudger,222,74,3.0,1.0
Pavlov,16,AlwaysDefect,AlwaysDefect,48,48,1.0,0.0
Pavlov,16,AlwaysDefect,Random,177,65,2.723076923076923,0.0
Pavlov,16,Random,AlwaysDefect,37,65,0.5692307692307692,0.4307692307692308
Pavlov,16,AlwaysDefect,Pavlov,245,81,3.0246913580246915,0.0
Pavlov,16,Pavlov,AlwaysDefect,40,81,0.49382716049382713,0.5061728395061729
Pavlov,16,Random,Random,86,36,2.388888888888889,0.5555555555555556
Pavlov,16,Random,Pavlov,221,95,2.3263157894736843,0.4842105263157895
Pavlov,16,Pavlov,Random,206,95,2.168421052631579,0.5157894736842106
Pavlov,16,Pavlov,Pavlov,174,58,3.0,1.0
Pavlov,17,SEAT,SEAT,7890,2630,3.0,1.0
Pavlov,17,SEAT,TitForTat,2781,927,3.0,1.0
Pavlov,17,TitForTat,SEAT,2781,927,3.0,1.0
Pavlov,17,SEAT,Grudger,1266,422,3.0,1.0
Pavlov,17,Grudger,SEAT,1266,422,3.0,1.0
Pavlov,17,SEAT,AlwaysDefect,294,593,0.4957841483979764,0.5042158516020236
Pavlov,17,AlwaysDefect,SEAT,1789,593,3.0168634064080946,0.0
Pavlov,17,SEAT,Random,897,427,2.100702576112412,0.5690866510538641
Pavlov,17,Random,SEAT,1057,427,2.4754098360655736,0.49414519906323184
Pavlov,17,SEAT,Pavlov,1686,562,3.0,1.0
Pavlov,17,Pavlov,SEAT,1686,562,3.0,1.0
Pavlov,17,TitForTat,TitForTat,654,218,3.0,1.0
Pavlov,17,TitForTat,Grudger,588,196,3.0,1.0
Pavlov,17,Grudger,TitForTat,588,196,3.0,1.0
Pavlov,17,TitForTat,AlwaysDefect,211,219,0.9634703196347032,0.0365296803652968
Pavlov,17,AlwaysDefect,TitForTat,251,219,1.1461187214611872,0.0
Pavlov,17,TitForTat,Random,414,192,2.15625,0.5104166666666666
Pavlov,17,Random,TitForTat,439,192,2.2864583333333335,0.484375
Pavlov,17,TitForTat,Pavlov,477,159,3.0,1.0
Pavlov,17,Pavlov,TitForTat,477,159,3.0,1.0
Pavlov,17,Grudger,Grudger,48,16,3.0,1.0
Pavlov,17,Grudger,AlwaysDefect,82,86,0.9534883720930233,0.046511627906976744
Pavlov,17,AlwaysDefect,Grudger,102,86,1.186046511627907,0.0
Pavlov,17,Grudger,Random,264,84,3.142857142857143,0.09523809523809523
Pavlov,17,Random,Grudger,64,84,0.7619047619047619,0.5714285714285714
Pavlov,17,Grudger,Pavlov,213,71,3.0,1.0
Pavlov,17,Pavlov,Grudger,213,71,3.0,1.0
Pavlov,17,AlwaysDefect,AlwaysDefect,8,8,1.0,0.0
Pavlov,17,AlwaysDefect,Random,259,87,2.9770114942528734,0.0
Pavlov,17,Random,AlwaysDefect,44,87,0.5057471264367817,0.4942528735632184
Pavlov,17,AlwaysDefect,Pavlov,209,69,3.028985507246377,0.0
Pavlov,17,Pavlov,AlwaysDefect,34,69,0.4927536231884058,0.5072463768115942
Pavlov,17,Random,Random,143,60,2.3833333333333333,0.5166666666666667
Pavlov,17,Random,Pavlov,53,24,2.2083333333333335,0.6666666666666666
Pavlov,17,Pavlov,Random,68,24,2.8333333333333335,0.5416666666666666
Pavlov,17,Pavlov,Pavlov,180,60,3.0,1.0
Pavlov,18,SEAT,SEAT,7008,2336,3.0,1.0
Pavlov,18,SEAT,TitForTat,2922,974,3.0,1.0
Pavlov,18,TitForTat,SEAT,2922,974,3.0,1.0
Pavlov,18,SEAT,Grudger,1290,430,3.0,1.0
Pavlov,18,Grudger,SEAT,1290,430,3.0,1.0
Pavlov,18,SEAT,AlwaysDefect,239,484,0.493801652892562,0.506198347107438
Pavlov,18,AlwaysDefect,SEAT,1464,484,3.024793388429752,0.0
Pavlov,18,SEAT,Random,1013,432,2.3449074074074074,0.49074074074074076
Pavlov,18,Random,SEAT,953,432,2.2060185185185186,0.5185185185185185
Pavlov,18,SEAT,Pavlov,1368,456,3.0,1.0
Pavlov,18,Pavlov,SEAT,1368,456,3.0,1.0
Pavlov,18,TitForTat,TitForTat,744,248,3.0,1.0
Pavlov,18,TitForTat,Grudger,357,119,3.0,1.0
Pavlov,18,Grudger,TitForTat,357,119,3.0,1.0
Pavlov,18,TitForTat,AlwaysDefect,120,128,0.9375,0.0625
Pavlov,18,AlwaysDefect,TitForTat,160,128,1.25,0.0
Pavlov,18,TitForTat,Random,240,105,2.2857142857142856,0.6
Pavlov,18,Random,TitForTat,260,105,2.4761904761904763,0.5619047619047619
Pavlov,18,TitForTat,Pavlov,540,180,3.0,1.0
Pavlov,18,Pavlov,TitForTat,540,180,3.0,1.0
Pavlov,18,Grudger,Grudger,48,16,3.0,1.0
Pavlov,18,Grudger,AlwaysDefect,70,74,0.9459459459459459,0.05405405405405406
Pavlov,18,AlwaysDefect,Grudger,90,74,1.2162162162162162,0.0
Pavlov,18,Grudger,Random,69,23,3.0,0.30434782608695654
Pavlov,18,Random,Grudger,34,23,1.4782608695652173,0.6086956521739131
Pavlov,18,Grudger,Pavlov,351,117,3.0,1.0
Pavlov,18,Pavlov,Grudger,351,117,3.0,1.0
Pavlov,18,AlwaysDefect,AlwaysDefect,60,60,1.0,0.0
Pavlov,18,AlwaysDefect,Random,316,120,2.6333333333333333,0.0
Pavlov,18,Random,AlwaysDefect,71,120,0.5916666666666667,0.4083333333333333
Pavlov,18,AlwaysDefect,Pavlov,161,53,3.0377358490566038,0.0
Pavlov,18,Pavlov,AlwaysDefect,26,53,0.49056603773584906,0.5094339622641509
Pavlov,18,Random,Random,129,60,2.15,0.45
Pavlov,18,Random,Pavlov,198,82,2.4146341463414633,0.45121951219512196
Pavlov,18,Pavlov,Random,168,82,2.048780487804878,0.524390243902439
Pavlov,18,Pavlov,Pavlov,180,60,3.0,1.0
Pavlov,19,SEAT,SEAT,7944,2648,3.0,1.0
Pavlov,19,SEAT,TitForTat,3006,1002,3.0,1.0
Pavlov,19,TitForTat,SEAT,3006,1002,3.0,1.0
Pavlov,19,SEAT,Grudger,1308,436,3.0,1.0
Pavlov,19,Grudger,SEAT,1308,436,3.0,1.0
Pavlov,19,SEAT,AlwaysDefect,247,502,0.49203187250996017,0.5079681274900398
Pavlov,19,AlwaysDefect,SEAT,1522,502,3.0318725099601593,0.0
Pavlov,19,SEAT,Random,896,407,2.2014742014742015,0.5528255528255528
Pavlov,19,Random,SEAT,981,407,2.4103194103194103,0.5110565110565111
Pavlov,19,SEAT,Pavlov,1362,454,3.0,1.0
Pavlov,19,Pavlov,SEAT,1362,454,3.0,1.0
Pavlov,19,TitForTat,TitForTat,756,252,3.0,1.0
Pavlov,19,TitForTat,Grudger,558,186,3.0,1.0
Pavlov,19,Grudger,TitForTat,558,186,3.0,1.0
Pavlov,19,TitForTat,AlwaysDefect,187,195,0.958974358974359,0.041025641025641026
Pavlov,19,AlwaysDefect,TitForTat,227,195,1.1641025641025642,0.0
Pavlov,19,TitForTat,Random,339,151,2.2450331125827816,0.543046357615894
Pavlov,19,Random,TitForTat,364,151,2.410596026490066,0.5099337748344371
Pavlov,19,TitForTat,Pavlov,525,175,3.0,1.0
Pavlov,19,Pavlov,TitForTat,525,175,3.0,1.0
Pavlov,19,Grudger,Grudger,12,4,3.0,1.0
Pavlov,19,Grudger,AlwaysDefect,54,58,0.9310344827586207,0.06896551724137931
Pavlov,19,AlwaysDefect,Grudger,74,58,1.2758620689655173,0.0
Pavlov,19,Grudger,Random,239,71,3.3661971830985915,0.056338028169014086
Pavlov,19,Random,Grudger,44,71,0.6197183098591549,0.6056338028169014
Pavlov,19,Grudger,Pavlov,156,52,3.0,1.0
Pavlov,19,Pavlov,Grudger,156,52,3.0,1.0
Pavlov,19,AlwaysDefect,AlwaysDefect,60,60,1.0,0.0
Pavlov,19,AlwaysDefect,Random,329,109,3.018348623853211,0.0
Pavlov,19,Random,AlwaysDefect,54,109,0.4954128440366973,0.5045871559633027
Pavlov,19,AlwaysDefect,Pavlov,329,109,3.018348623853211,0.0
Pavlov,19,Pavlov,AlwaysDefect,54,109,0.4954128440366973,0.5045871559633027
Pavlov,19,Random,Random,22,8,2.75,0.75
Pavlov,19,Random,Pavlov,142,57,2.491228070175439,0.543859649122807
Pavlov,19,Pavlov,Random,127,57,2.2280701754385963,0.5964912280701754
Pavlov,19,Pavlov,Pavlov,90,30,3.0,1.0
Pavlov,20,SEAT,SEAT,7992,2664,3.0,1.0
Pavlov,20,SEAT,TitForTat,2895,965,3.0,1.0
Pavlov,20,TitForTat,SEAT,2895,965,3.0,1.0
Pavlov,20,SEAT,Grudger,1416,472,3.0,1.0
Pavlov,20,Grudger,SEAT,1416,472,3.0,1.0
Pavlov,20,SEAT,AlwaysDefect,217,440,0.49318181818181817,0.5068181818181818
Pavlov,20,AlwaysDefect,SEAT,1332,440,3.0272727272727273,0.0
Pavlov,20,SEAT,Random,1042,472,2.207627118644068,0.5466101694915254
Pavlov,20,Random,SEAT,1122,472,2.3771186440677967,0.5127118644067796
Pavlov,20,SEAT,Pavlov,1434,478,3.0,1.0
Pavlov,20,Pavlov,SEAT,1434,478,3.0,1.0
Pavlov,20,TitForTat,TitForTat,594,198,3.0,1.0
Pavlov,20,TitForTat,Grudger,534,178,3.0,1.0
Pavlov,20,Grudger,TitForTat,534,178,3.0,1.0
Pavlov,20,TitForTat,AlwaysDefect,137,145,0.9448275862068966,0.05517241379310345
Pavlov,20,AlwaysDefect,TitForTat,177,145,1.2206896551724138,0.0
Pavlov,20,TitForTat,Random,329,146,2.2534246575342465,0.5273972602739726
Pavlov,20,Random,TitForTat,344,146,2.356164383561644,0.5068493150684932
Pavlov,20,TitForTat,Pavlov,531,177,3.0,1.0
Pavlov,20,Pavlov,TitForTat,531,177,3.0,1.0
Pavlov,20,Grudger,Grudger,108,36,3.0,1.0
Pavlov,20,Grudger,AlwaysDefect,50,54,0.9259259259259259,0.07407407407407407
Pavlov,20,AlwaysDefect,Grudger,70,54,1.2962962962962963,0.0
Pavlov,20,Grudger,Random,192,67,2.8656716417910446,0.07462686567164178
Pavlov,20,Random,Grudger,52,67,0.7761194029850746,0.4925373134328358
Pavlov,20,Grudger,Pavlov,333,111,3.0,1.0
Pavlov,20,Pavlov,Grudger,333,111,3.0,1.0
Pavlov,20,AlwaysDefect,AlwaysDefect,2,2,1.0,0.0
Pavlov,20,AlwaysDefect,Random,193,77,2.5064935064935066,0.0
Pavlov,20,Random,AlwaysDefect,48,77,0.6233766233766234,0.37662337662337664
Pavlov,20,AlwaysDefect,Pavlov,221,73,3.0273972602739727,0.0
Pavlov,20,Pavlov,AlwaysDefect,36,73,0.4931506849315068,0.5068493150684932
Pavlov,20,Random,Random,76,32,2.375,0.5625
Pavlov,20,Random,Pavlov,179,84,2.130952380952381,0.5357142857142857
Pavlov,20,Pavlov,Random,204,84,2.4285714285714284,0.47619047619047616
Pavlov,20,Pavlov,Pavlov,42,14,3.0,1.0
