baseline,seed,seat,seat_type,total_score,rounds,score_per_round
TitForTat,1,0,SEAT,1276,473,2.697674418604651
TitForTat,1,1,SEAT,1364,495,2.7555555555555555
TitForTat,1,2,SEAT,1365,500,2.73
TitForTat,1,3,SEAT,1156,407,2.8402948402948405
TitForTat,1,4,SEAT,1259,468,2.6901709401709404
TitForTat,1,5,SEAT,1224,443,2.762979683972912
TitForTat,1,6,SEAT,1150,426,2.699530516431925
TitForTat,1,7,SEAT,1246,451,2.762749445676275
TitForTat,1,8,SEAT,1177,421,2.795724465558195
TitForTat,1,9,SEAT,1156,420,2.7523809523809524
TitForTat,1,10,SEAT,1246,449,2.775055679287305
TitForTat,1,11,SEAT,1233,433,2.8475750577367207
TitForTat,1,12,TitForTat,1162,424,2.740566037735849
TitForTat,1,13,TitForTat,1153,441,2.614512471655329
TitForTat,1,14,TitForTat,1576,572,2.7552447552447554
TitForTat,1,15,TitForTat,1336,494,2.7044534412955468
TitForTat,1,16,Grudger,1238,434,2.8525345622119818
TitForTat,1,17,Grudger,1375,487,2.8234086242299794
TitForTat,1,18,AlwaysDefect,796,496,1.6048387096774193
TitForTat,1,19,AlwaysDefect,546,394,1.385786802030457
TitForTat,1,20,Random,911,455,2.002197802197802
TitForTat,1,21,Random,927,481,1.9272349272349272
TitForTat,1,22,Pavlov,1194,439,2.7198177676537587
TitForTat,1,23,Pavlov,986,361,2.731301939058172
TitForTat,2,0,SEAT,1270,480,2.6458333333333335
TitForTat,2,1,SEAT,1008,363,2.7768595041322315
TitForTat,2,2,SEAT,1294,453,2.856512141280353
TitForTat,2,3,SEAT,1188,430,2.7627906976744185
TitForTat,2,4,SEAT,1231,454,2.711453744493392
TitForTat,2,5,SEAT,1223,466,2.624463519313305
TitForTat,2,6,SEAT,1073,404,2.655940594059406
TitForTat,2,7,SEAT,1161,430,2.7
TitForTat,2,8,SEAT,1322,480,2.754166666666667
TitForTat,2,9,SEAT,1120,412,2.7184466019417477
TitForTat,2,10,SEAT,1054,406,2.5960591133004924
TitForTat,2,11,SEAT,1196,439,2.724373576309795
TitForTat,2,12,TitForTat,1293,457,2.8293216630196936
TitForTat,2,13,TitForTat,876,326,2.687116564417178
TitForTat,2,14,TitForTat,1189,453,2.6247240618101544
TitForTat,2,15,TitForTat,1416,528,2.6818181818181817
TitForTat,2,16,Grudger,1374,478,2.8744769874476988
TitForTat,2,17,Grudger,1418,498,2.8473895582329316
TitForTat,2,18,AlwaysDefect,543,427,1.2716627634660422
TitForTat,2,19,AlwaysDefect,664,436,1.5229357798165137
TitForTat,2,20,Random,1054,541,1.9482439926062847
TitForTat,2,21,Random,1072,506,2.1185770750988144
TitForTat,2,22,Pavlov,1281,456,2.8092105263157894
TitForTat,2,23,Pavlov,1301,473,2.7505285412262155
TitForTat,3,0,SEAT,995,372,2.674731182795699
TitForTat,3,1,SEAT,1520,526,2.8897338403041823
TitForTat,3,2,SEAT,1468,539,2.7235621521335807
TitForTat,3,3,SEAT,1276,462,2.761904761904762
TitForTat,3,4,SEAT,1343,483,2.780538302277433
TitForTat,3,5,SEAT,1358,499,2.721442885771543
TitForTat,3,6,SEAT,1183,414,2.857487922705314
TitForTat,3,7,SEAT,1343,501,2.68063872255489
TitForTat,3,8,SEAT,1122,396,2.8333333333333335
TitForTat,3,9,SEAT,1056,388,2.7216494845360826
TitForTat,3,10,SEAT,1219,454,2.685022026431718
TitForTat,3,11,SEAT,1272,463,2.7473002159827216
TitForTat,3,12,TitForTat,1282,478,2.6820083682008367
TitForTat,3,13,TitForTat,1206,435,2.7724137931034485
TitForTat,3,14,TitForTat,1167,408,2.860294117647059
TitForTat,3,15,TitForTat,1220,462,2.6406926406926408
TitForTat,3,16,Grudger,1232,430,2.8651162790697673
TitForTat,3,17,Grudger,1063,378,2.812169312169312
TitForTat,3,18,AlwaysDefect,765,445,1.7191011235955056
TitForTat,3,19,AlwaysDefect,752,500,1.504
TitForTat,3,20,Random,1160,510,2.2745098039215685
TitForTat,3,21,Random,1010,484,2.0867768595041323
TitForTat,3,22,Pavlov,1417,535,2.6485981308411213
TitForTat,3,23,Pavlov,1273,482,2.641078838174274
TitForTat,4,0,SEAT,887,337,2.6320474777448073
TitForTat,4,1,SEAT,894,352,2.539772727272727
TitForTat,4,2,SEAT,1205,443,2.7200902934537248
TitForTat,4,3,SEAT,1182,455,2.597802197802198
TitForTat,4,4,SEAT,1436,507,2.8323471400394475
TitForTat,4,5,SEAT,1090,409,2.665036674816626
TitForTat,4,6,SEAT,1117,430,2.597674418604651
TitForTat,4,7,SEAT,1072,388,2.7628865979381443
TitForTat,4,8,SEAT,1115,417,2.673860911270983
TitForTat,4,9,SEAT,1209,427,2.831381733021077
TitForTat,4,10,SEAT,1228,445,2.7595505617977527
TitForTat,4,11,SEAT,1082,393,2.753180661577608
TitForTat,4,12,TitForTat,1314,487,2.6981519507186857
TitForTat,4,13,TitForTat,1351,497,2.7183098591549295
TitForTat,4,14,TitForTat,1391,518,2.6853281853281854
TitForTat,4,15,TitForTat,1223,452,2.7057522123893807
TitForTat,4,16,Grudger,1293,449,2.8797327394209353
TitForTat,4,17,Grudger,1247,455,2.7406593406593407
TitForTat,4,18,AlwaysDefect,749,557,1.3447037701974864
TitForTat,4,19,AlwaysDefect,752,488,1.540983606557377
TitForTat,4,20,Random,982,469,2.093816631130064
TitForTat,4,21,Random,857,408,2.1004901960784315
TitForTat,4,22,Pavlov,1140,431,2.645011600928074
TitForTat,4,23,Pavlov,1164,418,2.784688995215311
TitForTat,5,0,SEAT,1211,461,2.6268980477223427
TitForTat,5,1,SEAT,1261,447,2.821029082774049
TitForTat,5,2,SEAT,1318,485,2.7175257731958764
TitForTat,5,3,SEAT,1213,435,2.788505747126437
TitForTat,5,4,SEAT,1337,496,2.6955645161290325
TitForTat,5,5,SEAT,1459,526,2.773764258555133
TitForTat,5,6,SEAT,1563,572,2.7325174825174825
TitForTat,5,7,SEAT,1099,386,2.8471502590673574
TitForTat,5,8,SEAT,1218,439,2.774487471526196
TitForTat,5,9,SEAT,1166,421,2.7695961995249405
TitForTat,5,10,SEAT,1241,455,2.7274725274725276
TitForTat,5,11,SEAT,1446,519,2.786127167630058
TitForTat,5,12,TitForTat,1236,462,2.675324675324675
TitForTat,5,13,TitForTat,1374,518,2.6525096525096523
TitForTat,5,14,TitForTat,1278,459,2.784313725490196
TitForTat,5,15,TitForTat,1564,557,2.807899461400359
TitForTat,5,16,Grudger,1642,572,2.870629370629371
TitForTat,5,17,Grudger,1020,356,2.865168539325843
TitForTat,5,18,AlwaysDefect,679,447,1.5190156599552573
TitForTat,5,19,AlwaysDefect,782,490,1.5959183673469388
TitForTat,5,20,Random,1024,509,2.011787819253438
TitForTat,5,21,Random,871,453,1.9227373068432672
TitForTat,5,22,Pavlov,883,329,2.683890577507599
TitForTat,5,23,Pavlov,1260,478,2.6359832635983262
TitForTat,6,0,SEAT,1257,461,2.7266811279826464
TitForTat,6,1,SEAT,1129,426,2.6502347417840375
TitForTat,6,2,SEAT,1459,531,2.7476459510357816
TitForTat,6,3,SEAT,1246,453,2.750551876379691
TitForTat,6,4,SEAT,1346,490,2.746938775510204
TitForTat,6,5,SEAT,1365,505,2.702970297029703
TitForTat,6,6,SEAT,1296,489,2.6503067484662575
TitForTat,6,7,SEAT,1269,461,2.752711496746204
TitForTat,6,8,SEAT,1314,469,2.8017057569296377
TitForTat,6,9,SEAT,1181,428,2.7593457943925235
TitForTat,6,10,SEAT,1230,469,2.6226012793176974
TitForTat,6,11,SEAT,1282,473,2.7103594080338267
TitForTat,6,12,TitForTat,1479,538,2.7490706319702602
TitForTat,6,13,TitForTat,1401,498,2.8132530120481927
TitForTat,6,14,TitForTat,1421,523,2.7170172084130018
TitForTat,6,15,TitForTat,1120,396,2.8282828282828283
TitForTat,6,16,Grudger,1242,434,2.8617511520737327
TitForTat,6,17,Grudger,939,325,2.8892307692307693
TitForTat,6,18,AlwaysDefect,850,526,1.6159695817490494
TitForTat,6,19,AlwaysDefect,665,453,1.467991169977925
TitForTat,6,20,Random,1017,494,2.0587044534412957
TitForTat,6,21,Random,1105,564,1.9592198581560283
TitForTat,6,22,Pavlov,1009,387,2.607235142118863
TitForTat,6,23,Pavlov,913,357,2.557422969187675
TitForTat,7,0,SEAT,1330,461,2.8850325379609543
TitForTat,7,1,SEAT,1223,452,2.7057522123893807
TitForTat,7,2,SEAT,1289,455,2.832967032967033
TitForTat,7,3,SEAT,1319,477,2.7651991614255764
TitForTat,7,4,SEAT,1303,484,2.6921487603305785
TitForTat,7,5,SEAT,1276,473,2.697674418604651
TitForTat,7,6,SEAT,1295,448,2.890625
TitForTat,7,7,SEAT,1334,463,2.8812095032397407
TitForTat,7,8,SEAT,1398,513,2.7251461988304095
TitForTat,7,9,SEAT,1198,429,2.7925407925407923
TitForTat,7,10,SEAT,1340,490,2.7346938775510203
TitForTat,7,11,SEAT,1307,470,2.7808510638297874
TitForTat,7,12,TitForTat,1464,530,2.762264150943396
TitForTat,7,13,TitForTat,1487,534,2.784644194756554
TitForTat,7,14,TitForTat,1318,473,2.7864693446088795
TitForTat,7,15,TitForTat,1115,389,2.866323907455013
TitForTat,7,16,Grudger,1378,486,2.8353909465020575
TitForTat,7,17,Grudger,1389,495,2.806060606060606
TitForTat,7,18,AlwaysDefect,579,399,1.4511278195488722
TitForTat,7,19,AlwaysDefect,627,399,1.5714285714285714
TitForTat,7,20,Random,947,445,2.1280898876404493
TitForTat,7,21,Random,1095,524,2.0896946564885495
TitForTat,7,22,Pavlov,1039,371,2.8005390835579513
TitForTat,7,23,Pavlov,1149,446,2.5762331838565022
TitForTat,8,0,SEAT,1383,516,2.6802325581395348
TitForTat,8,1,SEAT,1111,385,2.8857142857142857
TitForTat,8,2,SEAT,1262,445,2.8359550561797753
TitForTat,8,3,SEAT,1218,434,2.806451612903226
TitForTat,8,4,SEAT,1350,499,2.7054108216432864
TitForTat,8,5,SEAT,1323,495,2.672727272727273
TitForTat,8,6,SEAT,1449,516,2.808139534883721
TitForTat,8,7,SEAT,1094,393,2.7837150127226464
TitForTat,8,8,SEAT,1118,429,2.606060606060606
TitForTat,8,9,SEAT,1242,452,2.747787610619469
TitForTat,8,10,SEAT,1492,519,2.8747591522157996
TitForTat,8,11,SEAT,1221,428,2.852803738317757
TitForTat,8,12,TitForTat,1420,499,2.8456913827655312
TitForTat,8,13,TitForTat,1086,412,2.6359223300970873
TitForTat,8,14,TitForTat,1292,444,2.90990990990991
TitForTat,8,15,TitForTat,1527,563,2.7122557726465364
TitForTat,8,16,Grudger,1233,449,2.7461024498886415
TitForTat,8,17,Grudger,1322,472,2.8008474576271185
TitForTat,8,18,AlwaysDefect,598,426,1.403755868544601
TitForTat,8,19,AlwaysDefect,678,426,1.591549295774648
TitForTat,8,20,Random,954,467,2.0428265524625266
TitForTat,8,21,Random,1108,527,2.1024667931688805
TitForTat,8,22,Pavlov,1345,516,2.606589147286822
TitForTat,8,23,Pavlov,1272,460,2.765217391304348
TitForTat,9,0,SEAT,1196,437,2.736842105263158
TitForTat,9,1,SEAT,1242,469,2.64818763326226
TitForTat,9,2,SEAT,1165,420,2.7738095238095237
TitForTat,9,3,SEAT,1317,492,2.676829268292683
TitForTat,9,4,SEAT,1256,470,2.6723404255319148
TitForTat,9,5,SEAT,1231,443,2.778781038374718
TitForTat,9,6,SEAT,1231,448,2.747767857142857
TitForTat,9,7,SEAT,1262,451,2.7982261640798227
TitForTat,9,8,SEAT,1653,586,2.8208191126279862
TitForTat,9,9,SEAT,1137,417,2.726618705035971
TitForTat,9,10,SEAT,1166,436,2.6743119266055047
TitForTat,9,11,SEAT,1202,431,2.788863109048724
TitForTat,9,12,TitForTat,1278,452,2.827433628318584
TitForTat,9,13,TitForTat,1696,617,2.7487844408427877
TitForTat,9,14,TitForTat,1291,462,2.794372294372294
TitForTat,9,15,TitForTat,1266,455,2.7824175824175823
TitForTat,9,16,Grudger,1390,500,2.78
TitForTat,9,17,Grudger,1322,467,2.8308351177730193
TitForTat,9,18,AlwaysDefect,745,505,1.4752475247524752
TitForTat,9,19,AlwaysDefect,715,499,1.4328657314629258
TitForTat,9,20,Random,939,449,2.091314031180401
TitForTat,9,21,Random,983,476,2.0651260504201683
TitForTat,9,22,Pavlov,973,350,2.78
TitForTat,9,23,Pavlov,1414,532,2.6578947368421053
TitForTat,10,0,SEAT,1459,519,2.811175337186898
TitForTat,10,1,SEAT,1142,420,2.719047619047619
TitForTat,10,2,SEAT,1120,403,2.7791563275434243
TitForTat,10,3,SEAT,1231,446,2.7600896860986546
TitForTat,10,4,SEAT,1458,529,2.7561436672967865
TitForTat,10,5,SEAT,992,358,2.7709497206703912
TitForTat,10,6,SEAT,1184,423,2.7990543735224587
TitForTat,10,7,SEAT,1128,421,2.679334916864608
TitForTat,10,8,SEAT,1458,534,2.730337078651685
TitForTat,10,9,SEAT,1207,433,2.787528868360277
TitForTat,10,10,SEAT,1047,396,2.643939393939394
TitForTat,10,11,SEAT,1248,454,2.748898678414097
TitForTat,10,12,TitForTat,1338,487,2.747433264887064
TitForTat,10,13,TitForTat,1180,428,2.7570093457943927
TitForTat,10,14,TitForTat,1213,435,2.788505747126437
TitForTat,10,15,TitForTat,1179,422,2.793838862559242
TitForTat,10,16,Grudger,1350,496,2.721774193548387
TitForTat,10,17,Grudger,1345,463,2.9049676025917925
TitForTat,10,18,AlwaysDefect,620,376,1.648936170212766
TitForTat,10,19,AlwaysDefect,707,519,1.3622350674373795
TitForTat,10,20,Random,860,427,2.0140515222482436
TitForTat,10,21,Random,1003,487,2.059548254620123
TitForTat,10,22,Pavlov,1269,478,2.6548117154811717
TitForTat,10,23,Pavlov,949,336,2.824404761904762
TitForTat,11,0,SEAT,1347,470,2.8659574468085105
TitForTat,11,1,SEAT,1252,453,2.7637969094922736
TitForTat,11,2,SEAT,1366,467,2.925053533190578
TitForTat,11,3,SEAT,1534,553,2.7739602169981916
TitForTat,11,4,SEAT,1071,384,2.7890625
TitForTat,11,5,SEAT,1373,496,2.7681451612903225
TitForTat,11,6,SEAT,1238,428,2.892523364485981
TitForTat,11,7,SEAT,1320,491,2.6883910386965377
TitForTat,11,8,SEAT,1299,479,2.711899791231733
TitForTat,11,9,SEAT,1477,527,2.8026565464895636
TitForTat,11,10,SEAT,1084,413,2.624697336561743
TitForTat,11,11,SEAT,1275,473,2.6955602536997887
TitForTat,11,12,TitForTat,1257,467,2.691648822269807
TitForTat,11,13,TitForTat,1382,502,2.752988047808765
TitForTat,11,14,TitForTat,1242,436,2.8486238532110093
TitForTat,11,15,TitForTat,1325,463,2.861771058315335
TitForTat,11,16,Grudger,1169,433,2.699769053117783
TitForTat,11,17,Grudger,1443,505,2.8574257425742573
TitForTat,11,18,AlwaysDefect,655,407,1.6093366093366093
TitForTat,11,19,AlwaysDefect,678,470,1.4425531914893617
TitForTat,11,20,Random,1000,496,2.0161290322580645
TitForTat,11,21,Random,1089,513,2.1228070175438596
TitForTat,11,22,Pavlov,1373,486,2.825102880658436
TitForTat,11,23,Pavlov,1269,488,2.6004098360655736
TitForTat,12,0,SEAT,1305,478,2.7301255230125525
TitForTat,12,1,SEAT,1456,513,2.8382066276803117
TitForTat,12,2,SEAT,1400,503,2.783300198807157
TitForTat,12,3,SEAT,1544,549,2.8123861566484516
TitForTat,12,4,SEAT,1107,413,2.6803874092009687
TitForTat,12,5,SEAT,1424,506,2.814229249011858
TitForTat,12,6,SEAT,1166,432,2.699074074074074
TitForTat,12,7,SEAT,1328,475,2.7957894736842106
TitForTat,12,8,SEAT,1187,450,2.637777777777778
TitForTat,12,9,SEAT,1205,442,2.726244343891403
TitForTat,12,10,SEAT,852,323,2.637770897832817
TitForTat,12,11,SEAT,1375,486,2.8292181069958846
TitForTat,12,12,TitForTat,1209,420,2.8785714285714286
TitForTat,12,13,TitForTat,1334,492,2.7113821138211383
TitForTat,12,14,TitForTat,1289,476,2.707983193277311
TitForTat,12,15,TitForTat,1266,450,2.8133333333333335
TitForTat,12,16,Grudger,1415,487,2.9055441478439423
TitForTat,12,17,Grudger,1390,490,2.836734693877551
TitForTat,12,18,AlwaysDefect,684,444,1.5405405405405406
TitForTat,12,19,AlwaysDefect,629,389,1.6169665809768639
TitForTat,12,20,Random,943,498,1.893574297188755
TitForTat,12,21,Random,960,493,1.947261663286004
TitForTat,12,22,Pavlov,1343,481,2.7920997920997923
TitForTat,12,23,Pavlov,1223,442,2.766968325791855
TitForTat,13,0,SEAT,1371,488,2.8094262295081966
TitForTat,13,1,SEAT,1385,505,2.742574257425743
TitForTat,13,2,SEAT,1093,388,2.8170103092783507
TitForTat,13,3,SEAT,1150,421,2.7315914489311166
TitForTat,13,4,SEAT,1432,535,2.6766355140186917
TitForTat,13,5,SEAT,1222,443,2.7584650112866815
TitForTat,13,6,SEAT,1292,465,2.778494623655914
TitForTat,13,7,SEAT,1341,489,2.7423312883435584
TitForTat,13,8,SEAT,1463,535,2.7345794392523364
TitForTat,13,9,SEAT,1084,388,2.7938144329896906
TitForTat,13,10,SEAT,1225,438,2.7968036529680367
TitForTat,13,11,SEAT,1070,390,2.7435897435897436
TitForTat,13,12,TitForTat,1202,444,2.7072072072072073
TitForTat,13,13,TitForTat,1247,466,2.6759656652360513
TitForTat,13,14,TitForTat,934,331,2.821752265861027
TitForTat,13,15,TitForTat,1382,510,2.7098039215686276
TitForTat,13,16,Grudger,1292,464,2.7844827586206895
TitForTat,13,17,Grudger,1424,504,2.8253968253968256
TitForTat,13,18,AlwaysDefect,680,456,1.4912280701754386
TitForTat,13,19,AlwaysDefect,706,434,1.6267281105990783
TitForTat,13,20,Random,969,493,1.9655172413793103
TitForTat,13,21,Random,1075,537,2.001862197392924
TitForTat,13,22,Pavlov,918,364,2.521978021978022
TitForTat,13,23,Pavlov,1504,544,2.764705882352941
TitForTat,14,0,SEAT,1162,414,2.8067632850241546
TitForTat,14,1,SEAT,1054,378,2.7883597883597884
TitForTat,14,2,SEAT,1298,470,2.7617021276595746
TitForTat,14,3,SEAT,1364,487,2.8008213552361396
TitForTat,14,4,SEAT,1292,457,2.8271334792122538
TitForTat,14,5,SEAT,1261,466,2.7060085836909873
TitForTat,14,6,SEAT,1204,452,2.663716814159292
TitForTat,14,7,SEAT,1216,440,2.7636363636363637
TitForTat,14,8,SEAT,1204,438,2.7488584474885847
TitForTat,14,9,SEAT,1574,574,2.7421602787456445
TitForTat,14,10,SEAT,1179,409,2.882640586797066
TitForTat,14,11,SEAT,1317,460,2.8630434782608694
TitForTat,14,12,TitForTat,1442,520,2.773076923076923
TitForTat,14,13,TitForTat,1235,464,2.6616379310344827
TitForTat,14,14,TitForTat,1171,415,2.8216867469879516
TitForTat,14,15,TitForTat,1064,380,2.8
TitForTat,14,16,Grudger,1183,435,2.7195402298850575
TitForTat,14,17,Grudger,1329,483,2.751552795031056
TitForTat,14,18,AlwaysDefect,599,399,1.5012531328320802
TitForTat,14,19,AlwaysDefect,783,495,1.5818181818181818
TitForTat,14,20,Random,837,410,2.0414634146341464
TitForTat,14,21,Random,1032,495,2.084848484848485
TitForTat,14,22,Pavlov,1226,462,2.653679653679654
TitForTat,14,23,Pavlov,1018,385,2.6441558441558444
TitForTat,15,0,SEAT,1363,505,2.699009900990099
TitForTat,15,1,SEAT,1266,474,2.670886075949367
TitForTat,15,2,SEAT,1259,471,2.673036093418259
TitForTat,15,3,SEAT,1343,487,2.757700205338809
TitForTat,15,4,SEAT,1113,397,2.8035264483627205
TitForTat,15,5,SEAT,1256,465,2.7010752688172044
TitForTat,15,6,SEAT,1451,538,2.697026022304833
TitForTat,15,7,SEAT,1261,466,2.7060085836909873
TitForTat,15,8,SEAT,1313,471,2.7876857749469215
TitForTat,15,9,SEAT,1327,493,2.691683569979716
TitForTat,15,10,SEAT,1308,453,2.8874172185430464
TitForTat,15,11,SEAT,1467,534,2.747191011235955
TitForTat,15,12,TitForTat,1361,510,2.668627450980392
TitForTat,15,13,TitForTat,1201,439,2.735763097949886
TitForTat,15,14,TitForTat,1447,516,2.804263565891473
TitForTat,15,15,TitForTat,1239,443,2.7968397291196387
TitForTat,15,16,Grudger,1396,516,2.705426356589147
TitForTat,15,17,Grudger,1082,390,2.7743589743589743
TitForTat,15,18,AlwaysDefect,832,572,1.4545454545454546
TitForTat,15,19,AlwaysDefect,766,506,1.5138339920948616
TitForTat,15,20,Random,1029,499,2.062124248496994
TitForTat,15,21,Random,1106,526,2.102661596958175
TitForTat,15,22,Pavlov,1289,460,2.8021739130434784
TitForTat,15,23,Pavlov,1401,531,2.638418079096045
TitForTat,16,0,SEAT,1159,433,2.676674364896074
TitForTat,16,1,SEAT,1142,428,2.6682242990654204
TitForTat,16,2,SEAT,1599,560,2.8553571428571427
TitForTat,16,3,SEAT,1281,464,2.7607758620689653
TitForTat,16,4,SEAT,1091,397,2.748110831234257
TitForTat,16,5,SEAT,1219,445,2.7393258426966294
TitForTat,16,6,SEAT,1033,363,2.8457300275482096
TitForTat,16,7,SEAT,1019,384,2.6536458333333335
TitForTat,16,8,SEAT,1395,504,2.767857142857143
TitForTat,16,9,SEAT,1407,500,2.814
TitForTat,16,10,SEAT,1081,382,2.829842931937173
TitForTat,16,11,SEAT,1217,453,2.686534216335541
TitForTat,16,12,TitForTat,1317,458,2.8755458515283845
TitForTat,16,13,TitForTat,1434,494,2.902834008097166
TitForTat,16,14,TitForTat,1585,557,2.845601436265709
TitForTat,16,15,TitForTat,1318,497,2.651911468812877
TitForTat,16,16,Grudger,1300,459,2.832244008714597
TitForTat,16,17,Grudger,1342,490,2.7387755102040816
TitForTat,16,18,AlwaysDefect,616,404,1.5247524752475248
TitForTat,16,19,AlwaysDefect,630,418,1.507177033492823
TitForTat,16,20,Random,955,437,2.185354691075515
TitForTat,16,21,Random,935,464,2.0150862068965516
TitForTat,16,22,Pavlov,1232,449,2.7438752783964366
TitForTat,16,23,Pavlov,1269,474,2.6772151898734178
TitForTat,17,0,SEAT,1476,551,2.678765880217786
TitForTat,17,1,SEAT,1263,456,2.7697368421052633
TitForTat,17,2,SEAT,1200,431,2.7842227378190256
TitForTat,17,3,SEAT,1267,448,2.828125
TitForTat,17,4,SEAT,1253,442,2.834841628959276
TitForTat,17,5,SEAT,971,376,2.5824468085106385
TitForTat,17,6,SEAT,1604,579,2.7702936096718482
TitForTat,17,7,SEAT,1232,444,2.774774774774775
TitForTat,17,8,SEAT,1188,426,2.788732394366197
TitForTat,17,9,SEAT,1282,466,2.7510729613733904
TitForTat,17,10,SEAT,1091,400,2.7275
TitForTat,17,11,SEAT,1256,453,2.772626931567329
TitForTat,17,12,TitForTat,1694,600,2.8233333333333333
TitForTat,17,13,TitForTat,1293,481,2.688149688149688
TitForTat,17,14,TitForTat,1596,579,2.756476683937824
TitForTat,17,15,TitForTat,1239,461,2.6876355748373104
TitForTat,17,16,Grudger,1332,458,2.908296943231441
TitForTat,17,17,Grudger,1116,400,2.79
TitForTat,17,18,AlwaysDefect,729,477,1.528301886792453
TitForTat,17,19,AlwaysDefect,698,450,1.551111111111111
TitForTat,17,20,Random,1316,620,2.1225806451612903
TitForTat,17,21,Random,1039,545,1.9064220183486238
TitForTat,17,22,Pavlov,1150,427,2.693208430913349
TitForTat,17,23,Pavlov,1233,468,2.6346153846153846
TitForTat,18,0,SEAT,1225,444,2.759009009009009
TitForTat,18,1,SEAT,1079,405,2.6641975308641976
TitForTat,18,2,SEAT,1388,492,2.821138211382114
TitForTat,18,3,SEAT,1263,468,2.698717948717949
TitForTat,18,4,SEAT,1279,464,2.7564655172413794
TitForTat,18,5,SEAT,1438,516,2.7868217054263567
TitForTat,18,6,SEAT,1365,506,2.697628458498024
TitForTat,18,7,SEAT,1346,495,2.7191919191919194
TitForTat,18,8,SEAT,1223,449,2.7238307349665924
TitForTat,18,9,SEAT,1123,413,2.719128329297821
TitForTat,18,10,SEAT,1126,413,2.7263922518159807
TitForTat,18,11,SEAT,914,344,2.6569767441860463
TitForTat,18,12,TitForTat,1174,435,2.698850574712644
TitForTat,18,13,TitForTat,1357,490,2.769387755102041
TitForTat,18,14,TitForTat,1392,517,2.6924564796905224
TitForTat,18,15,TitForTat,1276,457,2.7921225382932167
TitForTat,18,16,Grudger,1331,469,2.837953091684435
TitForTat,18,17,Grudger,1283,451,2.844789356984479
TitForTat,18,18,AlwaysDefect,723,507,1.4260355029585798
TitForTat,18,19,AlwaysDefect,863,543,1.5893186003683242
TitForTat,18,20,Random,950,481,1.975051975051975
TitForTat,18,21,Random,906,446,2.031390134529148
TitForTat,18,22,Pavlov,1202,444,2.7072072072072073
TitForTat,18,23,Pavlov,1104,407,2.7125307125307123
TitForTat,19,0,SEAT,1326,471,2.8152866242038215
TitForTat,19,1,SEAT,1374,509,2.699410609037328
TitForTat,19,2,SEAT,1333,466,2.8605150214592276
TitForTat,19,3,SEAT,1257,463,2.714902807775378
TitForTat,19,4,SEAT,1416,523,2.707456978967495
TitForTat,19,5,SEAT,1346,497,2.7082494969818915
TitForTat,19,6,SEAT,1016,362,2.8066298342541436
TitForTat,19,7,SEAT,1171,432,2.7106481481481484
TitForTat,19,8,SEAT,1228,459,2.6753812636165577
TitForTat,19,9,SEAT,1129,414,2.7270531400966185
TitForTat,19,10,SEAT,1434,513,2.7953216374269005
TitForTat,19,11,SEAT,1302,481,2.7068607068607067
TitForTat,19,12,TitForTat,1359,500,2.718
TitForTat,19,13,TitForTat,1354,498,2.718875502008032
TitForTat,19,14,TitForTat,1329,484,2.7458677685950414
TitForTat,19,15,TitForTat,1281,455,2.8153846153846156
TitForTat,19,16,Grudger,1437,509,2.8231827111984282
TitForTat,19,17,Grudger,1386,482,2.87551867219917
TitForTat,19,18,AlwaysDefect,661,473,1.397463002114165
TitForTat,19,19,AlwaysDefect,663,467,1.4197002141327624
TitForTat,19,20,Random,959,430,2.230232558139535
TitForTat,19,21,Random,878,421,2.0855106888361044
TitForTat,19,22,Pavlov,1202,425,2.828235294117647
TitForTat,19,23,Pavlov,1126,430,2.6186046511627907
TitForTat,20,0,SEAT,1044,390,2.6769230769230767
TitForTat,20,1,SEAT,1217,419,2.9045346062052504
TitForTat,20,2,SEAT,1369,505,2.710891089108911
TitForTat,20,3,SEAT,1286,453,2.8388520971302427
TitForTat,20,4,SEAT,1313,478,2.7468619246861925
TitForTat,20,5,SEAT,1212,455,2.6637362637362636
TitForTat,20,6,SEAT,1145,409,2.7995110024449876
TitForTat,20,7,SEAT,1305,468,2.7884615384615383
TitForTat,20,8,SEAT,1134,424,2.6745283018867925
TitForTat,20,9,SEAT,1276,469,2.720682302771855
TitForTat,20,10,SEAT,1321,480,2.752083333333333
TitForTat,20,11,SEAT,1312,462,2.83982683982684
TitForTat,20,12,TitForTat,1150,436,2.6376146788990824
TitForTat,20,13,TitForTat,1347,486,2.771604938271605
TitForTat,20,14,TitForTat,1446,508,2.8464566929133857
TitForTat,20,15,TitForTat,1137,414,2.746376811594203
TitForTat,20,16,Grudger,1268,452,2.8053097345132745
TitForTat,20,17,Grudger,1229,455,2.7010989010989013
TitForTat,20,18,AlwaysDefect,626,446,1.4035874439461884
TitForTat,20,19,AlwaysDefect,687,455,1.5098901098901099
TitForTat,20,20,Random,941,446,2.109865470852018
TitForTat,20,21,Random,940,446,2.10762331838565
TitForTat,20,22,Pavlov,1170,432,2.7083333333333335
TitForTat,20,23,Pavlov,1441,498,2.893574297188755
Random,1,0,SEAT,1077,520,2.0711538461538463
Random,1,1,SEAT,969,444,2.1824324324324325
Random,1,2,SEAT,969,500,1.938
Random,1,3,SEAT,976,482,2.024896265560166
Random,1,4,SEAT,993,500,1.986
Random,1,5,SEAT,1020,515,1.9805825242718447
Random,1,6,SEAT,835,466,1.7918454935622317
Random,1,7,SEAT,898,499,1.7995991983967936
Random,1,8,SEAT,794,458,1.7336244541484715
Random,1,9,SEAT,946,475,1.9915789473684211
Random,1,10,SEAT,871,447,1.948545861297539
Random,1,11,SEAT,739,367,2.0136239782016347
Random,1,12,TitForTat,1102,463,2.3801295896328294
Random,1,13,TitForTat,1097,469,2.3390191897654584
Random,1,14,TitForTat,1076,478,2.2510460251046025
Random,1,15,TitForTat,1131,470,2.4063829787234043
Random,1,16,Grudger,1214,442,2.746606334841629
Random,1,17,Grudger,1589,551,2.8838475499092557
Random,1,18,AlwaysDefect,1014,438,2.315068493150685
Random,1,19,AlwaysDefect,1221,453,2.6953642384105962
Random,1,20,Random,1160,535,2.1682242990654204
Random,1,21,Random,947,483,1.9606625258799173
Random,1,22,Pavlov,718,341,2.1055718475073313
Random,1,23,Pavlov,906,364,2.489010989010989
Random,2,0,SEAT,1038,513,2.0233918128654973
Random,2,1,SEAT,995,525,1.8952380952380952
Random,2,2,SEAT,1027,531,1.9340866290018832
Random,2,3,SEAT,905,430,2.104651162790698
Random,2,4,SEAT,880,443,1.9864559819413092
Random,2,5,SEAT,833,411,2.0267639902676398
Random,2,6,SEAT,641,366,1.7513661202185793
Random,2,7,SEAT,960,433,2.2170900692840645
Random,2,8,SEAT,760,398,1.9095477386934674
Random,2,9,SEAT,1087,500,2.174
Random,2,10,SEAT,766,355,2.1577464788732392
Random,2,11,SEAT,890,427,2.0843091334894615
Random,2,12,TitForTat,946,416,2.2740384615384617
Random,2,13,TitForTat,909,393,2.312977099236641
Random,2,14,TitForTat,920,419,2.195704057279236
Random,2,15,TitForTat,1075,450,2.388888888888889
Random,2,16,Grudger,1172,422,2.7772511848341233
Random,2,17,Grudger,1171,427,2.7423887587822016
Random,2,18,AlwaysDefect,1151,471,2.4437367303609343
Random,2,19,AlwaysDefect,1124,480,2.341666666666667
Random,2,20,Random,713,350,2.037142857142857
Random,2,21,Random,1030,529,1.947069943289225
Random,2,22,Pavlov,1030,453,2.273730684326711
Random,2,23,Pavlov,1035,468,2.2115384615384617
Random,3,0,SEAT,780,392,1.989795918367347
Random,3,1,SEAT,741,416,1.78125
Random,3,2,SEAT,992,490,2.024489795918367
Random,3,3,SEAT,933,508,1.8366141732283465
Random,3,4,SEAT,804,457,1.7592997811816193
Random,3,5,SEAT,783,402,1.9477611940298507
Random,3,6,SEAT,970,492,1.9715447154471544
Random,3,7,SEAT,901,432,2.0856481481481484
Random,3,8,SEAT,918,433,2.120092378752887
Random,3,9,SEAT,680,367,1.8528610354223434
Random,3,10,SEAT,1006,499,2.0160320641282565
Random,3,11,SEAT,656,334,1.964071856287425
Random,3,12,TitForTat,1009,436,2.3142201834862384
Random,3,13,TitForTat,812,357,2.2745098039215685
Random,3,14,TitForTat,1124,480,2.341666666666667
Random,3,15,TitForTat,862,395,2.1822784810126583
Random,3,16,Grudger,1290,476,2.7100840336134455
Random,3,17,Grudger,1288,463,2.7818574514038876
Random,3,18,AlwaysDefect,1247,491,2.539714867617108
Random,3,19,AlwaysDefect,1368,528,2.590909090909091
Random,3,20,Random,893,451,1.9800443458980044
Random,3,21,Random,898,435,2.064367816091954
Random,3,22,Pavlov,971,479,2.0271398747390394
Random,3,23,Pavlov,865,383,2.258485639686684
Random,4,0,SEAT,823,426,1.931924882629108
Random,4,1,SEAT,862,422,2.042654028436019
Random,4,2,SEAT,854,464,1.8405172413793103
Random,4,3,SEAT,904,470,1.9234042553191488
Random,4,4,SEAT,847,384,2.2057291666666665
Random,4,5,SEAT,968,487,1.9876796714579055
Random,4,6,SEAT,884,409,2.161369193154034
Random,4,7,SEAT,837,432,1.9375
Random,4,8,SEAT,1034,486,2.1275720164609053
Random,4,9,SEAT,830,418,1.985645933014354
Random,4,10,SEAT,910,458,1.9868995633187774
Random,4,11,SEAT,792,427,1.85480093676815
Random,4,12,TitForTat,905,371,2.439353099730458
Random,4,13,TitForTat,1044,444,2.3513513513513513
Random,4,14,TitForTat,1015,437,2.322654462242563
Random,4,15,TitForTat,1018,420,2.4238095238095236
Random,4,16,Grudger,1258,464,2.711206896551724
Random,4,17,Grudger,1459,521,2.800383877159309
Random,4,18,AlwaysDefect,1084,440,2.463636363636364
Random,4,19,AlwaysDefect,1251,527,2.3738140417457307
Random,4,20,Random,875,475,1.8421052631578947
Random,4,21,Random,896,470,1.9063829787234043
Random,4,22,Pavlov,1121,478,2.3451882845188283
Random,4,23,Pavlov,1372,590,2.3254237288135595
Random,5,0,SEAT,1082,516,2.0968992248062017
Random,5,1,SEAT,833,417,1.9976019184652278
Random,5,2,SEAT,960,470,2.0425531914893615
Random,5,3,SEAT,1145,581,1.9707401032702236
Random,5,4,SEAT,655,394,1.6624365482233503
Random,5,5,SEAT,1004,510,1.968627450980392
Random,5,6,SEAT,893,461,1.9370932754880694
Random,5,7,SEAT,1101,561,1.9625668449197862
Random,5,8,SEAT,879,415,2.1180722891566264
Random,5,9,SEAT,835,411,2.0316301703163018
Random,5,10,SEAT,779,402,1.9378109452736318
Random,5,11,SEAT,853,430,1.9837209302325582
Random,5,12,TitForTat,1075,469,2.2921108742004264
Random,5,13,TitForTat,1076,465,2.313978494623656
Random,5,14,TitForTat,1242,522,2.3793103448275863
Random,5,15,TitForTat,892,413,2.1598062953995156
Random,5,16,Grudger,1396,495,2.82020202020202
Random,5,17,Grudger,1429,509,2.807465618860511
Random,5,18,AlwaysDefect,1283,519,2.4720616570327554
Random,5,19,AlwaysDefect,1299,527,2.4648956356736242
Random,5,20,Random,952,488,1.9508196721311475
Random,5,21,Random,902,500,1.804
Random,5,22,Pavlov,1124,514,2.186770428015564
Random,5,23,Pavlov,735,341,2.155425219941349
Random,6,0,SEAT,845,442,1.911764705882353
Random,6,1,SEAT,927,443,2.0925507900677203
Random,6,2,SEAT,773,404,1.9133663366336633
Random,6,3,SEAT,1094,512,2.13671875
Random,6,4,SEAT,1245,610,2.040983606557377
Random,6,5,SEAT,811,396,2.047979797979798
Random,6,6,SEAT,1068,531,2.0112994350282487
Random,6,7,SEAT,916,454,2.0176211453744495
Random,6,8,SEAT,682,379,1.799472295514512
Random,6,9,SEAT,906,480,1.8875
Random,6,10,SEAT,840,378,2.2222222222222223
Random,6,11,SEAT,978,527,1.8557874762808348
Random,6,12,TitForTat,1149,500,2.298
Random,6,13,TitForTat,1317,566,2.3268551236749118
Random,6,14,TitForTat,958,416,2.3028846153846154
Random,6,15,TitForTat,1031,449,2.2962138084632517
Random,6,16,Grudger,1204,446,2.6995515695067263
Random,6,17,Grudger,1366,480,2.845833333333333
Random,6,18,AlwaysDefect,944,404,2.3366336633663365
Random,6,19,AlwaysDefect,1310,546,2.399267399267399
Random,6,20,Random,1046,517,2.02321083172147
Random,6,21,Random,957,501,1.910179640718563
Random,6,22,Pavlov,1217,498,2.4437751004016066
Random,6,23,Pavlov,874,427,2.0468384074941453
Random,7,0,SEAT,1091,579,1.8842832469775475
Random,7,1,SEAT,783,416,1.8822115384615385
Random,7,2,SEAT,919,438,2.098173515981735
Random,7,3,SEAT,950,493,1.9269776876267748
Random,7,4,SEAT,793,401,1.9775561097256857
Random,7,5,SEAT,848,462,1.8354978354978355
Random,7,6,SEAT,953,452,2.1084070796460175
Random,7,7,SEAT,968,509,1.9017681728880158
Random,7,8,SEAT,719,403,1.784119106699752
Random,7,9,SEAT,913,429,2.128205128205128
Random,7,10,SEAT,930,483,1.9254658385093169
Random,7,11,SEAT,932,445,2.09438202247191
Random,7,12,TitForTat,1109,470,2.3595744680851065
Random,7,13,TitForTat,1092,461,2.368763557483731
Random,7,14,TitForTat,1171,473,2.47568710359408
Random,7,15,TitForTat,1114,490,2.273469387755102
Random,7,16,Grudger,1067,411,2.5961070559610704
Random,7,17,Grudger,1126,396,2.8434343434343434
Random,7,18,AlwaysDefect,1165,437,2.665903890160183
Random,7,19,AlwaysDefect,1408,540,2.6074074074074076
Random,7,20,Random,988,530,1.8641509433962264
Random,7,21,Random,820,421,1.9477434679334917
Random,7,22,Pavlov,1145,487,2.351129363449692
Random,7,23,Pavlov,1086,466,2.3304721030042916
Random,8,0,SEAT,894,449,1.9910913140311803
Random,8,1,SEAT,892,470,1.897872340425532
Random,8,2,SEAT,1036,504,2.0555555555555554
Random,8,3,SEAT,926,489,1.8936605316973416
Random,8,4,SEAT,916,449,2.0400890868596884
Random,8,5,SEAT,983,516,1.9050387596899225
Random,8,6,SEAT,920,485,1.8969072164948453
Random,8,7,SEAT,904,466,1.9399141630901287
Random,8,8,SEAT,1075,556,1.933453237410072
Random,8,9,SEAT,932,477,1.9538784067085955
Random,8,10,SEAT,566,302,1.8741721854304636
Random,8,11,SEAT,944,475,1.9873684210526317
Random,8,12,TitForTat,1067,444,2.4031531531531534
Random,8,13,TitForTat,1063,468,2.2713675213675213
Random,8,14,TitForTat,1172,480,2.441666666666667
Random,8,15,TitForTat,1298,563,2.30550621669627
Random,8,16,Grudger,1331,474,2.808016877637131
Random,8,17,Grudger,1364,492,2.772357723577236
Random,8,18,AlwaysDefect,1264,532,2.3759398496240602
Random,8,19,AlwaysDefect,1199,463,2.58963282937365
Random,8,20,Random,785,358,2.1927374301675977
Random,8,21,Random,1100,507,2.1696252465483234
Random,8,22,Pavlov,1100,478,2.301255230125523
Random,8,23,Pavlov,1215,501,2.4251497005988023
Random,9,0,SEAT,962,477,2.0167714884696015
Random,9,1,SEAT,901,480,1.8770833333333334
Random,9,2,SEAT,1106,552,2.003623188405797
Random,9,3,SEAT,958,497,1.9275653923541247
Random,9,4,SEAT,1016,494,2.0566801619433197
Random,9,5,SEAT,965,477,2.0230607966457024
Random,9,6,SEAT,868,449,1.933184855233853
Random,9,7,SEAT,920,459,2.0043572984749454
Random,9,8,SEAT,1048,528,1.9848484848484849
Random,9,9,SEAT,819,413,1.9830508474576272
Random,9,10,SEAT,961,457,2.1028446389496716
Random,9,11,SEAT,913,496,1.840725806451613
Random,9,12,TitForTat,986,415,2.3759036144578314
Random,9,13,TitForTat,1282,555,2.30990990990991
Random,9,14,TitForTat,1212,516,2.3488372093023258
Random,9,15,TitForTat,1145,488,2.346311475409836
Random,9,16,Grudger,1306,462,2.826839826839827
Random,9,17,Grudger,1197,455,2.6307692307692307
Random,9,18,AlwaysDefect,1305,513,2.543859649122807
Random,9,19,AlwaysDefect,1001,425,2.355294117647059
Random,9,20,Random,798,413,1.9322033898305084
Random,9,21,Random,813,420,1.9357142857142857
Random,9,22,Pavlov,1179,485,2.430927835051546
Random,9,23,Pavlov,877,376,2.3324468085106385
Random,10,0,SEAT,981,486,2.0185185185185186
Random,10,1,SEAT,1183,543,2.1786372007366483
Random,10,2,SEAT,1027,480,2.1395833333333334
Random,10,3,SEAT,1161,590,1.9677966101694915
Random,10,4,SEAT,1106,510,2.168627450980392
Random,10,5,SEAT,890,486,1.831275720164609
Random,10,6,SEAT,681,334,2.038922155688623
Random,10,7,SEAT,1163,538,2.1617100371747213
Random,10,8,SEAT,805,408,1.9730392156862746
Random,10,9,SEAT,751,398,1.8869346733668342
Random,10,10,SEAT,881,455,1.9362637362637363
Random,10,11,SEAT,942,488,1.930327868852459
Random,10,12,TitForTat,807,357,2.2605042016806722
Random,10,13,TitForTat,924,418,2.210526315789474
Random,10,14,TitForTat,1076,465,2.313978494623656
Random,10,15,TitForTat,1372,586,2.3412969283276452
Random,10,16,Grudger,1152,428,2.691588785046729
Random,10,17,Grudger,1155,435,2.6551724137931036
Random,10,18,AlwaysDefect,1404,568,2.471830985915493
Random,10,19,AlwaysDefect,1040,416,2.5
Random,10,20,Random,847,418,2.026315789473684
Random,10,21,Random,792,425,1.8635294117647059
Random,10,22,Pavlov,921,429,2.1468531468531467
Random,10,23,Pavlov,877,417,2.1031175059952036
Random,11,0,SEAT,836,423,1.9763593380614657
Random,11,1,SEAT,1270,598,2.1237458193979935
Random,11,2,SEAT,885,434,2.0391705069124426
Random,11,3,SEAT,901,469,1.9211087420042643
Random,11,4,SEAT,1096,545,2.0110091743119267
Random,11,5,SEAT,906,486,1.8641975308641976
Random,11,6,SEAT,1003,495,2.026262626262626
Random,11,7,SEAT,959,456,2.1030701754385963
Random,11,8,SEAT,860,411,2.0924574209245743
Random,11,9,SEAT,1083,563,1.9236234458259325
Random,11,10,SEAT,962,494,1.9473684210526316
Random,11,11,SEAT,758,366,2.07103825136612
Random,11,12,TitForTat,1146,508,2.2559055118110236
Random,11,13,TitForTat,832,374,2.2245989304812834
Random,11,14,TitForTat,986,427,2.309133489461358
Random,11,15,TitForTat,972,415,2.342168674698795
Random,11,16,Grudger,1316,490,2.6857142857142855
Random,11,17,Grudger,1282,466,2.7510729613733904
Random,11,18,AlwaysDefect,1065,449,2.3719376391982183
Random,11,19,AlwaysDefect,1110,470,2.3617021276595747
Random,11,20,Random,970,459,2.113289760348584
Random,11,21,Random,872,467,1.8672376873661671
Random,11,22,Pavlov,1001,434,2.306451612903226
Random,11,23,Pavlov,1032,447,2.3087248322147653
Random,12,0,SEAT,972,494,1.9676113360323886
Random,12,1,SEAT,739,404,1.8292079207920793
Random,12,2,SEAT,1161,583,1.9914236706689536
Random,12,3,SEAT,901,415,2.1710843373493978
Random,12,4,SEAT,1068,501,2.1317365269461077
Random,12,5,SEAT,932,490,1.9020408163265305
Random,12,6,SEAT,879,408,2.1544117647058822
Random,12,7,SEAT,869,420,2.0690476190476192
Random,12,8,SEAT,722,413,1.74818401937046
Random,12,9,SEAT,836,414,2.0193236714975846
Random,12,10,SEAT,885,455,1.945054945054945
Random,12,11,SEAT,1002,509,1.968565815324165
Random,12,12,TitForTat,922,388,2.3762886597938144
Random,12,13,TitForTat,1138,498,2.285140562248996
Random,12,14,TitForTat,984,403,2.4416873449131513
Random,12,15,TitForTat,1268,543,2.335174953959484
Random,12,16,Grudger,1205,452,2.665929203539823
Random,12,17,Grudger,1265,463,2.7321814254859613
Random,12,18,AlwaysDefect,1158,514,2.252918287937743
Random,12,19,AlwaysDefect,1092,476,2.2941176470588234
Random,12,20,Random,990,502,1.9721115537848606
Random,12,21,Random,803,397,2.022670025188917
Random,12,22,Pavlov,1031,429,2.403263403263403
Random,12,23,Pavlov,1205,515,2.3398058252427183
Random,13,0,SEAT,1085,519,2.090558766859345
Random,13,1,SEAT,989,513,1.9278752436647173
Random,13,2,SEAT,831,435,1.910344827586207
Random,13,3,SEAT,753,370,2.035135135135135
Random,13,4,SEAT,762,401,1.9002493765586035
Random,13,5,SEAT,1016,504,2.015873015873016
Random,13,6,SEAT,965,500,1.93
Random,13,7,SEAT,954,496,1.9233870967741935
Random,13,8,SEAT,699,405,1.7259259259259259
Random,13,9,SEAT,780,363,2.1487603305785123
Random,13,10,SEAT,982,484,2.0289256198347108
Random,13,11,SEAT,809,394,2.053299492385787
Random,13,12,TitForTat,1207,539,2.2393320964749535
Random,13,13,TitForTat,1013,447,2.266219239373602
Random,13,14,TitForTat,1073,467,2.297644539614561
Random,13,15,TitForTat,1178,494,2.3846153846153846
Random,13,16,Grudger,1436,532,2.699248120300752
Random,13,17,Grudger,1362,508,2.6811023622047245
Random,13,18,AlwaysDefect,1266,526,2.406844106463878
Random,13,19,AlwaysDefect,1211,499,2.4268537074148298
Random,13,20,Random,955,511,1.8688845401174168
Random,13,21,Random,1036,517,2.003868471953578
Random,13,22,Pavlov,908,397,2.287153652392947
Random,13,23,Pavlov,1027,451,2.2771618625277164
Random,14,0,SEAT,916,483,1.89648033126294
Random,14,1,SEAT,771,371,2.078167115902965
Random,14,2,SEAT,976,494,1.9757085020242915
Random,14,3,SEAT,1001,486,2.0596707818930042
Random,14,4,SEAT,809,384,2.1067708333333335
Random,14,5,SEAT,1084,525,2.064761904761905
Random,14,6,SEAT,967,460,2.1021739130434782
Random,14,7,SEAT,1023,485,2.109278350515464
Random,14,8,SEAT,1010,506,1.9960474308300395
Random,14,9,SEAT,934,428,2.182242990654206
Random,14,10,SEAT,1001,489,2.0470347648261757
Random,14,11,SEAT,659,356,1.851123595505618
Random,14,12,TitForTat,1263,557,2.2675044883303412
Random,14,13,TitForTat,1058,455,2.3252747252747255
Random,14,14,TitForTat,1139,473,2.4080338266384778
Random,14,15,TitForTat,979,435,2.250574712643678
Random,14,16,Grudger,1309,483,2.710144927536232
Random,14,17,Grudger,1246,441,2.8253968253968256
Random,14,18,AlwaysDefect,1119,463,2.4168466522678185
Random,14,19,AlwaysDefect,936,396,2.3636363636363638
Random,14,20,Random,897,497,1.8048289738430583
Random,14,21,Random,877,428,2.0490654205607477
Random,14,22,Pavlov,1061,495,2.1434343434343432
Random,14,23,Pavlov,1296,532,2.43609022556391
Random,15,0,SEAT,991,471,2.1040339702760087
Random,15,1,SEAT,1050,532,1.9736842105263157
Random,15,2,SEAT,1013,493,2.054766734279919
Random,15,3,SEAT,1105,553,1.9981916817359855
Random,15,4,SEAT,1131,553,2.0452079566003616
Random,15,5,SEAT,838,386,2.1709844559585494
Random,15,6,SEAT,915,437,2.0938215102974826
Random,15,7,SEAT,795,447,1.778523489932886
Random,15,8,SEAT,883,437,2.0205949656750573
Random,15,9,SEAT,853,426,2.0023474178403755
Random,15,10,SEAT,821,415,1.9783132530120482
Random,15,11,SEAT,929,469,1.980810234541578
Random,15,12,TitForTat,906,365,2.4821917808219176
Random,15,13,TitForTat,1010,428,2.3598130841121496
Random,15,14,TitForTat,1190,515,2.3106796116504853
Random,15,15,TitForTat,1089,452,2.40929203539823
Random,15,16,Grudger,1247,421,2.9619952494061756
Random,15,17,Grudger,1274,467,2.728051391862955
Random,15,18,AlwaysDefect,950,390,2.4358974358974357
Random,15,19,AlwaysDefect,1040,428,2.4299065420560746
Random,15,20,Random,914,425,2.1505882352941175
Random,15,21,Random,1130,572,1.9755244755244756
Random,15,22,Pavlov,1051,458,2.2947598253275108
Random,15,23,Pavlov,894,432,2.0694444444444446
Random,16,0,SEAT,807,396,2.037878787878788
Random,16,1,SEAT,1071,505,2.120792079207921
Random,16,2,SEAT,1033,511,2.0215264187866926
Random,16,3,SEAT,948,498,1.9036144578313252
Random,16,4,SEAT,1014,481,2.108108108108108
Random,16,5,SEAT,1049,530,1.9792452830188678
Random,16,6,SEAT,805,415,1.9397590361445782
Random,16,7,SEAT,961,466,2.0622317596566524
Random,16,8,SEAT,987,448,2.203125
Random,16,9,SEAT,1030,510,2.019607843137255
Random,16,10,SEAT,782,374,2.090909090909091
Random,16,11,SEAT,952,457,2.0831509846827134
Random,16,12,TitForTat,1130,482,2.3443983402489628
Random,16,13,TitForTat,1014,430,2.358139534883721
Random,16,14,TitForTat,1026,428,2.397196261682243
Random,16,15,TitForTat,1220,509,2.3968565815324165
Random,16,16,Grudger,1192,448,2.6607142857142856
Random,16,17,Grudger,1032,392,2.63265306122449
Random,16,18,AlwaysDefect,1230,518,2.3745173745173744
Random,16,19,AlwaysDefect,957,405,2.362962962962963
Random,16,20,Random,951,488,1.9487704918032787
Random,16,21,Random,848,397,2.136020151133501
Random,16,22,Pavlov,1112,490,2.269387755102041
Random,16,23,Pavlov,971,422,2.300947867298578
Random,17,0,SEAT,723,398,1.8165829145728642
Random,17,1,SEAT,1039,523,1.9866156787762905
Random,17,2,SEAT,807,440,1.834090909090909
Random,17,3,SEAT,886,449,1.9732739420935412
Random,17,4,SEAT,738,401,1.8403990024937655
Random,17,5,SEAT,970,474,2.0464135021097047
Random,17,6,SEAT,924,457,2.0218818380743984
Random,17,7,SEAT,1080,499,2.164328657314629
Random,17,8,SEAT,978,452,2.163716814159292
Random,17,9,SEAT,775,401,1.9326683291770574
Random,17,10,SEAT,909,454,2.002202643171806
Random,17,11,SEAT,935,474,1.9725738396624473
Random,17,12,TitForTat,1038,463,2.2419006479481642
Random,17,13,TitForTat,890,371,2.398921832884097
Random,17,14,TitForTat,850,352,2.414772727272727
Random,17,15,TitForTat,1163,508,2.2893700787401574
Random,17,16,Grudger,1445,549,2.6320582877959926
Random,17,17,Grudger,1413,517,2.733075435203095
Random,17,18,AlwaysDefect,791,347,2.2795389048991352
Random,17,19,AlwaysDefect,1274,526,2.4220532319391634
Random,17,20,Random,868,476,1.8235294117647058
Random,17,21,Random,839,437,1.919908466819222
Random,17,22,Pavlov,990,399,2.481203007518797
Random,17,23,Pavlov,1076,461,2.334056399132321
Random,18,0,SEAT,871,468,1.8611111111111112
Random,18,1,SEAT,793,407,1.9484029484029484
Random,18,2,SEAT,868,458,1.8951965065502183
Random,18,3,SEAT,839,455,1.843956043956044
Random,18,4,SEAT,844,421,2.004750593824228
Random,18,5,SEAT,937,456,2.0548245614035086
Random,18,6,SEAT,844,450,1.8755555555555556
Random,18,7,SEAT,878,394,2.228426395939086
Random,18,8,SEAT,913,448,2.0379464285714284
Random,18,9,SEAT,676,366,1.8469945355191257
Random,18,10,SEAT,814,418,1.9473684210526316
Random,18,11,SEAT,1066,528,2.018939393939394
Random,18,12,TitForTat,1011,439,2.3029612756264237
Random,18,13,TitForTat,1030,427,2.4121779859484778
Random,18,14,TitForTat,982,394,2.4923857868020303
Random,18,15,TitForTat,1025,438,2.3401826484018264
Random,18,16,Grudger,1184,445,2.660674157303371
Random,18,17,Grudger,1601,579,2.765112262521589
Random,18,18,AlwaysDefect,1327,511,2.5968688845401173
Random,18,19,AlwaysDefect,1337,553,2.4177215189873418
Random,18,20,Random,792,417,1.8992805755395683
Random,18,21,Random,871,453,1.9227373068432672
Random,18,22,Pavlov,1121,492,2.2784552845528454
Random,18,23,Pavlov,1273,537,2.370577281191806
Random,19,0,SEAT,904,469,1.927505330490405
Random,19,1,SEAT,832,418,1.9904306220095693
Random,19,2,SEAT,1051,545,1.928440366972477
Random,19,3,SEAT,962,477,2.0167714884696015
Random,19,4,SEAT,818,415,1.9710843373493976
Random,19,5,SEAT,866,435,1.9908045977011495
Random,19,6,SEAT,842,416,2.0240384615384617
Random,19,7,SEAT,985,475,2.0736842105263156
Random,19,8,SEAT,857,449,1.9086859688195992
Random,19,9,SEAT,830,369,2.2493224932249323
Random,19,10,SEAT,1007,489,2.0593047034764824
Random,19,11,SEAT,921,498,1.8493975903614457
Random,19,12,TitForTat,1011,438,2.308219178082192
Random,19,13,TitForTat,1117,476,2.346638655462185
Random,19,14,TitForTat,1324,570,2.3228070175438598
Random,19,15,TitForTat,1168,502,2.3266932270916336
Random,19,16,Grudger,1315,479,2.7453027139874737
Random,19,17,Grudger,1386,498,2.783132530120482
Random,19,18,AlwaysDefect,1250,482,2.5933609958506225
Random,19,19,AlwaysDefect,995,435,2.2873563218390807
Random,19,20,Random,805,411,1.9586374695863746
Random,19,21,Random,777,382,2.0340314136125652
Random,19,22,Pavlov,1264,522,2.421455938697318
Random,19,23,Pavlov,1127,448,2.515625
Random,20,0,SEAT,866,428,2.0233644859813085
Random,20,1,SEAT,817,406,2.0123152709359604
Random,20,2,SEAT,983,489,2.0102249488752557
Random,20,3,SEAT,933,480,1.94375
Random,20,4,SEAT,755,405,1.8641975308641976
Random,20,5,SEAT,909,487,1.8665297741273101
Random,20,6,SEAT,773,379,2.0395778364116093
Random,20,7,SEAT,755,359,2.103064066852368
Random,20,8,SEAT,898,444,2.0225225225225225
Random,20,9,SEAT,899,450,1.9977777777777779
Random,20,10,SEAT,958,457,2.096280087527352
Random,20,11,SEAT,933,485,1.9237113402061856
Random,20,12,TitForTat,983,429,2.2913752913752914
Random,20,13,TitForTat,970,422,2.2985781990521326
Random,20,14,TitForTat,1148,478,2.401673640167364
Random,20,15,TitForTat,1051,441,2.383219954648526
Random,20,16,Grudger,1266,478,2.6485355648535567
Random,20,17,Grudger,1178,430,2.73953488372093
Random,20,18,AlwaysDefect,1034,458,2.2576419213973797
Random,20,19,AlwaysDefect,1107,439,2.521640091116173
Random,20,20,Random,1017,521,1.9520153550863724
Random,20,21,Random,1045,488,2.1413934426229506
Random,20,22,Pavlov,981,440,2.2295454545454545
Random,20,23,Pavlov,819,349,2.346704871060172
AlwaysDefect,1,0,SEAT,694,522,1.3295019157088122
AlwaysDefect,1,1,SEAT,680,464,1.4655172413793103
AlwaysDefect,1,2,SEAT,609,461,1.3210412147505424
AlwaysDefect,1,3,SEAT,756,524,1.4427480916030535
AlwaysDefect,1,4,SEAT,457,357,1.280112044817927
AlwaysDefect,1,5,SEAT,603,415,1.453012048192771
AlwaysDefect,1,6,SEAT,562,354,1.5875706214689265
AlwaysDefect,1,7,SEAT,695,519,1.3391136801541426
AlwaysDefect,1,8,SEAT,649,489,1.32719836400818
AlwaysDefect,1,9,SEAT,784,532,1.4736842105263157
AlwaysDefect,1,10,SEAT,690,458,1.5065502183406114
AlwaysDefect,1,11,SEAT,645,417,1.5467625899280575
AlwaysDefect,1,12,TitForTat,589,338,1.742603550295858
AlwaysDefect,1,13,TitForTat,683,415,1.6457831325301204
AlwaysDefect,1,14,TitForTat,873,508,1.718503937007874
AlwaysDefect,1,15,TitForTat,720,504,1.4285714285714286
AlwaysDefect,1,16,Grudger,637,387,1.6459948320413436
AlwaysDefect,1,17,Grudger,722,442,1.6334841628959276
AlwaysDefect,1,18,AlwaysDefect,516,436,1.18348623853211
AlwaysDefect,1,19,AlwaysDefect,783,543,1.441988950276243
AlwaysDefect,1,20,Random,399,428,0.9322429906542056
AlwaysDefect,1,21,Random,349,330,1.0575757575757576
AlwaysDefect,1,22,Pavlov,784,580,1.3517241379310345
AlwaysDefect,1,23,Pavlov,502,387,1.297157622739018
AlwaysDefect,2,0,SEAT,709,517,1.3713733075435204
AlwaysDefect,2,1,SEAT,682,494,1.3805668016194332
AlwaysDefect,2,2,SEAT,658,462,1.4242424242424243
AlwaysDefect,2,3,SEAT,598,434,1.3778801843317972
AlwaysDefect,2,4,SEAT,596,420,1.4190476190476191
AlwaysDefect,2,5,SEAT,800,568,1.408450704225352
AlwaysDefect,2,6,SEAT,622,486,1.2798353909465021
AlwaysDefect,2,7,SEAT,590,414,1.4251207729468598
AlwaysDefect,2,8,SEAT,605,477,1.2683438155136268
AlwaysDefect,2,9,SEAT,631,443,1.4243792325056432
AlwaysDefect,2,10,SEAT,776,516,1.503875968992248
AlwaysDefect,2,11,SEAT,504,360,1.4
AlwaysDefect,2,12,TitForTat,683,387,1.7648578811369509
AlwaysDefect,2,13,TitForTat,592,383,1.5456919060052219
AlwaysDefect,2,14,TitForTat,746,464,1.6077586206896552
AlwaysDefect,2,15,TitForTat,783,489,1.6012269938650308
AlwaysDefect,2,16,Grudger,889,489,1.81799591002045
AlwaysDefect,2,17,Grudger,563,369,1.5257452574525745
AlwaysDefect,2,18,AlwaysDefect,676,468,1.4444444444444444
AlwaysDefect,2,19,AlwaysDefect,616,492,1.2520325203252032
AlwaysDefect,2,20,Random,535,507,1.0552268244575937
AlwaysDefect,2,21,Random,484,438,1.1050228310502284
AlwaysDefect,2,22,Pavlov,533,422,1.2630331753554502
AlwaysDefect,2,23,Pavlov,662,435,1.5218390804597701
AlwaysDefect,3,0,SEAT,507,387,1.310077519379845
AlwaysDefect,3,1,SEAT,612,448,1.3660714285714286
AlwaysDefect,3,2,SEAT,618,402,1.537313432835821
AlwaysDefect,3,3,SEAT,499,375,1.3306666666666667
AlwaysDefect,3,4,SEAT,665,493,1.3488843813387423
AlwaysDefect,3,5,SEAT,624,472,1.3220338983050848
AlwaysDefect,3,6,SEAT,686,446,1.5381165919282511
AlwaysDefect,3,7,SEAT,746,514,1.45136186770428
AlwaysDefect,3,8,SEAT,716,496,1.4435483870967742
AlwaysDefect,3,9,SEAT,674,498,1.3534136546184738
AlwaysDefect,3,10,SEAT,664,484,1.371900826446281
AlwaysDefect,3,11,SEAT,704,512,1.375
AlwaysDefect,3,12,TitForTat,625,397,1.5743073047858942
AlwaysDefect,3,13,TitForTat,833,504,1.6527777777777777
AlwaysDefect,3,14,TitForTat,796,478,1.6652719665271967
AlwaysDefect,3,15,TitForTat,858,529,1.6219281663516067
AlwaysDefect,3,16,Grudger,824,450,1.8311111111111111
AlwaysDefect,3,17,Grudger,710,424,1.6745283018867925
AlwaysDefect,3,18,AlwaysDefect,612,432,1.4166666666666667
AlwaysDefect,3,19,AlwaysDefect,790,502,1.5737051792828685
AlwaysDefect,3,20,Random,552,446,1.2376681614349776
AlwaysDefect,3,21,Random,453,459,0.9869281045751634
AlwaysDefect,3,22,Pavlov,522,458,1.1397379912663756
AlwaysDefect,3,23,Pavlov,702,512,1.37109375
AlwaysDefect,4,0,SEAT,617,485,1.2721649484536082
AlwaysDefect,4,1,SEAT,761,529,1.438563327032136
AlwaysDefect,4,2,SEAT,735,499,1.4729458917835672
AlwaysDefect,4,3,SEAT,582,450,1.2933333333333332
AlwaysDefect,4,4,SEAT,688,504,1.3650793650793651
AlwaysDefect,4,5,SEAT,595,423,1.4066193853427895
AlwaysDefect,4,6,SEAT,632,472,1.3389830508474576
AlwaysDefect,4,7,SEAT,685,473,1.4482029598308668
AlwaysDefect,4,8,SEAT,600,440,1.3636363636363635
AlwaysDefect,4,9,SEAT,675,459,1.4705882352941178
AlwaysDefect,4,10,SEAT,624,472,1.3220338983050848
AlwaysDefect,4,11,SEAT,684,524,1.3053435114503817
AlwaysDefect,4,12,TitForTat,775,462,1.6774891774891776
AlwaysDefect,4,13,TitForTat,862,525,1.641904761904762
AlwaysDefect,4,14,TitForTat,859,507,1.6942800788954635
AlwaysDefect,4,15,TitForTat,866,524,1.6526717557251909
AlwaysDefect,4,16,Grudger,941,519,1.813102119460501
AlwaysDefect,4,17,Grudger,802,500,1.604
AlwaysDefect,4,18,AlwaysDefect,810,554,1.4620938628158844
AlwaysDefect,4,19,AlwaysDefect,688,492,1.3983739837398375
AlwaysDefect,4,20,Random,535,464,1.1530172413793103
AlwaysDefect,4,21,Random,589,537,1.0968342644320297
AlwaysDefect,4,22,Pavlov,773,506,1.5276679841897234
AlwaysDefect,4,23,Pavlov,752,496,1.5161290322580645
AlwaysDefect,5,0,SEAT,575,423,1.3593380614657211
AlwaysDefect,5,1,SEAT,721,433,1.6651270207852193
AlwaysDefect,5,2,SEAT,738,490,1.506122448979592
AlwaysDefect,5,3,SEAT,652,444,1.4684684684684686
AlwaysDefect,5,4,SEAT,630,462,1.3636363636363635
AlwaysDefect,5,5,SEAT,639,479,1.3340292275574113
AlwaysDefect,5,6,SEAT,530,394,1.3451776649746192
AlwaysDefect,5,7,SEAT,650,474,1.371308016877637
AlwaysDefect,5,8,SEAT,531,391,1.3580562659846547
AlwaysDefect,5,9,SEAT,759,491,1.5458248472505092
AlwaysDefect,5,10,SEAT,583,423,1.3782505910165486
AlwaysDefect,5,11,SEAT,657,469,1.4008528784648189
AlwaysDefect,5,12,TitForTat,776,427,1.8173302107728337
AlwaysDefect,5,13,TitForTat,657,397,1.654911838790932
AlwaysDefect,5,14,TitForTat,701,450,1.5577777777777777
AlwaysDefect,5,15,TitForTat,840,507,1.6568047337278107
AlwaysDefect,5,16,Grudger,713,467,1.5267665952890792
AlwaysDefect,5,17,Grudger,666,376,1.7712765957446808
AlwaysDefect,5,18,AlwaysDefect,699,515,1.3572815533980582
AlwaysDefect,5,19,AlwaysDefect,752,464,1.6206896551724137
AlwaysDefect,5,20,Random,552,518,1.0656370656370657
AlwaysDefect,5,21,Random,518,474,1.0928270042194093
AlwaysDefect,5,22,Pavlov,749,468,1.6004273504273505
AlwaysDefect,5,23,Pavlov,805,526,1.5304182509505704
AlwaysDefect,6,0,SEAT,637,469,1.3582089552238805
AlwaysDefect,6,1,SEAT,551,443,1.2437923250564333
AlwaysDefect,6,2,SEAT,573,393,1.4580152671755726
AlwaysDefect,6,3,SEAT,533,353,1.5099150141643058
AlwaysDefect,6,4,SEAT,530,442,1.1990950226244343
AlwaysDefect,6,5,SEAT,726,502,1.4462151394422311
AlwaysDefect,6,6,SEAT,587,435,1.349425287356322
AlwaysDefect,6,7,SEAT,670,482,1.3900414937759336
AlwaysDefect,6,8,SEAT,619,471,1.3142250530785562
AlwaysDefect,6,9,SEAT,576,424,1.3584905660377358
AlwaysDefect,6,10,SEAT,634,430,1.4744186046511627
AlwaysDefect,6,11,SEAT,559,415,1.346987951807229
AlwaysDefect,6,12,TitForTat,795,516,1.5406976744186047
AlwaysDefect,6,13,TitForTat,773,474,1.630801687763713
AlwaysDefect,6,14,TitForTat,635,373,1.7024128686327078
AlwaysDefect,6,15,TitForTat,553,372,1.4865591397849462
AlwaysDefect,6,16,Grudger,666,358,1.8603351955307263
AlwaysDefect,6,17,Grudger,898,510,1.7607843137254902
AlwaysDefect,6,18,AlwaysDefect,823,599,1.3739565943238732
AlwaysDefect,6,19,AlwaysDefect,634,454,1.39647577092511
AlwaysDefect,6,20,Random,363,388,0.9355670103092784
AlwaysDefect,6,21,Random,395,411,0.9610705596107056
AlwaysDefect,6,22,Pavlov,579,372,1.5564516129032258
AlwaysDefect,6,23,Pavlov,647,412,1.5703883495145632
AlwaysDefect,7,0,SEAT,653,425,1.536470588235294
AlwaysDefect,7,1,SEAT,724,492,1.4715447154471544
AlwaysDefect,7,2,SEAT,526,390,1.3487179487179488
AlwaysDefect,7,3,SEAT,567,399,1.4210526315789473
AlwaysDefect,7,4,SEAT,632,400,1.58
AlwaysDefect,7,5,SEAT,628,428,1.4672897196261683
AlwaysDefect,7,6,SEAT,643,459,1.4008714596949892
AlwaysDefect,7,7,SEAT,538,442,1.2171945701357465
AlwaysDefect,7,8,SEAT,662,462,1.432900432900433
AlwaysDefect,7,9,SEAT,632,404,1.5643564356435644
AlwaysDefect,7,10,SEAT,720,524,1.3740458015267176
AlwaysDefect,7,11,SEAT,597,485,1.2309278350515465
AlwaysDefect,7,12,TitForTat,782,479,1.6325678496868476
AlwaysDefect,7,13,TitForTat,568,331,1.716012084592145
AlwaysDefect,7,14,TitForTat,630,403,1.5632754342431763
AlwaysDefect,7,15,TitForTat,582,371,1.568733153638814
AlwaysDefect,7,16,Grudger,757,419,1.8066825775656326
AlwaysDefect,7,17,Grudger,614,374,1.641711229946524
AlwaysDefect,7,18,AlwaysDefect,509,433,1.1755196304849884
AlwaysDefect,7,19,AlwaysDefect,706,482,1.4647302904564314
AlwaysDefect,7,20,Random,483,482,1.0020746887966805
AlwaysDefect,7,21,Random,378,401,0.942643391521197
AlwaysDefect,7,22,Pavlov,714,463,1.5421166306695464
AlwaysDefect,7,23,Pavlov,561,408,1.375
AlwaysDefect,8,0,SEAT,716,488,1.4672131147540983
AlwaysDefect,8,1,SEAT,546,410,1.3317073170731708
AlwaysDefect,8,2,SEAT,671,451,1.4878048780487805
AlwaysDefect,8,3,SEAT,600,428,1.4018691588785046
AlwaysDefect,8,4,SEAT,689,489,1.408997955010225
AlwaysDefect,8,5,SEAT,660,500,1.32
AlwaysDefect,8,6,SEAT,657,457,1.437636761487965
AlwaysDefect,8,7,SEAT,667,503,1.3260437375745526
AlwaysDefect,8,8,SEAT,718,470,1.5276595744680852
AlwaysDefect,8,9,SEAT,650,406,1.6009852216748768
AlwaysDefect,8,10,SEAT,699,483,1.4472049689440993
AlwaysDefect,8,11,SEAT,531,395,1.3443037974683545
AlwaysDefect,8,12,TitForTat,680,435,1.5632183908045978
AlwaysDefect,8,13,TitForTat,837,474,1.7658227848101267
AlwaysDefect,8,14,TitForTat,878,519,1.6917148362235068
AlwaysDefect,8,15,TitForTat,769,483,1.5921325051759834
AlwaysDefect,8,16,Grudger,769,421,1.826603325415677
AlwaysDefect,8,17,Grudger,880,482,1.8257261410788381
AlwaysDefect,8,18,AlwaysDefect,762,526,1.4486692015209126
AlwaysDefect,8,19,AlwaysDefect,738,514,1.4357976653696498
AlwaysDefect,8,20,Random,502,466,1.0772532188841202
AlwaysDefect,8,21,Random,534,544,0.9816176470588235
AlwaysDefect,8,22,Pavlov,722,511,1.4129158512720157
AlwaysDefect,8,23,Pavlov,504,393,1.282442748091603
AlwaysDefect,9,0,SEAT,507,395,1.2835443037974683
AlwaysDefect,9,1,SEAT,459,367,1.2506811989100817
AlwaysDefect,9,2,SEAT,497,437,1.137299771167048
AlwaysDefect,9,3,SEAT,825,565,1.4601769911504425
AlwaysDefect,9,4,SEAT,744,516,1.441860465116279
AlwaysDefect,9,5,SEAT,547,375,1.4586666666666666
AlwaysDefect,9,6,SEAT,706,522,1.3524904214559388
AlwaysDefect,9,7,SEAT,696,472,1.4745762711864407
AlwaysDefect,9,8,SEAT,679,479,1.417536534446764
AlwaysDefect,9,9,SEAT,678,494,1.3724696356275303
AlwaysDefect,9,10,SEAT,689,457,1.5076586433260395
AlwaysDefect,9,11,SEAT,559,415,1.346987951807229
AlwaysDefect,9,12,TitForTat,826,502,1.6454183266932272
AlwaysDefect,9,13,TitForTat,655,373,1.7560321715817695
AlwaysDefect,9,14,TitForTat,879,518,1.696911196911197
AlwaysDefect,9,15,TitForTat,765,455,1.6813186813186813
AlwaysDefect,9,16,Grudger,935,505,1.8514851485148516
AlwaysDefect,9,17,Grudger,827,441,1.875283446712018
AlwaysDefect,9,18,AlwaysDefect,726,558,1.3010752688172043
AlwaysDefect,9,19,AlwaysDefect,644,476,1.3529411764705883
AlwaysDefect,9,20,Random,437,401,1.0897755610972568
AlwaysDefect,9,21,Random,452,432,1.0462962962962963
AlwaysDefect,9,22,Pavlov,695,478,1.4539748953974896
AlwaysDefect,9,23,Pavlov,730,463,1.5766738660907127
AlwaysDefect,10,0,SEAT,686,514,1.3346303501945525
AlwaysDefect,10,1,SEAT,541,385,1.405194805194805
AlwaysDefect,10,2,SEAT,612,472,1.2966101694915255
AlwaysDefect,10,3,SEAT,731,495,1.4767676767676767
AlwaysDefect,10,4,SEAT,671,467,1.436830835117773
AlwaysDefect,10,5,SEAT,680,504,1.3492063492063493
AlwaysDefect,10,6,SEAT,806,562,1.4341637010676156
AlwaysDefect,10,7,SEAT,627,503,1.246520874751491
AlwaysDefect,10,8,SEAT,682,474,1.4388185654008439
AlwaysDefect,10,9,SEAT,558,398,1.4020100502512562
AlwaysDefect,10,10,SEAT,835,627,1.331738437001595
AlwaysDefect,10,11,SEAT,713,469,1.5202558635394456
AlwaysDefect,10,12,TitForTat,745,451,1.6518847006651884
AlwaysDefect,10,13,TitForTat,742,442,1.6787330316742082
AlwaysDefect,10,14,TitForTat,763,462,1.6515151515151516
AlwaysDefect,10,15,TitForTat,818,504,1.623015873015873
AlwaysDefect,10,16,Grudger,631,365,1.7287671232876711
AlwaysDefect,10,17,Grudger,764,458,1.668122270742358
AlwaysDefect,10,18,AlwaysDefect,605,501,1.2075848303393213
AlwaysDefect,10,19,AlwaysDefect,696,468,1.4871794871794872
AlwaysDefect,10,20,Random,455,440,1.0340909090909092
AlwaysDefect,10,21,Random,528,523,1.0095602294455066
AlwaysDefect,10,22,Pavlov,776,529,1.4669187145557656
AlwaysDefect,10,23,Pavlov,689,417,1.6522781774580335
AlwaysDefect,11,0,SEAT,626,474,1.3206751054852321
AlwaysDefect,11,1,SEAT,729,489,1.49079754601227
AlwaysDefect,11,2,SEAT,491,331,1.4833836858006042
AlwaysDefect,11,3,SEAT,674,466,1.446351931330472
AlwaysDefect,11,4,SEAT,693,465,1.4903225806451612
AlwaysDefect,11,5,SEAT,575,471,1.2208067940552016
AlwaysDefect,11,6,SEAT,612,448,1.3660714285714286
AlwaysDefect,11,7,SEAT,636,468,1.358974358974359
AlwaysDefect,11,8,SEAT,616,488,1.2622950819672132
AlwaysDefect,11,9,SEAT,644,464,1.3879310344827587
AlwaysDefect,11,10,SEAT,643,479,1.3423799582463465
AlwaysDefect,11,11,SEAT,482,358,1.3463687150837989
AlwaysDefect,11,12,TitForTat,775,459,1.6884531590413943
AlwaysDefect,11,13,TitForTat,792,474,1.6708860759493671
AlwaysDefect,11,14,TitForTat,833,473,1.7610993657505285
AlwaysDefect,11,15,TitForTat,900,480,1.875
AlwaysDefect,11,16,Grudger,882,484,1.822314049586777
AlwaysDefect,11,17,Grudger,875,491,1.7820773930753564
AlwaysDefect,11,18,AlwaysDefect,585,413,1.4164648910411621
AlwaysDefect,11,19,AlwaysDefect,699,523,1.3365200764818355
AlwaysDefect,11,20,Random,436,437,0.9977116704805492
AlwaysDefect,11,21,Random,432,395,1.0936708860759494
AlwaysDefect,11,22,Pavlov,712,447,1.592841163310962
AlwaysDefect,11,23,Pavlov,674,453,1.4878587196467992
AlwaysDefect,12,0,SEAT,676,460,1.4695652173913043
AlwaysDefect,12,1,SEAT,656,404,1.6237623762376239
AlwaysDefect,12,2,SEAT,746,514,1.45136186770428
AlwaysDefect,12,3,SEAT,705,501,1.407185628742515
AlwaysDefect,12,4,SEAT,491,387,1.268733850129199
AlwaysDefect,12,5,SEAT,598,410,1.4585365853658536
AlwaysDefect,12,6,SEAT,589,393,1.4987277353689568
AlwaysDefect,12,7,SEAT,636,428,1.485981308411215
AlwaysDefect,12,8,SEAT,659,459,1.4357298474945535
AlwaysDefect,12,9,SEAT,791,523,1.5124282982791586
AlwaysDefect,12,10,SEAT,519,359,1.4456824512534818
AlwaysDefect,12,11,SEAT,647,507,1.2761341222879685
AlwaysDefect,12,12,TitForTat,749,416,1.8004807692307692
AlwaysDefect,12,13,TitForTat,829,471,1.7600849256900213
AlwaysDefect,12,14,TitForTat,843,457,1.8446389496717723
AlwaysDefect,12,15,TitForTat,895,550,1.6272727272727272
AlwaysDefect,12,16,Grudger,744,410,1.8146341463414635
AlwaysDefect,12,17,Grudger,779,453,1.7196467991169977
AlwaysDefect,12,18,AlwaysDefect,724,544,1.3308823529411764
AlwaysDefect,12,19,AlwaysDefect,581,425,1.3670588235294117
AlwaysDefect,12,20,Random,405,434,0.9331797235023042
AlwaysDefect,12,21,Random,601,558,1.0770609318996416
AlwaysDefect,12,22,Pavlov,606,436,1.389908256880734
AlwaysDefect,12,23,Pavlov,798,499,1.5991983967935872
AlwaysDefect,13,0,SEAT,704,464,1.5172413793103448
AlwaysDefect,13,1,SEAT,693,485,1.4288659793814433
AlwaysDefect,13,2,SEAT,609,453,1.3443708609271523
AlwaysDefect,13,3,SEAT,706,530,1.3320754716981131
AlwaysDefect,13,4,SEAT,784,512,1.53125
AlwaysDefect,13,5,SEAT,547,431,1.2691415313225058
AlwaysDefect,13,6,SEAT,680,528,1.2878787878787878
AlwaysDefect,13,7,SEAT,546,458,1.1921397379912664
AlwaysDefect,13,8,SEAT,688,508,1.3543307086614174
AlwaysDefect,13,9,SEAT,690,494,1.3967611336032388
AlwaysDefect,13,10,SEAT,833,597,1.3953098827470687
AlwaysDefect,13,11,SEAT,610,446,1.3677130044843049
AlwaysDefect,13,12,TitForTat,658,415,1.5855421686746989
AlwaysDefect,13,13,TitForTat,616,399,1.543859649122807
AlwaysDefect,13,14,TitForTat,738,436,1.6926605504587156
AlwaysDefect,13,15,TitForTat,869,501,1.7345309381237526
AlwaysDefect,13,16,Grudger,816,494,1.6518218623481782
AlwaysDefect,13,17,Grudger,966,528,1.8295454545454546
AlwaysDefect,13,18,AlwaysDefect,637,517,1.2321083172147003
AlwaysDefect,13,19,AlwaysDefect,600,416,1.4423076923076923
AlwaysDefect,13,20,Random,476,446,1.0672645739910314
AlwaysDefect,13,21,Random,512,486,1.0534979423868314
AlwaysDefect,13,22,Pavlov,555,411,1.3503649635036497
AlwaysDefect,13,23,Pavlov,631,423,1.491725768321513
AlwaysDefect,14,0,SEAT,612,412,1.4854368932038835
AlwaysDefect,14,1,SEAT,533,397,1.3425692695214106
AlwaysDefect,14,2,SEAT,680,496,1.3709677419354838
AlwaysDefect,14,3,SEAT,601,449,1.3385300668151447
AlwaysDefect,14,4,SEAT,521,397,1.3123425692695214
AlwaysDefect,14,5,SEAT,688,496,1.3870967741935485
AlwaysDefect,14,6,SEAT,663,455,1.457142857142857
AlwaysDefect,14,7,SEAT,661,469,1.4093816631130065
AlwaysDefect,14,8,SEAT,648,420,1.542857142857143
AlwaysDefect,14,9,SEAT,682,442,1.5429864253393666
AlwaysDefect,14,10,SEAT,611,447,1.366890380313199
AlwaysDefect,14,11,SEAT,668,404,1.6534653465346534
AlwaysDefect,14,12,TitForTat,739,440,1.6795454545454545
AlwaysDefect,14,13,TitForTat,698,436,1.6009174311926606
AlwaysDefect,14,14,TitForTat,735,454,1.618942731277533
AlwaysDefect,14,15,TitForTat,870,516,1.686046511627907
AlwaysDefect,14,16,Grudger,858,458,1.8733624454148472
AlwaysDefect,14,17,Grudger,687,383,1.793733681462141
AlwaysDefect,14,18,AlwaysDefect,561,425,1.32
AlwaysDefect,14,19,AlwaysDefect,690,498,1.3855421686746987
AlwaysDefect,14,20,Random,627,531,1.1807909604519775
AlwaysDefect,14,21,Random,455,417,1.091127098321343
AlwaysDefect,14,22,Pavlov,559,461,1.2125813449023861
AlwaysDefect,14,23,Pavlov,510,397,1.2846347607052897
AlwaysDefect,15,0,SEAT,724,524,1.381679389312977
AlwaysDefect,15,1,SEAT,681,481,1.4158004158004158
AlwaysDefect,15,2,SEAT,675,531,1.271186440677966
AlwaysDefect,15,3,SEAT,704,496,1.4193548387096775
AlwaysDefect,15,4,SEAT,645,457,1.411378555798687
AlwaysDefect,15,5,SEAT,702,506,1.3873517786561265
AlwaysDefect,15,6,SEAT,653,461,1.4164859002169197
AlwaysDefect,15,7,SEAT,510,350,1.457142857142857
AlwaysDefect,15,8,SEAT,705,485,1.4536082474226804
AlwaysDefect,15,9,SEAT,567,399,1.4210526315789473
AlwaysDefect,15,10,SEAT,716,504,1.4206349206349207
AlwaysDefect,15,11,SEAT,795,555,1.4324324324324325
AlwaysDefect,15,12,TitForTat,733,443,1.654627539503386
AlwaysDefect,15,13,TitForTat,761,462,1.647186147186147
AlwaysDefect,15,14,TitForTat,754,420,1.7952380952380953
AlwaysDefect,15,15,TitForTat,739,458,1.6135371179039302
AlwaysDefect,15,16,Grudger,982,570,1.7228070175438597
AlwaysDefect,15,17,Grudger,737,484,1.5227272727272727
AlwaysDefect,15,18,AlwaysDefect,620,404,1.5346534653465347
AlwaysDefect,15,19,AlwaysDefect,634,422,1.5023696682464456
AlwaysDefect,15,20,Random,397,444,0.8941441441441441
AlwaysDefect,15,21,Random,550,494,1.1133603238866396
AlwaysDefect,15,22,Pavlov,613,412,1.4878640776699028
AlwaysDefect,15,23,Pavlov,631,496,1.2721774193548387
AlwaysDefect,16,0,SEAT,489,365,1.3397260273972602
AlwaysDefect,16,1,SEAT,644,476,1.3529411764705883
AlwaysDefect,16,2,SEAT,647,447,1.447427293064877
AlwaysDefect,16,3,SEAT,607,407,1.4914004914004915
AlwaysDefect,16,4,SEAT,683,523,1.305927342256214
AlwaysDefect,16,5,SEAT,552,428,1.2897196261682242
AlwaysDefect,16,6,SEAT,740,504,1.4682539682539681
AlwaysDefect,16,7,SEAT,812,580,1.4
AlwaysDefect,16,8,SEAT,682,482,1.4149377593360997
AlwaysDefect,16,9,SEAT,500,380,1.3157894736842106
AlwaysDefect,16,10,SEAT,665,417,1.5947242206235013
AlwaysDefect,16,11,SEAT,626,446,1.4035874439461884
AlwaysDefect,16,12,TitForTat,663,378,1.753968253968254
AlwaysDefect,16,13,TitForTat,722,444,1.6261261261261262
AlwaysDefect,16,14,TitForTat,749,464,1.6142241379310345
AlwaysDefect,16,15,TitForTat,753,460,1.6369565217391304
AlwaysDefect,16,16,Grudger,783,451,1.7361419068736141
AlwaysDefect,16,17,Grudger,733,429,1.7086247086247086
AlwaysDefect,16,18,AlwaysDefect,599,419,1.4295942720763724
AlwaysDefect,16,19,AlwaysDefect,609,425,1.4329411764705882
AlwaysDefect,16,20,Random,467,426,1.096244131455399
AlwaysDefect,16,21,Random,461,417,1.105515587529976
AlwaysDefect,16,22,Pavlov,828,516,1.6046511627906976
AlwaysDefect,16,23,Pavlov,649,462,1.4047619047619047
AlwaysDefect,17,0,SEAT,708,516,1.372093023255814
AlwaysDefect,17,1,SEAT,568,392,1.4489795918367347
AlwaysDefect,17,2,SEAT,699,515,1.3572815533980582
AlwaysDefect,17,3,SEAT,598,442,1.3529411764705883
AlwaysDefect,17,4,SEAT,751,515,1.4582524271844661
AlwaysDefect,17,5,SEAT,504,336,1.5
AlwaysDefect,17,6,SEAT,588,424,1.3867924528301887
AlwaysDefect,17,7,SEAT,510,402,1.2686567164179106
AlwaysDefect,17,8,SEAT,663,463,1.431965442764579
AlwaysDefect,17,9,SEAT,728,484,1.5041322314049588
AlwaysDefect,17,10,SEAT,576,424,1.3584905660377358
AlwaysDefect,17,11,SEAT,690,522,1.3218390804597702
AlwaysDefect,17,12,TitForTat,753,414,1.818840579710145
AlwaysDefect,17,13,TitForTat,706,450,1.568888888888889
AlwaysDefect,17,14,TitForTat,667,440,1.5159090909090909
AlwaysDefect,17,15,TitForTat,861,520,1.6557692307692307
AlwaysDefect,17,16,Grudger,735,400,1.8375
AlwaysDefect,17,17,Grudger,894,454,1.9691629955947136
AlwaysDefect,17,18,AlwaysDefect,692,496,1.3951612903225807
AlwaysDefect,17,19,AlwaysDefect,606,430,1.4093023255813955
AlwaysDefect,17,20,Random,512,482,1.062240663900415
AlwaysDefect,17,21,Random,470,430,1.0930232558139534
AlwaysDefect,17,22,Pavlov,796,511,1.557729941291585
AlwaysDefect,17,23,Pavlov,588,412,1.4271844660194175
AlwaysDefect,18,0,SEAT,571,383,1.4908616187989556
AlwaysDefect,18,1,SEAT,647,471,1.3736730360934182
AlwaysDefect,18,2,SEAT,658,478,1.3765690376569037
AlwaysDefect,18,3,SEAT,677,473,1.4312896405919662
AlwaysDefect,18,4,SEAT,786,538,1.4609665427509293
AlwaysDefect,18,5,SEAT,554,386,1.4352331606217616
AlwaysDefect,18,6,SEAT,468,352,1.3295454545454546
AlwaysDefect,18,7,SEAT,707,459,1.5403050108932461
AlwaysDefect,18,8,SEAT,656,512,1.28125
AlwaysDefect,18,9,SEAT,645,457,1.411378555798687
AlwaysDefect,18,10,SEAT,530,370,1.4324324324324325
AlwaysDefect,18,11,SEAT,641,425,1.5082352941176471
AlwaysDefect,18,12,TitForTat,852,504,1.6904761904761905
AlwaysDefect,18,13,TitForTat,883,532,1.6597744360902256
AlwaysDefect,18,14,TitForTat,719,426,1.687793427230047
AlwaysDefect,18,15,TitForTat,808,468,1.7264957264957266
AlwaysDefect,18,16,Grudger,740,453,1.6335540838852096
AlwaysDefect,18,17,Grudger,811,459,1.766884531590414
AlwaysDefect,18,18,AlwaysDefect,596,400,1.49
AlwaysDefect,18,19,AlwaysDefect,703,475,1.48
AlwaysDefect,18,20,Random,499,475,1.0505263157894738
AlwaysDefect,18,21,Random,384,402,0.9552238805970149
AlwaysDefect,18,22,Pavlov,604,471,1.2823779193205944
AlwaysDefect,18,23,Pavlov,632,425,1.4870588235294118
AlwaysDefect,19,0,SEAT,585,397,1.473551637279597
AlwaysDefect,19,1,SEAT,655,499,1.312625250501002
AlwaysDefect,19,2,SEAT,663,475,1.3957894736842105
AlwaysDefect,19,3,SEAT,547,375,1.4586666666666666
AlwaysDefect,19,4,SEAT,622,446,1.3946188340807175
AlwaysDefect,19,5,SEAT,691,463,1.4924406047516199
AlwaysDefect,19,6,SEAT,574,426,1.3474178403755868
AlwaysDefect,19,7,SEAT,655,455,1.4395604395604396
AlwaysDefect,19,8,SEAT,685,417,1.6426858513189448
AlwaysDefect,19,9,SEAT,659,471,1.3991507430997876
AlwaysDefect,19,10,SEAT,721,481,1.498960498960499
AlwaysDefect,19,11,SEAT,715,511,1.3992172211350293
AlwaysDefect,19,12,TitForTat,835,457,1.8271334792122538
AlwaysDefect,19,13,TitForTat,971,529,1.835538752362949
AlwaysDefect,19,14,TitForTat,853,506,1.6857707509881423
AlwaysDefect,19,15,TitForTat,835,481,1.735966735966736
AlwaysDefect,19,16,Grudger,880,522,1.685823754789272
AlwaysDefect,19,17,Grudger,758,430,1.7627906976744185
AlwaysDefect,19,18,AlwaysDefect,792,556,1.4244604316546763
AlwaysDefect,19,19,AlwaysDefect,625,437,1.4302059496567505
AlwaysDefect,19,20,Random,439,437,1.0045766590389016
AlwaysDefect,19,21,Random,464,471,0.9851380042462845
AlwaysDefect,19,22,Pavlov,526,406,1.2955665024630543
AlwaysDefect,19,23,Pavlov,621,492,1.2621951219512195
AlwaysDefect,20,0,SEAT,712,436,1.6330275229357798
AlwaysDefect,20,1,SEAT,668,432,1.5462962962962963
AlwaysDefect,20,2,SEAT,561,421,1.332541567695962
AlwaysDefect,20,3,SEAT,575,407,1.4127764127764129
AlwaysDefect,20,4,SEAT,688,532,1.2932330827067668
AlwaysDefect,20,5,SEAT,571,411,1.389294403892944
AlwaysDefect,20,6,SEAT,633,461,1.3731019522776573
AlwaysDefect,20,7,SEAT,616,452,1.3628318584070795
AlwaysDefect,20,8,SEAT,582,430,1.3534883720930233
AlwaysDefect,20,9,SEAT,663,439,1.510250569476082
AlwaysDefect,20,10,SEAT,653,465,1.4043010752688172
AlwaysDefect,20,11,SEAT,620,452,1.3716814159292035
AlwaysDefect,20,12,TitForTat,812,522,1.5555555555555556
AlwaysDefect,20,13,TitForTat,676,381,1.7742782152230971
AlwaysDefect,20,14,TitForTat,784,459,1.7080610021786493
AlwaysDefect,20,15,TitForTat,749,442,1.6945701357466063
AlwaysDefect,20,16,Grudger,674,372,1.8118279569892473
AlwaysDefect,20,17,Grudger,693,411,1.686131386861314
AlwaysDefect,20,18,AlwaysDefect,764,520,1.4692307692307693
AlwaysDefect,20,19,AlwaysDefect,616,420,1.4666666666666666
AlwaysDefect,20,20,Random,504,480,1.05
AlwaysDefect,20,21,Random,591,503,1.1749502982107356
AlwaysDefect,20,22,Pavlov,769,531,1.448210922787194
AlwaysDefect,20,23,Pavlov,700,447,1.5659955257270695
Grudger,1,0,SEAT,1310,460,2.847826086956522
Grudger,1,1,SEAT,1242,444,2.7972972972972974
Grudger,1,2,SEAT,1250,450,2.7777777777777777
Grudger,1,3,SEAT,1493,521,2.8656429942418424
Grudger,1,4,SEAT,1261,447,2.821029082774049
Grudger,1,5,SEAT,1018,378,2.693121693121693
Grudger,1,6,SEAT,1477,527,2.8026565464895636
Grudger,1,7,SEAT,1301,479,2.7160751565762005
Grudger,1,8,SEAT,1269,451,2.813747228381375
Grudger,1,9,SEAT,1497,519,2.884393063583815
Grudger,1,10,SEAT,1231,435,2.829885057471264
Grudger,1,11,SEAT,1350,462,2.9220779220779223
Grudger,1,12,TitForTat,1299,483,2.68944099378882
Grudger,1,13,TitForTat,1460,524,2.786259541984733
Grudger,1,14,TitForTat,1287,471,2.732484076433121
Grudger,1,15,TitForTat,1211,435,2.7839080459770114
Grudger,1,16,Grudger,1154,406,2.8423645320197046
Grudger,1,17,Grudger,1379,499,2.7635270541082164
Grudger,1,18,AlwaysDefect,751,471,1.59447983014862
Grudger,1,19,AlwaysDefect,604,412,1.4660194174757282
Grudger,1,20,Random,558,523,1.066921606118547
Grudger,1,21,Random,519,404,1.2846534653465347
Grudger,1,22,Pavlov,1398,509,2.7465618860510808
Grudger,1,23,Pavlov,1256,438,2.867579908675799
Grudger,2,0,SEAT,1519,549,2.766848816029144
Grudger,2,1,SEAT,1179,421,2.8004750593824226
Grudger,2,2,SEAT,1054,376,2.8031914893617023
Grudger,2,3,SEAT,1157,426,2.715962441314554
Grudger,2,4,SEAT,1166,428,2.7242990654205608
Grudger,2,5,SEAT,1276,472,2.7033898305084745
Grudger,2,6,SEAT,1266,446,2.8385650224215246
Grudger,2,7,SEAT,1301,467,2.7858672376873663
Grudger,2,8,SEAT,998,360,2.772222222222222
Grudger,2,9,SEAT,1449,519,2.791907514450867
Grudger,2,10,SEAT,1328,456,2.912280701754386
Grudger,2,11,SEAT,1214,446,2.7219730941704037
Grudger,2,12,TitForTat,1085,371,2.9245283018867925
Grudger,2,13,TitForTat,1257,452,2.7809734513274336
Grudger,2,14,TitForTat,1526,555,2.7495495495495494
Grudger,2,15,TitForTat,1414,498,2.8393574297188753
Grudger,2,16,Grudger,1289,459,2.8082788671023966
Grudger,2,17,Grudger,1276,449,2.8418708240534523
Grudger,2,18,AlwaysDefect,567,391,1.4501278772378516
Grudger,2,19,AlwaysDefect,787,515,1.5281553398058252
Grudger,2,20,Random,559,455,1.2285714285714286
Grudger,2,21,Random,487,421,1.156769596199525
Grudger,2,22,Pavlov,1311,478,2.7426778242677825
Grudger,2,23,Pavlov,1251,434,2.8824884792626726
Grudger,3,0,SEAT,1708,594,2.8754208754208754
Grudger,3,1,SEAT,1409,487,2.893223819301848
Grudger,3,2,SEAT,1182,422,2.800947867298578
Grudger,3,3,SEAT,1437,517,2.779497098646035
Grudger,3,4,SEAT,1477,491,3.0081466395112018
Grudger,3,5,SEAT,1305,437,2.986270022883295
Grudger,3,6,SEAT,1184,430,2.7534883720930234
Grudger,3,7,SEAT,1240,458,2.7074235807860263
Grudger,3,8,SEAT,1506,546,2.758241758241758
Grudger,3,9,SEAT,1182,410,2.8829268292682926
Grudger,3,10,SEAT,1524,548,2.781021897810219
Grudger,3,11,SEAT,1338,472,2.8347457627118646
Grudger,3,12,TitForTat,1393,495,2.8141414141414143
Grudger,3,13,TitForTat,1334,496,2.689516129032258
Grudger,3,14,TitForTat,1319,500,2.638
Grudger,3,15,TitForTat,1387,500,2.774
Grudger,3,16,Grudger,1193,419,2.847255369928401
Grudger,3,17,Grudger,1222,434,2.815668202764977
Grudger,3,18,AlwaysDefect,684,416,1.6442307692307692
Grudger,3,19,AlwaysDefect,763,523,1.4588910133843211
Grudger,3,20,Random,570,497,1.1468812877263581
Grudger,3,21,Random,631,484,1.3037190082644627
Grudger,3,22,Pavlov,1239,470,2.6361702127659576
Grudger,3,23,Pavlov,1353,504,2.6845238095238093
Grudger,4,0,SEAT,1349,485,2.781443298969072
Grudger,4,1,SEAT,1236,452,2.734513274336283
Grudger,4,2,SEAT,1077,393,2.7404580152671754
Grudger,4,3,SEAT,1172,418,2.8038277511961724
Grudger,4,4,SEAT,1444,510,2.831372549019608
Grudger,4,5,SEAT,1365,489,2.791411042944785
Grudger,4,6,SEAT,1322,486,2.720164609053498
Grudger,4,7,SEAT,1540,552,2.789855072463768
Grudger,4,8,SEAT,1116,396,2.8181818181818183
Grudger,4,9,SEAT,1285,447,2.8747203579418343
Grudger,4,10,SEAT,1343,469,2.863539445628998
Grudger,4,11,SEAT,1383,481,2.8752598752598755
Grudger,4,12,TitForTat,1220,427,2.857142857142857
Grudger,4,13,TitForTat,1238,456,2.7149122807017543
Grudger,4,14,TitForTat,1170,435,2.689655172413793
Grudger,4,15,TitForTat,1128,427,2.641686182669789
Grudger,4,16,Grudger,1290,476,2.7100840336134455
Grudger,4,17,Grudger,1256,440,2.8545454545454545
Grudger,4,18,AlwaysDefect,834,558,1.4946236559139785
Grudger,4,19,AlwaysDefect,682,458,1.4890829694323144
Grudger,4,20,Random,513,432,1.1875
Grudger,4,21,Random,497,441,1.126984126984127
Grudger,4,22,Pavlov,1332,504,2.642857142857143
Grudger,4,23,Pavlov,922,356,2.5898876404494384
Grudger,5,0,SEAT,1267,465,2.724731182795699
Grudger,5,1,SEAT,860,315,2.7301587301587302
Grudger,5,2,SEAT,1170,404,2.896039603960396
Grudger,5,3,SEAT,1315,472,2.7860169491525424
Grudger,5,4,SEAT,1274,460,2.7695652173913046
Grudger,5,5,SEAT,1346,472,2.8516949152542375
Grudger,5,6,SEAT,1052,381,2.7611548556430447
Grudger,5,7,SEAT,1269,453,2.801324503311258
Grudger,5,8,SEAT,1223,443,2.760722347629797
Grudger,5,9,SEAT,1280,461,2.7765726681127982
Grudger,5,10,SEAT,1334,472,2.8262711864406778
Grudger,5,11,SEAT,1318,458,2.8777292576419216
Grudger,5,12,TitForTat,1331,483,2.7556935817805384
Grudger,5,13,TitForTat,1297,479,2.7077244258872653
Grudger,5,14,TitForTat,1191,441,2.7006802721088436
Grudger,5,15,TitForTat,1128,413,2.7312348668280872
Grudger,5,16,Grudger,1210,446,2.713004484304933
Grudger,5,17,Grudger,1478,522,2.8314176245210727
Grudger,5,18,AlwaysDefect,636,436,1.4587155963302751
Grudger,5,19,AlwaysDefect,784,512,1.53125
Grudger,5,20,Random,712,567,1.255731922398589
Grudger,5,21,Random,689,460,1.4978260869565216
Grudger,5,22,Pavlov,1482,552,2.6847826086956523
Grudger,5,23,Pavlov,1171,439,2.6674259681093395
Grudger,6,0,SEAT,1300,476,2.73109243697479
Grudger,6,1,SEAT,1310,448,2.924107142857143
Grudger,6,2,SEAT,1208,432,2.7962962962962963
Grudger,6,3,SEAT,1098,379,2.8970976253298155
Grudger,6,4,SEAT,1240,424,2.9245283018867925
Grudger,6,5,SEAT,1256,456,2.754385964912281
Grudger,6,6,SEAT,1064,400,2.66
Grudger,6,7,SEAT,1160,417,2.7817745803357314
Grudger,6,8,SEAT,1392,486,2.8641975308641974
Grudger,6,9,SEAT,1106,398,2.778894472361809
Grudger,6,10,SEAT,1510,534,2.8277153558052435
Grudger,6,11,SEAT,1214,428,2.836448598130841
Grudger,6,12,TitForTat,1241,446,2.782511210762332
Grudger,6,13,TitForTat,1134,430,2.6372093023255814
Grudger,6,14,TitForTat,1161,442,2.6266968325791855
Grudger,6,15,TitForTat,1481,535,2.7682242990654204
Grudger,6,16,Grudger,974,356,2.735955056179775
Grudger,6,17,Grudger,1151,419,2.747016706443914
Grudger,6,18,AlwaysDefect,817,513,1.5925925925925926
Grudger,6,19,AlwaysDefect,640,400,1.6
Grudger,6,20,Random,517,385,1.3428571428571427
Grudger,6,21,Random,492,421,1.168646080760095
Grudger,6,22,Pavlov,958,365,2.6246575342465754
Grudger,6,23,Pavlov,1146,440,2.6045454545454545
Grudger,7,0,SEAT,1317,465,2.832258064516129
Grudger,7,1,SEAT,1141,403,2.8312655086848637
Grudger,7,2,SEAT,1315,476,2.7626050420168067
Grudger,7,3,SEAT,1412,496,2.846774193548387
Grudger,7,4,SEAT,1432,488,2.9344262295081966
Grudger,7,5,SEAT,1206,422,2.8578199052132702
Grudger,7,6,SEAT,1542,540,2.8555555555555556
Grudger,7,7,SEAT,1304,436,2.9908256880733943
Grudger,7,8,SEAT,1323,463,2.857451403887689
Grudger,7,9,SEAT,1323,474,2.7911392405063293
Grudger,7,10,SEAT,1375,501,2.744510978043912
Grudger,7,11,SEAT,1396,488,2.860655737704918
Grudger,7,12,TitForTat,1276,486,2.625514403292181
Grudger,7,13,TitForTat,1190,423,2.813238770685579
Grudger,7,14,TitForTat,1197,435,2.7517241379310344
Grudger,7,15,TitForTat,1525,535,2.850467289719626
Grudger,7,16,Grudger,1152,424,2.7169811320754715
Grudger,7,17,Grudger,1283,461,2.7830802603036875
Grudger,7,18,AlwaysDefect,764,468,1.6324786324786325
Grudger,7,19,AlwaysDefect,720,464,1.5517241379310345
Grudger,7,20,Random,521,476,1.0945378151260505
Grudger,7,21,Random,518,390,1.3282051282051281
Grudger,7,22,Pavlov,1188,456,2.6052631578947367
Grudger,7,23,Pavlov,1127,436,2.584862385321101
Grudger,8,0,SEAT,1153,407,2.832923832923833
Grudger,8,1,SEAT,1418,518,2.7374517374517375
Grudger,8,2,SEAT,1084,404,2.6831683168316833
Grudger,8,3,SEAT,1386,484,2.8636363636363638
Grudger,8,4,SEAT,1259,455,2.767032967032967
Grudger,8,5,SEAT,1185,419,2.828162291169451
Grudger,8,6,SEAT,1115,415,2.6867469879518073
Grudger,8,7,SEAT,1301,465,2.7978494623655914
Grudger,8,8,SEAT,1024,348,2.942528735632184
Grudger,8,9,SEAT,1536,554,2.7725631768953067
Grudger,8,10,SEAT,1233,425,2.9011764705882355
Grudger,8,11,SEAT,1073,385,2.787012987012987
Grudger,8,12,TitForTat,1305,452,2.8871681415929205
Grudger,8,13,TitForTat,1323,481,2.7505197505197505
Grudger,8,14,TitForTat,1119,406,2.7561576354679804
Grudger,8,15,TitForTat,1234,460,2.6826086956521737
Grudger,8,16,Grudger,1227,419,2.928400954653938
Grudger,8,17,Grudger,1261,445,2.8337078651685395
Grudger,8,18,AlwaysDefect,766,510,1.5019607843137255
Grudger,8,19,AlwaysDefect,445,329,1.3525835866261398
Grudger,8,20,Random,659,469,1.4051172707889126
Grudger,8,21,Random,525,357,1.4705882352941178
Grudger,8,22,Pavlov,1207,451,2.6762749445676275
Grudger,8,23,Pavlov,1599,586,2.7286689419795223
Grudger,9,0,SEAT,1208,428,2.822429906542056
Grudger,9,1,SEAT,1350,492,2.7439024390243905
Grudger,9,2,SEAT,1254,444,2.824324324324324
Grudger,9,3,SEAT,1113,403,2.761786600496278
Grudger,9,4,SEAT,1362,490,2.779591836734694
Grudger,9,5,SEAT,1391,481,2.891891891891892
Grudger,9,6,SEAT,1520,536,2.8358208955223883
Grudger,9,7,SEAT,1090,399,2.7318295739348373
Grudger,9,8,SEAT,1232,444,2.774774774774775
Grudger,9,9,SEAT,1293,462,2.7987012987012987
Grudger,9,10,SEAT,1224,434,2.8202764976958523
Grudger,9,11,SEAT,1545,535,2.8878504672897196
Grudger,9,12,TitForTat,1286,473,2.718816067653277
Grudger,9,13,TitForTat,1477,518,2.8513513513513513
Grudger,9,14,TitForTat,1149,427,2.690866510538642
Grudger,9,15,TitForTat,1364,484,2.8181818181818183
Grudger,9,16,Grudger,1179,419,2.8138424821002386
Grudger,9,17,Grudger,1274,456,2.793859649122807
Grudger,9,18,AlwaysDefect,851,531,1.6026365348399247
Grudger,9,19,AlwaysDefect,622,410,1.5170731707317073
Grudger,9,20,Random,623,450,1.3844444444444444
Grudger,9,21,Random,638,470,1.3574468085106384
Grudger,9,22,Pavlov,1241,479,2.5908141962421714
Grudger,9,23,Pavlov,1230,461,2.668112798264642
Grudger,10,0,SEAT,1480,540,2.740740740740741
Grudger,10,1,SEAT,1112,392,2.836734693877551
Grudger,10,2,SEAT,1574,532,2.9586466165413534
Grudger,10,3,SEAT,1367,495,2.7616161616161614
Grudger,10,4,SEAT,1448,520,2.7846153846153845
Grudger,10,5,SEAT,1389,497,2.7947686116700203
Grudger,10,6,SEAT,1326,460,2.882608695652174
Grudger,10,7,SEAT,1217,447,2.722595078299776
Grudger,10,8,SEAT,1280,458,2.7947598253275108
Grudger,10,9,SEAT,1191,421,2.828978622327791
Grudger,10,10,SEAT,1403,512,2.740234375
Grudger,10,11,SEAT,1053,377,2.793103448275862
Grudger,10,12,TitForTat,1446,528,2.7386363636363638
Grudger,10,13,TitForTat,1195,444,2.6914414414414414
Grudger,10,14,TitForTat,1160,424,2.7358490566037736
Grudger,10,15,TitForTat,1161,420,2.7642857142857142
Grudger,10,16,Grudger,1422,508,2.7992125984251968
Grudger,10,17,Grudger,1180,418,2.8229665071770333
Grudger,10,18,AlwaysDefect,667,479,1.3924843423799582
Grudger,10,19,AlwaysDefect,758,530,1.430188679245283
Grudger,10,20,Random,476,357,1.3333333333333333
Grudger,10,21,Random,589,426,1.3826291079812207
Grudger,10,22,Pavlov,1305,487,2.679671457905544
Grudger,10,23,Pavlov,1067,386,2.7642487046632125
Grudger,11,0,SEAT,1262,454,2.7797356828193833
Grudger,11,1,SEAT,1186,416,2.8509615384615383
Grudger,11,2,SEAT,1229,429,2.8648018648018647
Grudger,11,3,SEAT,1171,431,2.7169373549883993
Grudger,11,4,SEAT,1197,403,2.970223325062035
Grudger,11,5,SEAT,1017,369,2.7560975609756095
Grudger,11,6,SEAT,1278,472,2.707627118644068
Grudger,11,7,SEAT,1577,571,2.7618213660245186
Grudger,11,8,SEAT,1319,483,2.730848861283644
Grudger,11,9,SEAT,1422,510,2.788235294117647
Grudger,11,10,SEAT,1380,496,2.782258064516129
Grudger,11,11,SEAT,1150,412,2.79126213592233
Grudger,11,12,TitForTat,1296,483,2.6832298136645965
Grudger,11,13,TitForTat,1357,467,2.9057815845824413
Grudger,11,14,TitForTat,1276,461,2.767895878524946
Grudger,11,15,TitForTat,1217,455,2.6747252747252745
Grudger,11,16,Grudger,1300,466,2.7896995708154506
Grudger,11,17,Grudger,1338,484,2.7644628099173554
Grudger,11,18,AlwaysDefect,677,457,1.4814004376367615
Grudger,11,19,AlwaysDefect,711,475,1.496842105263158
Grudger,11,20,Random,470,440,1.0681818181818181
Grudger,11,21,Random,585,470,1.2446808510638299
Grudger,11,22,Pavlov,1269,473,2.682875264270613
Grudger,11,23,Pavlov,1110,411,2.7007299270072993
Grudger,12,0,SEAT,1446,516,2.802325581395349
Grudger,12,1,SEAT,1323,455,2.9076923076923076
Grudger,12,2,SEAT,1098,399,2.7518796992481205
Grudger,12,3,SEAT,1169,415,2.816867469879518
Grudger,12,4,SEAT,1438,512,2.80859375
Grudger,12,5,SEAT,1393,497,2.8028169014084505
Grudger,12,6,SEAT,1304,478,2.728033472803347
Grudger,12,7,SEAT,1233,453,2.7218543046357615
Grudger,12,8,SEAT,1415,497,2.847082494969819
Grudger,12,9,SEAT,1289,459,2.8082788671023966
Grudger,12,10,SEAT,1158,410,2.824390243902439
Grudger,12,11,SEAT,1008,352,2.8636363636363638
Grudger,12,12,TitForTat,1214,444,2.734234234234234
Grudger,12,13,TitForTat,1148,405,2.8345679012345677
Grudger,12,14,TitForTat,1202,438,2.7442922374429224
Grudger,12,15,TitForTat,950,341,2.7859237536656893
Grudger,12,16,Grudger,1341,487,2.753593429158111
Grudger,12,17,Grudger,1472,518,2.841698841698842
Grudger,12,18,AlwaysDefect,662,422,1.5687203791469195
Grudger,12,19,AlwaysDefect,767,475,1.6147368421052632
Grudger,12,20,Random,528,453,1.1655629139072847
Grudger,12,21,Random,659,444,1.4842342342342343
Grudger,12,22,Pavlov,1190,425,2.8
Grudger,12,23,Pavlov,1072,433,2.4757505773672057
Grudger,13,0,SEAT,1174,400,2.935
Grudger,13,1,SEAT,827,309,2.676375404530744
Grudger,13,2,SEAT,1233,427,2.8875878220140514
Grudger,13,3,SEAT,1167,433,2.695150115473441
Grudger,13,4,SEAT,1201,432,2.7800925925925926
Grudger,13,5,SEAT,1223,449,2.7238307349665924
Grudger,13,6,SEAT,1522,550,2.767272727272727
Grudger,13,7,SEAT,1168,414,2.821256038647343
Grudger,13,8,SEAT,1434,503,2.8508946322067596
Grudger,13,9,SEAT,1205,433,2.7829099307159355
Grudger,13,10,SEAT,1271,459,2.7690631808278865
Grudger,13,11,SEAT,1090,380,2.8684210526315788
Grudger,13,12,TitForTat,1291,472,2.735169491525424
Grudger,13,13,TitForTat,1155,423,2.730496453900709
Grudger,13,14,TitForTat,1179,424,2.7806603773584904
Grudger,13,15,TitForTat,1259,461,2.7310195227765726
Grudger,13,16,Grudger,1027,373,2.753351206434316
Grudger,13,17,Grudger,1331,483,2.7556935817805384
Grudger,13,18,AlwaysDefect,689,469,1.4690831556503199
Grudger,13,19,AlwaysDefect,695,527,1.3187855787476281
Grudger,13,20,Random,607,486,1.2489711934156378
Grudger,13,21,Random,471,425,1.108235294117647
Grudger,13,22,Pavlov,1001,367,2.7275204359673024
Grudger,13,23,Pavlov,1090,401,2.718204488778055
Grudger,14,0,SEAT,1326,478,2.774058577405858
Grudger,14,1,SEAT,1598,570,2.8035087719298244
Grudger,14,2,SEAT,1302,478,2.723849372384937
Grudger,14,3,SEAT,1631,573,2.8464223385689356
Grudger,14,4,SEAT,1190,424,2.806603773584906
Grudger,14,5,SEAT,1380,506,2.727272727272727
Grudger,14,6,SEAT,1092,380,2.873684210526316
Grudger,14,7,SEAT,1134,404,2.8069306930693068
Grudger,14,8,SEAT,1313,479,2.741127348643006
Grudger,14,9,SEAT,1155,406,2.8448275862068964
Grudger,14,10,SEAT,1132,396,2.8585858585858586
Grudger,14,11,SEAT,1139,392,2.9056122448979593
Grudger,14,12,TitForTat,1352,484,2.793388429752066
Grudger,14,13,TitForTat,1467,544,2.6966911764705883
Grudger,14,14,TitForTat,1306,455,2.8703296703296703
Grudger,14,15,TitForTat,1242,463,2.6825053995680346
Grudger,14,16,Grudger,1302,464,2.8060344827586206
Grudger,14,17,Grudger,1038,390,2.6615384615384614
Grudger,14,18,AlwaysDefect,836,528,1.5833333333333333
Grudger,14,19,AlwaysDefect,700,476,1.4705882352941178
Grudger,14,20,Random,544,464,1.1724137931034482
Grudger,14,21,Random,634,482,1.3153526970954357
Grudger,14,22,Pavlov,1214,444,2.734234234234234
Grudger,14,23,Pavlov,1248,460,2.7130434782608694
Grudger,15,0,SEAT,1140,404,2.8217821782178216
Grudger,15,1,SEAT,1348,486,2.7736625514403292
Grudger,15,2,SEAT,1105,402,2.7487562189054726
Grudger,15,3,SEAT,1251,437,2.862700228832952
Grudger,15,4,SEAT,1482,530,2.7962264150943397
Grudger,15,5,SEAT,1381,489,2.8241308793456033
Grudger,15,6,SEAT,1437,509,2.8231827111984282
Grudger,15,7,SEAT,1178,424,2.7783018867924527
Grudger,15,8,SEAT,1157,435,2.659770114942529
Grudger,15,9,SEAT,1298,458,2.834061135371179
Grudger,15,10,SEAT,1228,432,2.8425925925925926
Grudger,15,11,SEAT,1279,459,2.786492374727669
Grudger,15,12,TitForTat,1084,405,2.6765432098765434
Grudger,15,13,TitForTat,1434,539,2.660482374768089
Grudger,15,14,TitForTat,1256,448,2.8035714285714284
Grudger,15,15,TitForTat,1030,371,2.776280323450135
Grudger,15,16,Grudger,1363,489,2.787321063394683
Grudger,15,17,Grudger,1292,454,2.845814977973568
Grudger,15,18,AlwaysDefect,679,507,1.339250493096647
Grudger,15,19,AlwaysDefect,665,437,1.5217391304347827
Grudger,15,20,Random,595,489,1.2167689161554192
Grudger,15,21,Random,603,485,1.243298969072165
Grudger,15,22,Pavlov,1506,547,2.753199268738574
Grudger,15,23,Pavlov,1326,472,2.809322033898305
Grudger,16,0,SEAT,1548,540,2.8666666666666667
Grudger,16,1,SEAT,1350,490,2.7551020408163267
Grudger,16,2,SEAT,1456,528,2.757575757575758
Grudger,16,3,SEAT,1312,482,2.7219917012448134
Grudger,16,4,SEAT,1503,535,2.8093457943925233
Grudger,16,5,SEAT,1305,455,2.868131868131868
Grudger,16,6,SEAT,1363,491,2.7759674134419554
Grudger,16,7,SEAT,1314,464,2.831896551724138
Grudger,16,8,SEAT,1348,468,2.8803418803418803
Grudger,16,9,SEAT,1563,561,2.786096256684492
Grudger,16,10,SEAT,1373,479,2.8663883089770357
Grudger,16,11,SEAT,1365,493,2.768762677484787
Grudger,16,12,TitForTat,1280,472,2.711864406779661
Grudger,16,13,TitForTat,1351,489,2.7627811860940694
Grudger,16,14,TitForTat,1272,470,2.706382978723404
Grudger,16,15,TitForTat,1263,461,2.7396963123644253
Grudger,16,16,Grudger,1403,503,2.789264413518887
Grudger,16,17,Grudger,1278,468,2.730769230769231
Grudger,16,18,AlwaysDefect,769,525,1.4647619047619047
Grudger,16,19,AlwaysDefect,740,500,1.48
Grudger,16,20,Random,623,467,1.3340471092077089
Grudger,16,21,Random,557,422,1.319905213270142
Grudger,16,22,Pavlov,1167,439,2.6583143507972666
Grudger,16,23,Pavlov,1552,570,2.7228070175438597
Grudger,17,0,SEAT,1151,415,2.7734939759036146
Grudger,17,1,SEAT,1164,408,2.8529411764705883
Grudger,17,2,SEAT,1247,449,2.77728285077951
Grudger,17,3,SEAT,1438,503,2.8588469184890655
Grudger,17,4,SEAT,1335,461,2.89587852494577
Grudger,17,5,SEAT,1252,454,2.7577092511013217
Grudger,17,6,SEAT,1396,502,2.7808764940239046
Grudger,17,7,SEAT,1133,415,2.730120481927711
Grudger,17,8,SEAT,1287,463,2.7796976241900646
Grudger,17,9,SEAT,902,328,2.75
Grudger,17,10,SEAT,1438,512,2.80859375
Grudger,17,11,SEAT,1055,377,2.7984084880636604
Grudger,17,12,TitForTat,1107,405,2.7333333333333334
Grudger,17,13,TitForTat,1114,409,2.7237163814180927
Grudger,17,14,TitForTat,1263,442,2.8574660633484164
Grudger,17,15,TitForTat,1415,497,2.847082494969819
Grudger,17,16,Grudger,1309,457,2.8643326039387307
Grudger,17,17,Grudger,952,361,2.6371191135734073
Grudger,17,18,AlwaysDefect,687,491,1.3991853360488797
Grudger,17,19,AlwaysDefect,751,459,1.636165577342048
Grudger,17,20,Random,480,431,1.1136890951276102
Grudger,17,21,Random,492,458,1.074235807860262
Grudger,17,22,Pavlov,1270,458,2.7729257641921397
Grudger,17,23,Pavlov,1303,491,2.653767820773931
Grudger,18,0,SEAT,1301,473,2.7505285412262155
Grudger,18,1,SEAT,1323,479,2.7620041753653446
Grudger,18,2,SEAT,1486,528,2.8143939393939394
Grudger,18,3,SEAT,1143,423,2.702127659574468
Grudger,18,4,SEAT,1254,432,2.9027777777777777
Grudger,18,5,SEAT,1201,423,2.839243498817967
Grudger,18,6,SEAT,1171,409,2.863080684596577
Grudger,18,7,SEAT,1244,456,2.7280701754385963
Grudger,18,8,SEAT,1294,466,2.776824034334764
Grudger,18,9,SEAT,1323,487,2.7166324435318274
Grudger,18,10,SEAT,1344,482,2.788381742738589
Grudger,18,11,SEAT,1215,439,2.7676537585421412
Grudger,18,12,TitForTat,1192,421,2.831353919239905
Grudger,18,13,TitForTat,1032,386,2.673575129533679
Grudger,18,14,TitForTat,1127,421,2.676959619952494
Grudger,18,15,TitForTat,1030,377,2.7320954907161803
Grudger,18,16,Grudger,1180,408,2.892156862745098
Grudger,18,17,Grudger,1199,441,2.7188208616780045
Grudger,18,18,AlwaysDefect,706,502,1.406374501992032
Grudger,18,19,AlwaysDefect,668,460,1.4521739130434783
Grudger,18,20,Random,509,434,1.172811059907834
Grudger,18,21,Random,538,416,1.2932692307692308
Grudger,18,22,Pavlov,1008,373,2.702412868632708
Grudger,18,23,Pavlov,1217,454,2.6806167400881056
Grudger,19,0,SEAT,1414,494,2.8623481781376516
Grudger,19,1,SEAT,1144,402,2.845771144278607
Grudger,19,2,SEAT,1140,412,2.766990291262136
Grudger,19,3,SEAT,1165,421,2.7672209026128267
Grudger,19,4,SEAT,1472,514,2.8638132295719845
Grudger,19,5,SEAT,1203,417,2.884892086330935
Grudger,19,6,SEAT,1380,486,2.8395061728395063
Grudger,19,7,SEAT,1273,449,2.8351893095768372
Grudger,19,8,SEAT,1474,538,2.7397769516728623
Grudger,19,9,SEAT,1441,509,2.831041257367387
Grudger,19,10,SEAT,1331,477,2.790356394129979
Grudger,19,11,SEAT,1293,455,2.841758241758242
Grudger,19,12,TitForTat,1468,527,2.7855787476280836
Grudger,19,13,TitForTat,1150,424,2.7122641509433962
Grudger,19,14,TitForTat,1645,594,2.7693602693602695
Grudger,19,15,TitForTat,1399,511,2.7377690802348336
Grudger,19,16,Grudger,1225,445,2.752808988764045
Grudger,19,17,Grudger,1097,413,2.656174334140436
Grudger,19,18,AlwaysDefect,686,470,1.4595744680851064
Grudger,19,19,AlwaysDefect,732,496,1.4758064516129032
Grudger,19,20,Random,667,559,1.1932021466905187
Grudger,19,21,Random,634,494,1.2834008097165992
Grudger,19,22,Pavlov,1160,440,2.6363636363636362
Grudger,19,23,Pavlov,1195,441,2.709750566893424
Grudger,20,0,SEAT,1416,496,2.8548387096774195
Grudger,20,1,SEAT,1156,422,2.7393364928909953
Grudger,20,2,SEAT,1451,516,2.812015503875969
Grudger,20,3,SEAT,1309,474,2.761603375527426
Grudger,20,4,SEAT,1390,492,2.8252032520325203
Grudger,20,5,SEAT,1121,411,2.727493917274939
Grudger,20,6,SEAT,861,293,2.938566552901024
Grudger,20,7,SEAT,1289,457,2.8205689277899344
Grudger,20,8,SEAT,1456,522,2.789272030651341
Grudger,20,9,SEAT,1119,419,2.6706443914081146
Grudger,20,10,SEAT,1025,377,2.7188328912466844
Grudger,20,11,SEAT,1308,466,2.8068669527896994
Grudger,20,12,TitForTat,1222,444,2.7522522522522523
Grudger,20,13,TitForTat,1023,372,2.75
Grudger,20,14,TitForTat,1002,342,2.9298245614035086
Grudger,20,15,TitForTat,1141,418,2.729665071770335
Grudger,20,16,Grudger,1456,508,2.8661417322834644
Grudger,20,17,Grudger,1173,419,2.799522673031026
Grudger,20,18,AlwaysDefect,804,516,1.558139534883721
Grudger,20,19,AlwaysDefect,731,463,1.5788336933045357
Grudger,20,20,Random,664,464,1.4310344827586208
Grudger,20,21,Random,526,433,1.2147806004618937
Grudger,20,22,Pavlov,1000,399,2.506265664160401
Grudger,20,23,Pavlov,1302,487,2.673511293634497
Pavlov,1,0,SEAT,1330,472,2.8177966101694913
Pavlov,1,1,SEAT,1295,500,2.59
Pavlov,1,2,SEAT,1252,448,2.794642857142857
Pavlov,1,3,SEAT,1240,458,2.7074235807860263
Pavlov,1,4,SEAT,1431,543,2.6353591160220993
Pavlov,1,5,SEAT,1360,508,2.677165354330709
Pavlov,1,6,SEAT,1313,466,2.8175965665236054
Pavlov,1,7,SEAT,1100,440,2.5
Pavlov,1,8,SEAT,1293,495,2.6121212121212123
Pavlov,1,9,SEAT,1297,494,2.625506072874494
Pavlov,1,10,SEAT,1363,482,2.827800829875519
Pavlov,1,11,SEAT,1431,501,2.856287425149701
Pavlov,1,12,TitForTat,1289,436,2.956422018348624
Pavlov,1,13,TitForTat,1380,505,2.732673267326733
Pavlov,1,14,TitForTat,1339,471,2.842887473460722
Pavlov,1,15,TitForTat,1289,475,2.7136842105263157
Pavlov,1,16,Grudger,1205,412,2.924757281553398
Pavlov,1,17,Grudger,1244,442,2.81447963800905
Pavlov,1,18,AlwaysDefect,1085,417,2.6019184652278176
Pavlov,1,19,AlwaysDefect,1278,494,2.5870445344129553
Pavlov,1,20,Random,1047,498,2.102409638554217
Pavlov,1,21,Random,934,468,1.9957264957264957
Pavlov,1,22,Pavlov,1127,430,2.6209302325581394
Pavlov,1,23,Pavlov,1338,485,2.758762886597938
Pavlov,2,0,SEAT,965,358,2.695530726256983
Pavlov,2,1,SEAT,976,361,2.703601108033241
Pavlov,2,2,SEAT,1317,493,2.6713995943204867
Pavlov,2,3,SEAT,1193,455,2.621978021978022
Pavlov,2,4,SEAT,1256,422,2.976303317535545
Pavlov,2,5,SEAT,1114,410,2.7170731707317075
Pavlov,2,6,SEAT,1315,497,2.6458752515090542
Pavlov,2,7,SEAT,1229,472,2.6038135593220337
Pavlov,2,8,SEAT,1073,399,2.68922305764411
Pavlov,2,9,SEAT,1397,513,2.723196881091618
Pavlov,2,10,SEAT,1491,540,2.761111111111111
Pavlov,2,11,SEAT,1230,473,2.6004228329809727
Pavlov,2,12,TitForTat,1290,469,2.7505330490405115
Pavlov,2,13,TitForTat,1208,439,2.7517084282460136
Pavlov,2,14,TitForTat,1138,403,2.823821339950372
Pavlov,2,15,TitForTat,1281,461,2.7787418655097613
Pavlov,2,16,Grudger,1328,476,2.7899159663865545
Pavlov,2,17,Grudger,1104,400,2.76
Pavlov,2,18,AlwaysDefect,1176,444,2.6486486486486487
Pavlov,2,19,AlwaysDefect,1175,471,2.494692144373673
Pavlov,2,20,Random,909,483,1.8819875776397517
Pavlov,2,21,Random,927,455,2.0373626373626372
Pavlov,2,22,Pavlov,1283,451,2.844789356984479
Pavlov,2,23,Pavlov,1180,433,2.725173210161663
Pavlov,3,0,SEAT,1023,375,2.728
Pavlov,3,1,SEAT,1313,493,2.663286004056795
Pavlov,3,2,SEAT,1189,458,2.596069868995633
Pavlov,3,3,SEAT,1033,401,2.576059850374065
Pavlov,3,4,SEAT,1008,372,2.7096774193548385
Pavlov,3,5,SEAT,1047,391,2.6777493606138107
Pavlov,3,6,SEAT,1176,454,2.590308370044053
Pavlov,3,7,SEAT,1234,476,2.592436974789916
Pavlov,3,8,SEAT,1326,475,2.791578947368421
Pavlov,3,9,SEAT,1342,477,2.8134171907756813
Pavlov,3,10,SEAT,1116,418,2.6698564593301435
Pavlov,3,11,SEAT,1205,435,2.7701149425287355
Pavlov,3,12,TitForTat,1264,468,2.700854700854701
Pavlov,3,13,TitForTat,1313,480,2.7354166666666666
Pavlov,3,14,TitForTat,1244,447,2.7829977628635345
Pavlov,3,15,TitForTat,1337,473,2.8266384778012683
Pavlov,3,16,Grudger,1290,458,2.816593886462882
Pavlov,3,17,Grudger,1369,497,2.754527162977867
Pavlov,3,18,AlwaysDefect,1050,426,2.464788732394366
Pavlov,3,19,AlwaysDefect,1295,559,2.3166368515205726
Pavlov,3,20,Random,940,480,1.9583333333333333
Pavlov,3,21,Random,1014,490,2.0693877551020408
Pavlov,3,22,Pavlov,1091,402,2.7139303482587063
Pavlov,3,23,Pavlov,1197,449,2.665924276169265
Pavlov,4,0,SEAT,1295,483,2.681159420289855
Pavlov,4,1,SEAT,1181,437,2.7025171624713957
Pavlov,4,2,SEAT,1469,540,2.7203703703703703
Pavlov,4,3,SEAT,1223,455,2.687912087912088
Pavlov,4,4,SEAT,1068,397,2.690176322418136
Pavlov,4,5,SEAT,1068,398,2.6834170854271355
Pavlov,4,6,SEAT,1414,513,2.7563352826510723
Pavlov,4,7,SEAT,1506,528,2.852272727272727
Pavlov,4,8,SEAT,1253,465,2.6946236559139787
Pavlov,4,9,SEAT,1184,446,2.6547085201793723
Pavlov,4,10,SEAT,1242,453,2.7417218543046356
Pavlov,4,11,SEAT,1359,516,2.633720930232558
Pavlov,4,12,TitForTat,967,381,2.538057742782152
Pavlov,4,13,TitForTat,1458,547,2.6654478976234004
Pavlov,4,14,TitForTat,1352,502,2.693227091633466
Pavlov,4,15,TitForTat,1417,505,2.8059405940594058
Pavlov,4,16,Grudger,1093,389,2.809768637532134
Pavlov,4,17,Grudger,1372,484,2.834710743801653
Pavlov,4,18,AlwaysDefect,1133,457,2.4792122538293215
Pavlov,4,19,AlwaysDefect,1245,529,2.3534971644612477
Pavlov,4,20,Random,1193,572,2.085664335664336
Pavlov,4,21,Random,1005,481,2.0893970893970892
Pavlov,4,22,Pavlov,1017,401,2.536159600997506
Pavlov,4,23,Pavlov,958,379,2.5277044854881265
Pavlov,5,0,SEAT,1410,529,2.665406427221172
Pavlov,5,1,SEAT,1247,440,2.834090909090909
Pavlov,5,2,SEAT,1243,480,2.589583333333333
Pavlov,5,3,SEAT,1089,388,2.806701030927835
Pavlov,5,4,SEAT,1109,408,2.718137254901961
Pavlov,5,5,SEAT,1231,432,2.849537037037037
Pavlov,5,6,SEAT,1363,492,2.7703252032520327
Pavlov,5,7,SEAT,1504,557,2.7001795332136447
Pavlov,5,8,SEAT,1450,550,2.6363636363636362
Pavlov,5,9,SEAT,1230,454,2.709251101321586
Pavlov,5,10,SEAT,1021,405,2.5209876543209875
Pavlov,5,11,SEAT,1176,437,2.691075514874142
Pavlov,5,12,TitForTat,1284,469,2.7377398720682304
Pavlov,5,13,TitForTat,1204,447,2.693512304250559
Pavlov,5,14,TitForTat,1405,522,2.6915708812260535
Pavlov,5,15,TitForTat,1195,446,2.679372197309417
Pavlov,5,16,Grudger,1354,486,2.786008230452675
Pavlov,5,17,Grudger,1462,532,2.7481203007518795
Pavlov,5,18,AlwaysDefect,1239,527,2.351043643263757
Pavlov,5,19,AlwaysDefect,1167,495,2.3575757575757574
Pavlov,5,20,Random,1055,500,2.11
Pavlov,5,21,Random,928,509,1.8231827111984282
Pavlov,5,22,Pavlov,1341,498,2.6927710843373496
Pavlov,5,23,Pavlov,1364,495,2.7555555555555555
Pavlov,6,0,SEAT,1296,468,2.769230769230769
Pavlov,6,1,SEAT,1254,460,2.726086956521739
Pavlov,6,2,SEAT,1436,540,2.6592592592592594
Pavlov,6,3,SEAT,1133,438,2.58675799086758
Pavlov,6,4,SEAT,1055,404,2.6113861386138613
Pavlov,6,5,SEAT,968,357,2.711484593837535
Pavlov,6,6,SEAT,1317,495,2.6606060606060606
Pavlov,6,7,SEAT,1290,453,2.847682119205298
Pavlov,6,8,SEAT,1088,394,2.761421319796954
Pavlov,6,9,SEAT,1325,486,2.7263374485596708
Pavlov,6,10,SEAT,1231,465,2.6473118279569894
Pavlov,6,11,SEAT,1238,445,2.7820224719101123
Pavlov,6,12,TitForTat,1429,524,2.7270992366412212
Pavlov,6,13,TitForTat,1043,377,2.7665782493368702
Pavlov,6,14,TitForTat,1343,469,2.863539445628998
Pavlov,6,15,TitForTat,1289,465,2.772043010752688
Pavlov,6,16,Grudger,1549,557,2.7809694793536806
Pavlov,6,17,Grudger,1244,432,2.8796296296296298
Pavlov,6,18,AlwaysDefect,1063,439,2.421412300683371
Pavlov,6,19,AlwaysDefect,1084,428,2.532710280373832
Pavlov,6,20,Random,853,421,2.026128266033254
Pavlov,6,21,Random,732,370,1.9783783783783784
Pavlov,6,22,Pavlov,1425,517,2.756286266924565
Pavlov,6,23,Pavlov,1535,536,2.8638059701492535
Pavlov,7,0,SEAT,1030,403,2.555831265508685
Pavlov,7,1,SEAT,1096,402,2.72636815920398
Pavlov,7,2,SEAT,1182,437,2.7048054919908466
Pavlov,7,3,SEAT,1543,545,2.831192660550459
Pavlov,7,4,SEAT,1502,515,2.9165048543689323
Pavlov,7,5,SEAT,1372,476,2.8823529411764706
Pavlov,7,6,SEAT,1325,492,2.6930894308943087
Pavlov,7,7,SEAT,1262,466,2.708154506437768
Pavlov,7,8,SEAT,1415,524,2.700381679389313
Pavlov,7,9,SEAT,1257,462,2.720779220779221
Pavlov,7,10,SEAT,1450,538,2.6951672862453533
Pavlov,7,11,SEAT,1306,486,2.6872427983539096
Pavlov,7,12,TitForTat,1423,526,2.70532319391635
Pavlov,7,13,TitForTat,1264,466,2.7124463519313307
Pavlov,7,14,TitForTat,1156,406,2.8472906403940885
Pavlov,7,15,TitForTat,1217,424,2.8702830188679247
Pavlov,7,16,Grudger,1288,466,2.763948497854077
Pavlov,7,17,Grudger,1422,506,2.8102766798418974
Pavlov,7,18,AlwaysDefect,1175,451,2.6053215077605323
Pavlov,7,19,AlwaysDefect,1003,391,2.5652173913043477
Pavlov,7,20,Random,784,427,1.8360655737704918
Pavlov,7,21,Random,803,405,1.982716049382716
Pavlov,7,22,Pavlov,1513,529,2.8601134215500945
Pavlov,7,23,Pavlov,990,363,2.727272727272727
Pavlov,8,0,SEAT,1405,515,2.7281553398058254
Pavlov,8,1,SEAT,1198,444,2.6981981981981984
Pavlov,8,2,SEAT,1039,360,2.886111111111111
Pavlov,8,3,SEAT,1329,505,2.631683168316832
Pavlov,8,4,SEAT,1242,476,2.6092436974789917
Pavlov,8,5,SEAT,1060,390,2.717948717948718
Pavlov,8,6,SEAT,1394,533,2.6153846153846154
Pavlov,8,7,SEAT,1050,392,2.6785714285714284
Pavlov,8,8,SEAT,1213,451,2.6895787139689578
Pavlov,8,9,SEAT,1232,464,2.6551724137931036
Pavlov,8,10,SEAT,1283,457,2.807439824945295
Pavlov,8,11,SEAT,1328,495,2.682828282828283
Pavlov,8,12,TitForTat,1182,418,2.827751196172249
Pavlov,8,13,TitForTat,1096,404,2.712871287128713
Pavlov,8,14,TitForTat,1099,414,2.654589371980676
Pavlov,8,15,TitForTat,1083,394,2.748730964467005
Pavlov,8,16,Grudger,1363,461,2.9566160520607374
Pavlov,8,17,Grudger,1289,455,2.832967032967033
Pavlov,8,18,AlwaysDefect,1265,489,2.5869120654396727
Pavlov,8,19,AlwaysDefect,946,398,2.3768844221105527
Pavlov,8,20,Random,1177,575,2.0469565217391303
Pavlov,8,21,Random,837,427,1.9601873536299765
Pavlov,8,22,Pavlov,1163,446,2.60762331838565
Pavlov,8,23,Pavlov,1087,381,2.853018372703412
Pavlov,9,0,SEAT,1265,472,2.680084745762712
Pavlov,9,1,SEAT,1303,480,2.714583333333333
Pavlov,9,2,SEAT,956,361,2.6481994459833795
Pavlov,9,3,SEAT,1280,475,2.694736842105263
Pavlov,9,4,SEAT,1201,426,2.81924882629108
Pavlov,9,5,SEAT,1088,420,2.5904761904761906
Pavlov,9,6,SEAT,1016,369,2.7533875338753386
Pavlov,9,7,SEAT,1274,461,2.7635574837310197
Pavlov,9,8,SEAT,1410,530,2.660377358490566
Pavlov,9,9,SEAT,1414,512,2.76171875
Pavlov,9,10,SEAT,1347,471,2.859872611464968
Pavlov,9,11,SEAT,1371,508,2.6988188976377954
Pavlov,9,12,TitForTat,1248,451,2.7671840354767183
Pavlov,9,13,TitForTat,1294,465,2.782795698924731
Pavlov,9,14,TitForTat,1357,492,2.758130081300813
Pavlov,9,15,TitForTat,1205,440,2.7386363636363638
Pavlov,9,16,Grudger,1379,497,2.7746478873239435
Pavlov,9,17,Grudger,1173,423,2.773049645390071
Pavlov,9,18,AlwaysDefect,1105,461,2.3969631236442517
Pavlov,9,19,AlwaysDefect,1064,440,2.418181818181818
Pavlov,9,20,Random,882,430,2.0511627906976746
Pavlov,9,21,Random,788,398,1.979899497487437
Pavlov,9,22,Pavlov,1255,471,2.664543524416136
Pavlov,9,23,Pavlov,1472,519,2.836223506743738
Pavlov,10,0,SEAT,1437,526,2.7319391634980987
Pavlov,10,1,SEAT,1381,522,2.6455938697318007
Pavlov,10,2,SEAT,1214,433,2.8036951501154737
Pavlov,10,3,SEAT,1424,542,2.6273062730627306
Pavlov,10,4,SEAT,1058,365,2.8986301369863012
Pavlov,10,5,SEAT,1186,429,2.7645687645687644
Pavlov,10,6,SEAT,1193,440,2.7113636363636364
Pavlov,10,7,SEAT,1404,487,2.8829568788501025
Pavlov,10,8,SEAT,1365,512,2.666015625
Pavlov,10,9,SEAT,945,366,2.581967213114754
Pavlov,10,10,SEAT,1089,403,2.7022332506203472
Pavlov,10,11,SEAT,924,368,2.510869565217391
Pavlov,10,12,TitForTat,1159,417,2.7793764988009593
Pavlov,10,13,TitForTat,1122,407,2.7567567567567566
Pavlov,10,14,TitForTat,1200,440,2.727272727272727
Pavlov,10,15,TitForTat,1057,374,2.8262032085561497
Pavlov,10,16,Grudger,1081,393,2.7506361323155217
Pavlov,10,17,Grudger,1396,504,2.7698412698412698
Pavlov,10,18,AlwaysDefect,1086,450,2.4133333333333336
Pavlov,10,19,AlwaysDefect,1045,437,2.391304347826087
Pavlov,10,20,Random,886,416,2.1298076923076925
Pavlov,10,21,Random,1053,520,2.025
Pavlov,10,22,Pavlov,1130,408,2.769607843137255
Pavlov,10,23,Pavlov,1570,559,2.808586762075134
Pavlov,11,0,SEAT,1260,438,2.8767123287671232
Pavlov,11,1,SEAT,1103,408,2.7034313725490198
Pavlov,11,2,SEAT,1196,446,2.681614349775785
Pavlov,11,3,SEAT,1259,467,2.69593147751606
Pavlov,11,4,SEAT,1217,442,2.753393665158371
Pavlov,11,5,SEAT,1095,409,2.6772616136919316
Pavlov,11,6,SEAT,1224,446,2.7443946188340806
Pavlov,11,7,SEAT,1293,451,2.8669623059866964
Pavlov,11,8,SEAT,1326,484,2.739669421487603
Pavlov,11,9,SEAT,1214,441,2.752834467120181
Pavlov,11,10,SEAT,1266,477,2.6540880503144653
Pavlov,11,11,SEAT,1300,475,2.736842105263158
Pavlov,11,12,TitForTat,1385,484,2.8615702479338845
Pavlov,11,13,TitForTat,1188,431,2.7563805104408354
Pavlov,11,14,TitForTat,1105,419,2.6372315035799523
Pavlov,11,15,TitForTat,1352,464,2.913793103448276
Pavlov,11,16,Grudger,1202,438,2.7442922374429224
Pavlov,11,17,Grudger,1522,534,2.850187265917603
Pavlov,11,18,AlwaysDefect,1099,463,2.373650107991361
Pavlov,11,19,AlwaysDefect,1110,450,2.466666666666667
Pavlov,11,20,Random,1002,496,2.0201612903225805
Pavlov,11,21,Random,625,344,1.816860465116279
Pavlov,11,22,Pavlov,1199,441,2.7188208616780045
Pavlov,11,23,Pavlov,1032,410,2.5170731707317073
Pavlov,12,0,SEAT,1134,409,2.772616136919315
Pavlov,12,1,SEAT,1462,514,2.8443579766536966
Pavlov,12,2,SEAT,1150,397,2.8967254408060454
Pavlov,12,3,SEAT,1213,461,2.631236442516269
Pavlov,12,4,SEAT,1059,392,2.701530612244898
Pavlov,12,5,SEAT,1392,515,2.702912621359223
Pavlov,12,6,SEAT,1184,414,2.859903381642512
Pavlov,12,7,SEAT,1363,505,2.699009900990099
Pavlov,12,8,SEAT,1045,393,2.659033078880407
Pavlov,12,9,SEAT,1270,475,2.6736842105263157
Pavlov,12,10,SEAT,1226,463,2.647948164146868
Pavlov,12,11,SEAT,1363,518,2.6312741312741315
Pavlov,12,12,TitForTat,1315,479,2.7453027139874737
Pavlov,12,13,TitForTat,1234,459,2.6884531590413943
Pavlov,12,14,TitForTat,1040,387,2.6873385012919897
Pavlov,12,15,TitForTat,1320,482,2.7385892116182573
Pavlov,12,16,Grudger,1430,514,2.782101167315175
Pavlov,12,17,Grudger,1395,497,2.806841046277666
Pavlov,12,18,AlwaysDefect,1019,415,2.455421686746988
Pavlov,12,19,AlwaysDefect,1267,515,2.4601941747572815
Pavlov,12,20,Random,694,358,1.9385474860335195
Pavlov,12,21,Random,958,483,1.9834368530020703
Pavlov,12,22,Pavlov,937,353,2.6543909348441925
Pavlov,12,23,Pavlov,1233,454,2.7158590308370045
Pavlov,13,0,SEAT,1292,457,2.8271334792122538
Pavlov,13,1,SEAT,1474,541,2.7245841035120146
Pavlov,13,2,SEAT,1431,518,2.7625482625482625
Pavlov,13,3,SEAT,1201,440,2.7295454545454545
Pavlov,13,4,SEAT,1222,450,2.7155555555555555
Pavlov,13,5,SEAT,1119,428,2.614485981308411
Pavlov,13,6,SEAT,1252,463,2.7041036717062634
Pavlov,13,7,SEAT,1210,429,2.8205128205128207
Pavlov,13,8,SEAT,1398,534,2.6179775280898876
Pavlov,13,9,SEAT,1397,502,2.7828685258964145
Pavlov,13,10,SEAT,1401,505,2.774257425742574
Pavlov,13,11,SEAT,1264,490,2.5795918367346937
Pavlov,13,12,TitForTat,1061,379,2.7994722955145117
Pavlov,13,13,TitForTat,1234,435,2.8367816091954023
Pavlov,13,14,TitForTat,1547,555,2.7873873873873873
Pavlov,13,15,TitForTat,1325,479,2.766179540709812
Pavlov,13,16,Grudger,1289,472,2.7309322033898304
Pavlov,13,17,Grudger,1406,498,2.823293172690763
Pavlov,13,18,AlwaysDefect,1077,469,2.29637526652452
Pavlov,13,19,AlwaysDefect,1161,441,2.63265306122449
Pavlov,13,20,Random,889,443,2.0067720090293455
Pavlov,13,21,Random,878,440,1.9954545454545454
Pavlov,13,22,Pavlov,1319,465,2.836559139784946
Pavlov,13,23,Pavlov,1231,439,2.8041002277904328
Pavlov,14,0,SEAT,994,348,2.8563218390804597
Pavlov,14,1,SEAT,1352,499,2.7094188376753507
Pavlov,14,2,SEAT,1376,477,2.8846960167714886
Pavlov,14,3,SEAT,1210,460,2.630434782608696
Pavlov,14,4,SEAT,1305,466,2.800429184549356
Pavlov,14,5,SEAT,1296,480,2.7
Pavlov,14,6,SEAT,993,352,2.821022727272727
Pavlov,14,7,SEAT,1197,425,2.816470588235294
Pavlov,14,8,SEAT,1250,447,2.796420581655481
Pavlov,14,9,SEAT,1168,441,2.6485260770975056
Pavlov,14,10,SEAT,1241,462,2.686147186147186
Pavlov,14,11,SEAT,867,330,2.6272727272727274
Pavlov,14,12,TitForTat,1018,365,2.789041095890411
Pavlov,14,13,TitForTat,1265,456,2.7741228070175437
Pavlov,14,14,TitForTat,1358,507,2.678500986193294
Pavlov,14,15,TitForTat,1165,424,2.7476415094339623
Pavlov,14,16,Grudger,1205,429,2.808857808857809
Pavlov,14,17,Grudger,1155,416,2.7764423076923075
Pavlov,14,18,AlwaysDefect,963,423,2.276595744680851
Pavlov,14,19,AlwaysDefect,1027,407,2.5233415233415233
Pavlov,14,20,Random,971,456,2.129385964912281
Pavlov,14,21,Random,1015,505,2.00990099009901
Pavlov,14,22,Pavlov,1385,501,2.7644710578842315
Pavlov,14,23,Pavlov,1345,488,2.7561475409836067
Pavlov,15,0,SEAT,1116,425,2.6258823529411766
Pavlov,15,1,SEAT,1227,460,2.667391304347826
Pavlov,15,2,SEAT,1209,435,2.779310344827586
Pavlov,15,3,SEAT,1330,493,2.6977687626774847
Pavlov,15,4,SEAT,1367,500,2.734
Pavlov,15,5,SEAT,1176,448,2.625
Pavlov,15,6,SEAT,1294,490,2.6408163265306124
Pavlov,15,7,SEAT,1000,357,2.8011204481792715
Pavlov,15,8,SEAT,1248,467,2.6723768736616704
Pavlov,15,9,SEAT,1368,522,2.6206896551724137
Pavlov,15,10,SEAT,1503,565,2.6601769911504425
Pavlov,15,11,SEAT,1104,403,2.739454094292804
Pavlov,15,12,TitForTat,1215,433,2.8060046189376444
Pavlov,15,13,TitForTat,1192,435,2.740229885057471
Pavlov,15,14,TitForTat,1037,381,2.7217847769028873
Pavlov,15,15,TitForTat,986,369,2.6720867208672088
Pavlov,15,16,Grudger,1425,503,2.8330019880715707
Pavlov,15,17,Grudger,1280,433,2.956120092378753
Pavlov,15,18,AlwaysDefect,1252,504,2.484126984126984
Pavlov,15,19,AlwaysDefect,1129,433,2.607390300230947
Pavlov,15,20,Random,825,394,2.0939086294416245
Pavlov,15,21,Random,816,407,2.004914004914005
Pavlov,15,22,Pavlov,1345,499,2.6953907815631264
Pavlov,15,23,Pavlov,1140,422,2.7014218009478674
Pavlov,16,0,SEAT,1310,487,2.6899383983572895
Pavlov,16,1,SEAT,1160,448,2.5892857142857144
Pavlov,16,2,SEAT,1132,422,2.6824644549763033
Pavlov,16,3,SEAT,1055,406,2.5985221674876846
Pavlov,16,4,SEAT,1264,441,2.866213151927438
Pavlov,16,5,SEAT,1400,531,2.6365348399246704
Pavlov,16,6,SEAT,973,338,2.878698224852071
Pavlov,16,7,SEAT,1241,455,2.7274725274725276
Pavlov,16,8,SEAT,1065,393,2.7099236641221376
Pavlov,16,9,SEAT,1439,536,2.6847014925373136
Pavlov,16,10,SEAT,1376,487,2.8254620123203287
Pavlov,16,11,SEAT,1284,454,2.828193832599119
Pavlov,16,12,TitForTat,1019,377,2.702917771883289
Pavlov,16,13,TitForTat,1282,485,2.643298969072165
Pavlov,16,14,TitForTat,1456,539,2.7012987012987013
Pavlov,16,15,TitForTat,1444,513,2.814814814814815
Pavlov,16,16,Grudger,1575,567,2.7777777777777777
Pavlov,16,17,Grudger,1187,420,2.8261904761904764
Pavlov,16,18,AlwaysDefect,925,393,2.3536895674300253
Pavlov,16,19,AlwaysDefect,1218,514,2.369649805447471
Pavlov,16,20,Random,976,447,2.1834451901565997
Pavlov,16,21,Random,995,516,1.928294573643411
Pavlov,16,22,Pavlov,1312,462,2.83982683982684
Pavlov,16,23,Pavlov,1355,521,2.600767754318618
Pavlov,17,0,SEAT,1186,440,2.6954545454545453
Pavlov,17,1,SEAT,1322,463,2.8552915766738662
Pavlov,17,2,SEAT,996,390,2.5538461538461537
Pavlov,17,3,SEAT,1353,513,2.6374269005847952
Pavlov,17,4,SEAT,1191,458,2.6004366812227073
Pavlov,17,5,SEAT,1245,473,2.632135306553911
Pavlov,17,6,SEAT,1576,587,2.684838160136286
Pavlov,17,7,SEAT,1145,438,2.6141552511415527
Pavlov,17,8,SEAT,1241,439,2.826879271070615
Pavlov,17,9,SEAT,1417,528,2.683712121212121
Pavlov,17,10,SEAT,1032,405,2.5481481481481483
Pavlov,17,11,SEAT,1110,427,2.5995316159250588
Pavlov,17,12,TitForTat,1295,480,2.6979166666666665
Pavlov,17,13,TitForTat,1215,464,2.6185344827586206
Pavlov,17,14,TitForTat,1357,490,2.769387755102041
Pavlov,17,15,TitForTat,1258,477,2.6373165618448637
Pavlov,17,16,Grudger,1095,397,2.7581863979848866
Pavlov,17,17,Grudger,1366,478,2.8577405857740588
Pavlov,17,18,AlwaysDefect,1207,507,2.380670611439842
Pavlov,17,19,AlwaysDefect,1411,555,2.542342342342342
Pavlov,17,20,Random,851,403,2.1116625310173696
Pavlov,17,21,Random,949,471,2.0148619957537157
Pavlov,17,22,Pavlov,1447,533,2.7148217636022514
Pavlov,17,23,Pavlov,1211,412,2.9393203883495147
Pavlov,18,0,SEAT,1323,481,2.7505197505197505
Pavlov,18,1,SEAT,1015,398,2.550251256281407
Pavlov,18,2,SEAT,1039,389,2.670951156812339
Pavlov,18,3,SEAT,1171,415,2.8216867469879516
Pavlov,18,4,SEAT,1017,378,2.6904761904761907
Pavlov,18,5,SEAT,1467,522,2.810344827586207
Pavlov,18,6,SEAT,1120,390,2.871794871794872
Pavlov,18,7,SEAT,1210,457,2.647702407002188
Pavlov,18,8,SEAT,837,312,2.6826923076923075
Pavlov,18,9,SEAT,1507,567,2.6578483245149913
Pavlov,18,10,SEAT,1192,452,2.6371681415929205
Pavlov,18,11,SEAT,942,351,2.6837606837606836
Pavlov,18,12,TitForTat,1341,491,2.7311608961303464
Pavlov,18,13,TitForTat,1136,391,2.9053708439897696
Pavlov,18,14,TitForTat,1264,461,2.7418655097613884
Pavlov,18,15,TitForTat,1182,411,2.875912408759124
Pavlov,18,16,Grudger,1232,432,2.8518518518518516
Pavlov,18,17,Grudger,953,347,2.7463976945244957
Pavlov,18,18,AlwaysDefect,1078,422,2.5545023696682465
Pavlov,18,19,AlwaysDefect,1173,497,2.3601609657947686
Pavlov,18,20,Random,710,383,1.8537859007832898
Pavlov,18,21,Random,935,439,2.129840546697039
Pavlov,18,22,Pavlov,1384,495,2.7959595959595958
Pavlov,18,23,Pavlov,1249,453,2.7571743929359824
Pavlov,19,0,SEAT,1219,463,2.632829373650108
Pavlov,19,1,SEAT,1354,512,2.64453125
Pavlov,19,2,SEAT,1197,437,2.739130434782609
Pavlov,19,3,SEAT,1234,441,2.798185941043084
Pavlov,19,4,SEAT,1254,454,2.762114537444934
Pavlov,19,5,SEAT,1276,481,2.6528066528066527
Pavlov,19,6,SEAT,1225,440,2.784090909090909
Pavlov,19,7,SEAT,1337,494,2.7064777327935223
Pavlov,19,8,SEAT,1179,451,2.614190687361419
Pavlov,19,9,SEAT,1273,438,2.906392694063927
Pavlov,19,10,SEAT,1049,389,2.696658097686375
Pavlov,19,11,SEAT,1166,449,2.596881959910913
Pavlov,19,12,TitForTat,1244,447,2.7829977628635345
Pavlov,19,13,TitForTat,1502,541,2.77634011090573
Pavlov,19,14,TitForTat,1347,503,2.6779324055666005
Pavlov,19,15,TitForTat,1278,470,2.7191489361702126
Pavlov,19,16,Grudger,1084,370,2.9297297297297296
Pavlov,19,17,Grudger,1243,437,2.8443935926773456
Pavlov,19,18,AlwaysDefect,1199,511,2.3463796477495107
Pavlov,19,19,AlwaysDefect,1342,522,2.57088122605364
Pavlov,19,20,Random,897,439,2.0432801822323463
Pavlov,19,21,Random,710,364,1.9505494505494505
Pavlov,19,22,Pavlov,974,384,2.5364583333333335
Pavlov,19,23,Pavlov,1340,493,2.718052738336714
Pavlov,20,0,SEAT,1380,503,2.743538767395626
Pavlov,20,1,SEAT,1137,425,2.675294117647059
Pavlov,20,2,SEAT,1543,539,2.862708719851577
Pavlov,20,3,SEAT,1367,505,2.706930693069307
Pavlov,20,4,SEAT,1254,451,2.7804878048780486
Pavlov,20,5,SEAT,1053,389,2.7069408740359897
Pavlov,20,6,SEAT,1152,445,2.58876404494382
Pavlov,20,7,SEAT,1147,400,2.8675
Pavlov,20,8,SEAT,1369,494,2.7712550607287447
Pavlov,20,9,SEAT,1246,465,2.6795698924731184
Pavlov,20,10,SEAT,1111,424,2.6202830188679247
Pavlov,20,11,SEAT,1237,451,2.7427937915742793
Pavlov,20,12,TitForTat,1166,429,2.717948717948718
Pavlov,20,13,TitForTat,1321,470,2.8106382978723405
Pavlov,20,14,TitForTat,1299,483,2.68944099378882
Pavlov,20,15,TitForTat,1234,427,2.889929742388759
Pavlov,20,16,Grudger,1232,425,2.898823529411765
Pavlov,20,17,Grudger,1401,493,2.841784989858012
Pavlov,20,18,AlwaysDefect,1055,411,2.5669099756690996
Pavlov,20,19,AlwaysDefect,940,380,2.473684210526316
Pavlov,20,20,Random,918,465,1.9741935483870967
Pavlov,20,21,Random,903,413,2.1864406779661016
Pavlov,20,22,Pavlov,1230,449,2.739420935412027
Pavlov,20,23,Pavlov,1350,488,2.7663934426229506
